IND, PLAYER, TEAM, AGE, GP, W, L, MIN, DEF_RTG, DREB, DREB%, %DREB, STL, STL%, BLK, %BLK, OPP_PTS/OFF_TOV, OPP_PTS_2ND_CHANCE, OPP_PTS_FB, OPP_PTS_PAINT, DEF_WS
1, Zavier Simpson , MEM, 27, 3, 1, 2, 23.9, 92.6, 1.3, 5.6, 7.4, 1.7, 31.3, 1.0, 42.9, 10.3, 2.7, 6.0, 18.0, 0.213
2, Rudy Gobert , MIN, 31, 72, 51, 21, 34.0, 105.9, 9.1, 25.5, 36.6, 0.6, 12.2, 2.1, 50.5, 12.0, 8.5, 9.4, 30.8, 0.171
3, OG Anunoby , NYK, 26, 46, 27, 19, 34.0, 107.2, 3.3, 9.2, 13.2, 1.4, 24.7, 0.7, 20.8, 10.8, 9.4, 9.7, 34.6, 0.165
4, Anthony Edwards , MIN, 22, 75, 52, 23, 35.1, 107.5, 4.8, 13.2, 19.1, 1.3, 22.7, 0.5, 12.0, 11.9, 8.9, 9.6, 33.7, 0.162
5, Donovan Mitchell , CLE, 27, 53, 34, 19, 35.3, 108.5, 4.3, 11.7, 17.2, 1.8, 29.6, 0.5, 14.7, 11.8, 9.8, 10.1, 34.2, 0.156
6, Franz Wagner , ORL, 22, 70, 43, 27, 32.4, 108.3, 4.3, 13.7, 19.7, 1.0, 18.7, 0.4, 11.3, 10.1, 7.5, 9.9, 31.1, 0.144
7, Karl-Anthony Towns , MIN, 28, 60, 41, 19, 32.8, 108.5, 6.9, 20.5, 29.5, 0.7, 15.2, 0.7, 18.3, 11.0, 8.5, 8.8, 32.3, 0.143
8, Bam Adebayo , MIA, 26, 67, 37, 30, 34.2, 109.4, 8.4, 24.8, 35.6, 1.1, 19.4, 1.0, 37.6, 10.6, 9.4, 9.4, 32.1, 0.140
9, Jayson Tatum , BOS, 26, 72, 57, 15, 35.8, 110.2, 7.3, 18.9, 27.6, 1.0, 20.3, 0.6, 12.1, 9.5, 10.2, 9.5, 35.6, 0.139
10, Maozinha Pereira , MEM, 23, 7, 2, 5, 17.4, 96.5, 3.7, 20.6, 27.4, 0.9, 19.4, 0.6, 33.3, 7.6, 2.1, 6.3, 13.1, 0.138
11, Max Strus , CLE, 28, 67, 41, 26, 32.1, 109.2, 3.8, 11.5, 17.0, 0.9, 16.8, 0.4, 13.8, 11.5, 8.9, 9.4, 30.8, 0.136
12, Naz Reid , MIN, 24, 77, 54, 23, 24.4, 104.6, 4.4, 17.0, 25.1, 0.8, 17.9, 0.9, 26.5, 8.0, 6.5, 6.7, 23.0, 0.135
13, Derrick White , BOS, 29, 71, 58, 13, 32.7, 109.5, 3.6, 10.0, 14.6, 1.0, 22.3, 1.2, 26.0, 8.5, 9.4, 8.6, 32.6, 0.134
14, Mike Conley , MIN, 36, 72, 51, 21, 28.8, 107.3, 2.3, 7.9, 11.6, 1.2, 26.3, 0.2, 5.9, 10.2, 7.9, 7.9, 27.9, 0.134
15, Joel Embiid , PHI, 30, 37, 29, 8, 33.6, 110.3, 8.5, 23.7, 35.3, 1.2, 20.1, 1.7, 43.4, 10.4, 9.4, 10.9, 35.1, 0.132
16, Shai Gilgeous-Alexander , OKC, 25, 71, 51, 20, 34.4, 110.5, 4.7, 12.8, 19.7, 2.1, 34.2, 0.9, 18.8, 9.9, 10.9, 8.6, 33.0, 0.131
17, Nikola Jokic , DEN, 29, 75, 52, 23, 34.6, 110.5, 9.6, 27.3, 38.7, 1.3, 24.5, 0.9, 26.5, 10.6, 8.2, 10.2, 36.2, 0.131
18, Jalen Williams , OKC, 22, 67, 47, 20, 31.7, 109.6, 3.4, 10.1, 15.6, 1.1, 20.8, 0.6, 13.7, 9.1, 10.4, 8.0, 31.7, 0.131
19, Tari Eason , HOU, 22, 22, 12, 10, 21.8, 103.1, 4.9, 20.3, 29.8, 1.4, 36.9, 0.9, 33.3, 6.4, 6.5, 3.9, 20.4, 0.131
20, Marcus Smart , MEM, 30, 20, 7, 13, 30.2, 109.2, 2.4, 7.3, 10.5, 2.1, 37.6, 0.3, 6.5, 10.9, 8.6, 9.8, 27.5, 0.130
21, Gabe Vincent , LAL, 27, 8, 5, 3, 21.3, 102.7, 0.5, 2.2, 3.0, 0.9, 20.6, 0.0, 0.0, 8.5, 6.1, 5.6, 16.8, 0.130
22, Trey Murphy III , NOP, 23, 53, 32, 21, 28.9, 108.2, 4.1, 13.8, 19.7, 0.9, 16.5, 0.5, 17.4, 8.5, 6.9, 7.8, 27.8, 0.129
23, Ja Morant , MEM, 24, 9, 6, 3, 35.3, 111.1, 4.9, 13.4, 20.3, 0.8, 15.2, 0.6, 11.1, 13.0, 10.3, 11.7, 38.0, 0.129
24, Jimmy Butler , MIA, 34, 56, 30, 26, 34.1, 110.6, 3.5, 10.5, 15.2, 1.3, 23.6, 0.3, 11.8, 10.9, 9.4, 9.6, 32.9, 0.128
25, Kyle Anderson , MIN, 30, 75, 53, 22, 22.8, 104.5, 2.8, 11.8, 17.4, 0.9, 22.7, 0.6, 18.7, 7.7, 6.1, 6.0, 21.0, 0.127
26, Fred VanVleet , HOU, 30, 71, 37, 34, 36.7, 111.6, 3.3, 8.8, 12.9, 1.4, 23.8, 0.8, 23.8, 10.9, 9.9, 7.8, 36.2, 0.127
27, Wenyen Gabriel , MEM, 27, 5, 1, 4, 16.2, 96.4, 3.6, 22.0, 30.0, 0.4, 12.5, 0.4, 28.6, 7.6, 3.2, 4.6, 12.8, 0.127
28, Josh Hart , NYK, 29, 77, 45, 32, 33.1, 110.4, 6.6, 20.1, 29.4, 0.9, 17.6, 0.3, 9.9, 9.6, 8.3, 9.0, 31.0, 0.126
29, Jrue Holiday , BOS, 33, 67, 53, 14, 32.9, 110.5, 4.2, 11.6, 17.1, 0.9, 19.9, 0.7, 17.2, 9.1, 9.6, 8.9, 31.8, 0.125
30, Kristaps Porzingis , BOS, 28, 56, 43, 13, 29.7, 109.4, 5.5, 16.2, 23.6, 0.8, 19.5, 1.9, 42.4, 8.2, 8.8, 8.9, 28.7, 0.124
31, Nickeil Alexander-Walker , MIN, 25, 78, 54, 24, 23.5, 105.5, 1.6, 6.7, 9.8, 0.8, 19.5, 0.5, 16.4, 7.4, 5.9, 6.2, 21.8, 0.124
32, Kawhi Leonard , LAC, 32, 68, 44, 24, 34.3, 111.1, 4.9, 13.8, 20.5, 1.6, 27.0, 0.9, 24.3, 10.0, 9.5, 9.3, 33.4, 0.123
33, Evan Mobley , CLE, 22, 47, 27, 20, 30.8, 110.1, 7.2, 22.2, 33.1, 0.9, 18.6, 1.4, 44.7, 11.1, 9.0, 9.2, 29.4, 0.123
34, Chet Holmgren , OKC, 21, 78, 53, 25, 29.8, 109.6, 6.3, 19.7, 30.6, 0.6, 12.9, 2.4, 51.1, 8.4, 10.2, 7.6, 29.0, 0.123
35, Jarrett Allen , CLE, 25, 74, 44, 30, 31.7, 110.4, 7.4, 23.1, 33.7, 0.7, 13.5, 1.1, 36.1, 11.5, 8.4, 9.3, 31.0, 0.122
36, Jaylen Brown , BOS, 27, 68, 52, 16, 33.5, 111.3, 4.4, 11.9, 17.5, 1.2, 25.2, 0.5, 10.7, 9.5, 9.8, 9.6, 33.5, 0.122
37, Paolo Banchero , ORL, 21, 76, 45, 31, 34.9, 111.6, 5.8, 17.3, 25.2, 0.9, 15.2, 0.6, 16.1, 11.7, 9.2, 11.0, 35.1, 0.122
38, Dean Wade , CLE, 27, 54, 36, 18, 20.5, 103.5, 3.4, 15.4, 22.3, 0.7, 21.5, 0.5, 21.0, 7.1, 4.6, 5.8, 20.1, 0.121
39, Jaden McDaniels , MIN, 23, 68, 46, 22, 29.2, 109.2, 2.3, 7.8, 11.3, 0.9, 19.7, 0.6, 18.0, 9.7, 7.8, 7.7, 28.0, 0.120
40, De'Aaron Fox , SAC, 26, 70, 41, 29, 35.8, 112.4, 3.6, 10.2, 14.5, 2.0, 34.8, 0.4, 13.3, 11.8, 7.7, 8.8, 36.1, 0.118
41, Javonte Green , CHI, 30, 5, 3, 2, 21.2, 103.8, 4.6, 20.7, 28.0, 1.0, 33.3, 1.2, 54.5, 8.0, 4.8, 3.6, 18.0, 0.118
42, Kentavious Caldwell-Pope , DEN, 31, 72, 51, 21, 31.8, 110.8, 2.0, 6.1, 8.9, 1.3, 28.0, 0.5, 16.7, 9.9, 8.3, 9.3, 33.8, 0.117
43, Brandon Clarke , MEM, 27, 5, 2, 3, 21.5, 104.9, 3.6, 17.1, 25.4, 0.8, 16.0, 1.0, 35.7, 9.6, 5.2, 7.0, 15.2, 0.116
44, Aaron Gordon , DEN, 28, 70, 47, 23, 31.6, 111.1, 4.1, 13.0, 18.6, 0.8, 16.3, 0.6, 19.9, 10.2, 8.0, 9.3, 34.5, 0.114
45, Al Horford , BOS, 37, 64, 51, 13, 26.9, 109.0, 5.1, 17.8, 25.4, 0.6, 16.5, 0.9, 25.4, 7.4, 7.0, 6.5, 26.3, 0.113
46, Darius Garland , CLE, 24, 55, 29, 26, 33.5, 111.9, 2.1, 6.2, 9.2, 1.3, 25.3, 0.1, 3.6, 12.1, 9.5, 9.5, 32.0, 0.113
47, Damian Lillard , MIL, 33, 70, 46, 24, 35.4, 112.7, 3.9, 10.2, 14.8, 1.0, 20.6, 0.2, 6.3, 11.1, 9.9, 10.9, 38.6, 0.113
48, CJ McCollum , NOP, 32, 62, 39, 23, 32.5, 111.6, 3.8, 11.6, 16.5, 0.9, 17.4, 0.6, 18.6, 9.6, 8.2, 8.8, 31.3, 0.113
49, Alex Caruso , CHI, 30, 68, 33, 35, 28.4, 110.2, 2.9, 10.2, 15.3, 1.6, 34.4, 1.0, 33.0, 8.9, 8.0, 7.4, 25.4, 0.112
50, Herbert Jones , NOP, 25, 72, 43, 29, 30.3, 110.9, 2.5, 8.2, 11.8, 1.4, 27.4, 0.8, 25.4, 9.4, 7.7, 8.0, 28.6, 0.111
51, Jalen Brunson , NYK, 27, 73, 45, 28, 35.3, 112.7, 3.1, 8.8, 12.8, 0.9, 16.6, 0.2, 6.2, 10.3, 9.3, 10.8, 34.8, 0.111
52, Zion Williamson , NOP, 23, 66, 39, 27, 31.4, 111.6, 4.1, 12.6, 18.4, 1.0, 17.6, 0.7, 19.7, 10.5, 8.6, 9.7, 30.4, 0.111
53, Kyrie Irving , DAL, 32, 56, 37, 19, 34.9, 112.7, 4.2, 11.5, 17.4, 1.3, 24.6, 0.4, 11.5, 10.2, 10.2, 10.2, 36.1, 0.110
54, Tyrese Maxey , PHI, 23, 68, 41, 27, 37.6, 113.5, 3.2, 8.6, 13.0, 1.0, 15.8, 0.5, 9.6, 10.5, 10.8, 12.5, 39.8, 0.109
55, Paul George , LAC, 33, 72, 47, 25, 34.1, 112.4, 4.8, 13.8, 20.3, 1.5, 26.9, 0.5, 13.4, 10.2, 9.3, 9.4, 33.3, 0.109
56, Wendell Carter Jr. , ORL, 24, 51, 29, 22, 26.4, 109.2, 5.2, 21.1, 29.8, 0.7, 14.5, 0.5, 25.2, 9.0, 6.3, 8.3, 24.6, 0.109
57, Kevin Durant , PHX, 35, 71, 41, 30, 37.1, 113.6, 6.2, 15.7, 23.3, 0.9, 15.8, 1.2, 28.2, 14.2, 11.0, 11.3, 39.9, 0.109
58, Tyler Herro , MIA, 24, 38, 20, 18, 33.3, 112.5, 4.8, 14.3, 21.0, 0.8, 15.0, 0.1, 3.3, 11.5, 9.9, 10.3, 35.6, 0.108
59, Brandon Ingram , NOP, 26, 63, 38, 25, 33.0, 112.2, 4.4, 13.2, 18.8, 0.8, 14.9, 0.6, 18.9, 10.6, 8.7, 9.5, 32.1, 0.108
60, Jaime Jaquez Jr. , MIA, 23, 71, 41, 30, 28.3, 110.5, 2.7, 9.3, 13.6, 1.0, 24.8, 0.2, 11.5, 9.1, 7.9, 7.4, 27.2, 0.108
61, Victor Wembanyama , SAS, 20, 69, 17, 52, 29.5, 111.2, 8.4, 27.5, 39.2, 1.3, 27.6, 3.6, 70.6, 11.6, 7.9, 8.6, 32.0, 0.107
62, Michael Porter Jr. , DEN, 25, 77, 54, 23, 31.8, 112.0, 5.7, 17.9, 25.5, 0.5, 11.5, 0.6, 20.6, 9.6, 7.8, 9.4, 33.4, 0.106
63, Giannis Antetokounmpo , MIL, 29, 72, 44, 28, 35.3, 113.4, 8.9, 23.8, 34.5, 1.2, 24.0, 1.1, 28.2, 10.6, 9.5, 9.0, 37.3, 0.106
64, Brook Lopez , MIL, 36, 75, 46, 29, 30.7, 111.9, 3.8, 11.3, 16.0, 0.6, 14.8, 2.4, 66.1, 9.7, 8.7, 9.5, 33.2, 0.105
65, Jalen Suggs , ORL, 22, 71, 42, 29, 26.9, 110.4, 2.4, 9.5, 13.5, 1.4, 30.2, 0.6, 22.2, 9.8, 6.5, 8.5, 26.5, 0.104
66, Jamal Murray , DEN, 27, 55, 41, 14, 31.9, 112.3, 3.4, 10.4, 15.5, 0.9, 19.8, 0.6, 15.3, 11.1, 9.1, 9.6, 34.7, 0.104
67, Draymond Green , GSW, 34, 53, 32, 21, 26.8, 110.5, 5.8, 19.9, 28.8, 1.0, 24.8, 0.8, 32.4, 9.2, 6.9, 8.4, 26.1, 0.104
68, Julius Randle , NYK, 29, 46, 29, 17, 35.4, 113.8, 7.0, 19.8, 28.6, 0.5, 9.9, 0.3, 9.0, 11.7, 8.8, 11.7, 35.7, 0.103
69, LeBron James , LAL, 39, 68, 39, 29, 35.1, 113.4, 6.4, 17.1, 25.1, 1.2, 21.9, 0.5, 13.2, 12.3, 10.9, 11.6, 37.3, 0.103
70, Luka Doncic , DAL, 25, 68, 44, 24, 37.5, 114.2, 8.4, 21.7, 32.2, 1.5, 26.4, 0.5, 13.8, 11.3, 10.4, 12.7, 39.6, 0.103
71, Caris LeVert , CLE, 29, 66, 36, 30, 28.8, 111.5, 3.6, 12.2, 18.4, 1.1, 25.6, 0.5, 17.3, 9.7, 8.2, 8.3, 27.8, 0.103
72, Duncan Robinson , MIA, 29, 68, 38, 30, 28.0, 111.0, 2.3, 8.4, 12.1, 0.7, 15.9, 0.2, 10.8, 9.1, 7.6, 7.7, 26.7, 0.102
73, T.J. Warren , MIN, 30, 10, 6, 4, 12.3, 96.3, 1.7, 13.2, 17.7, 0.4, 16.0, 0.1, 7.7, 3.4, 2.5, 4.0, 13.2, 0.102
74, Isaac Okoro , CLE, 23, 66, 39, 27, 27.4, 110.8, 2.0, 7.2, 10.6, 0.8, 20.4, 0.5, 18.2, 10.0, 6.8, 7.8, 26.7, 0.102
75, Tobias Harris , PHI, 31, 67, 38, 29, 33.9, 113.3, 5.3, 15.6, 23.2, 1.0, 17.6, 0.6, 14.0, 9.6, 9.2, 10.9, 36.0, 0.102
76, DeMar DeRozan , CHI, 34, 76, 36, 40, 37.7, 114.4, 3.8, 10.0, 14.9, 1.1, 19.0, 0.6, 15.5, 11.8, 10.3, 9.9, 35.1, 0.101
77, Devin Booker , PHX, 27, 64, 40, 24, 35.8, 114.0, 3.8, 10.1, 15.1, 0.9, 17.1, 0.4, 10.1, 13.0, 10.4, 10.2, 36.2, 0.101
78, Sam Hauser , BOS, 26, 75, 60, 15, 21.7, 107.5, 2.9, 12.2, 17.9, 0.5, 16.5, 0.3, 10.5, 5.9, 6.0, 4.9, 21.4, 0.100
79, Caleb Martin , MIA, 28, 60, 33, 27, 27.3, 110.7, 3.3, 12.1, 17.7, 0.7, 17.9, 0.4, 23.1, 8.3, 7.3, 6.7, 24.2, 0.100
80, Markelle Fultz , ORL, 25, 39, 24, 15, 21.4, 107.6, 1.9, 9.3, 13.5, 1.0, 23.6, 0.3, 20.0, 6.9, 5.7, 6.7, 21.4, 0.100
81, Tristan Vukcevic , WAS, 21, 9, 3, 6, 14.6, 100.0, 3.2, 18.8, 28.2, 0.4, 16.0, 0.7, 40.0, 4.6, 5.2, 4.0, 17.3, 0.099
82, Anthony Davis , LAL, 31, 74, 43, 31, 35.5, 114.0, 9.5, 25.2, 36.6, 1.2, 21.9, 2.4, 53.0, 11.9, 10.5, 11.6, 36.5, 0.099
83, Keegan Murray , SAC, 23, 73, 42, 31, 33.5, 113.4, 4.0, 12.5, 17.6, 1.0, 17.8, 0.8, 28.0, 11.3, 7.0, 7.5, 34.1, 0.099
84, Robert Covington , PHI, 33, 29, 20, 9, 16.8, 103.6, 2.3, 12.7, 19.8, 1.3, 36.8, 0.6, 32.7, 6.1, 5.0, 5.6, 16.0, 0.098
85, Malik Beasley , MIL, 27, 75, 44, 31, 29.8, 112.4, 3.2, 9.8, 14.0, 0.8, 19.2, 0.1, 3.5, 8.9, 8.2, 9.1, 32.3, 0.098
86, Isaiah Hartenstein , NYK, 25, 72, 44, 28, 25.1, 110.3, 5.1, 20.3, 29.2, 1.2, 27.7, 1.1, 47.6, 7.2, 6.3, 7.3, 23.9, 0.098
87, Jonathan Isaac , ORL, 26, 54, 34, 20, 15.3, 101.7, 3.1, 19.6, 30.4, 0.7, 24.5, 1.2, 55.6, 4.7, 3.3, 4.3, 13.0, 0.097
88, Vince Williams Jr. , MEM, 23, 52, 18, 34, 27.6, 111.4, 4.4, 16.3, 24.9, 0.9, 18.9, 0.7, 16.9, 9.9, 7.9, 7.9, 28.8, 0.097
89, Alperen Sengun , HOU, 21, 63, 29, 34, 32.5, 113.2, 6.4, 19.3, 28.1, 1.2, 24.1, 0.7, 27.7, 9.3, 9.2, 7.3, 31.8, 0.097
90, De'Anthony Melton , PHI, 25, 36, 23, 13, 27.8, 111.9, 3.1, 11.0, 16.4, 1.6, 30.3, 0.4, 12.2, 8.4, 7.1, 8.6, 30.9, 0.097
91, Jusuf Nurkic , PHX, 29, 73, 45, 28, 27.3, 111.5, 8.0, 28.2, 39.7, 1.0, 24.7, 1.0, 35.5, 9.9, 6.6, 8.1, 28.4, 0.096
92, Chris Paul , GSW, 38, 54, 30, 24, 26.4, 110.9, 3.5, 12.6, 19.1, 1.2, 29.9, 0.1, 4.5, 8.7, 7.9, 6.9, 25.8, 0.096
93, Bradley Beal , PHX, 30, 49, 30, 19, 33.1, 113.7, 3.2, 9.5, 14.1, 1.0, 18.7, 0.4, 11.6, 12.8, 9.6, 10.7, 34.7, 0.096
94, Naji Marshall , NOP, 26, 65, 40, 25, 19.3, 106.7, 2.9, 14.1, 21.1, 0.8, 21.1, 0.2, 11.3, 6.0, 5.2, 5.6, 17.9, 0.096
95, D'Angelo Russell , LAL, 28, 73, 44, 29, 32.5, 113.6, 2.8, 8.0, 11.7, 0.9, 18.4, 0.5, 11.7, 10.2, 10.5, 10.8, 36.0, 0.095
96, Jose Alvarado , NOP, 25, 52, 35, 17, 17.9, 105.5, 1.8, 9.6, 14.8, 1.1, 29.8, 0.3, 17.6, 5.8, 4.8, 5.2, 16.5, 0.094
97, Luguentz Dort , OKC, 24, 76, 51, 25, 28.6, 112.3, 2.7, 9.0, 13.8, 0.9, 18.5, 0.6, 15.6, 8.7, 9.4, 7.8, 27.7, 0.094
98, Mikal Bridges , BKN, 27, 79, 31, 48, 35.2, 114.5, 3.8, 10.7, 15.9, 1.0, 21.1, 0.4, 9.4, 10.9, 10.1, 11.3, 36.0, 0.094
99, GG Jackson , MEM, 19, 44, 14, 30, 24.7, 110.6, 3.0, 11.7, 18.2, 0.5, 10.8, 0.5, 15.4, 10.6, 7.5, 8.8, 25.9, 0.093
100, Brandin Podziemski , GSW, 21, 70, 38, 32, 26.7, 111.5, 4.2, 14.9, 21.5, 0.8, 21.9, 0.2, 7.6, 9.3, 7.9, 7.8, 26.9, 0.093
101, Royce O'Neale , PHX, 30, 75, 35, 40, 24.6, 110.6, 3.9, 15.2, 22.8, 0.7, 18.1, 0.6, 19.3, 9.0, 6.7, 7.5, 23.6, 0.093
102, Gary Harris , ORL, 29, 51, 34, 17, 23.7, 110.1, 1.2, 5.5, 8.0, 0.9, 22.2, 0.3, 10.5, 7.4, 6.7, 6.8, 23.5, 0.093
103, Amen Thompson , HOU, 21, 58, 27, 31, 21.4, 109.2, 4.1, 18.8, 27.4, 1.2, 28.0, 0.6, 26.6, 7.0, 5.4, 6.0, 21.8, 0.092
104, Kyle Lowry , PHI, 38, 58, 30, 28, 28.3, 112.2, 2.7, 9.7, 14.5, 1.0, 22.3, 0.4, 14.7, 9.7, 7.4, 9.0, 27.0, 0.092
105, Eric Gordon , PHX, 35, 65, 39, 26, 28.0, 112.4, 1.6, 5.3, 8.2, 0.9, 21.1, 0.4, 11.3, 11.0, 8.9, 8.1, 29.5, 0.092
106, Jaren Jackson Jr. , MEM, 24, 66, 22, 44, 32.2, 113.9, 4.2, 13.2, 20.1, 1.2, 22.2, 1.6, 37.1, 11.3, 9.6, 10.1, 31.4, 0.091
107, Monte Morris , MIN, 28, 29, 19, 10, 15.1, 103.0, 1.5, 9.8, 13.8, 0.7, 23.8, 0.2, 11.7, 4.3, 3.0, 5.5, 15.1, 0.091
108, Payton Pritchard , BOS, 26, 78, 62, 16, 21.9, 109.1, 2.3, 10.1, 15.0, 0.5, 16.2, 0.1, 2.8, 5.8, 5.9, 5.5, 21.7, 0.091
109, Cole Anthony , ORL, 23, 77, 46, 31, 22.6, 109.7, 3.1, 14.2, 21.5, 0.8, 21.3, 0.5, 18.1, 7.7, 5.9, 6.5, 22.1, 0.090
110, Dillon Brooks , HOU, 28, 69, 34, 35, 31.0, 113.6, 2.7, 8.3, 12.5, 0.9, 18.7, 0.1, 4.9, 10.2, 9.0, 7.0, 31.2, 0.090
111, Jalen Green , HOU, 22, 78, 38, 40, 31.9, 113.9, 4.6, 14.2, 20.8, 0.8, 17.6, 0.4, 13.5, 9.7, 9.2, 7.8, 32.8, 0.090
112, Jabari Smith Jr. , HOU, 20, 72, 36, 36, 31.8, 113.9, 6.4, 19.6, 28.9, 0.7, 15.5, 0.8, 28.4, 9.5, 9.1, 7.2, 32.0, 0.090
113, Jonathan Kuminga , GSW, 21, 71, 37, 34, 26.3, 112.0, 3.6, 12.7, 18.6, 0.7, 18.1, 0.5, 20.1, 8.9, 7.2, 8.0, 27.6, 0.090
114, Grayson Allen , PHX, 28, 71, 42, 29, 33.6, 114.6, 3.3, 9.2, 13.7, 0.9, 18.7, 0.6, 15.9, 12.7, 9.8, 9.7, 35.7, 0.089
115, Tre Jones , SAS, 24, 73, 18, 55, 27.6, 112.5, 2.8, 10.0, 14.6, 1.0, 23.1, 0.1, 2.8, 10.6, 8.1, 7.5, 31.2, 0.089
116, Nikola Jovic , MIA, 20, 42, 21, 21, 18.8, 107.4, 3.5, 18.8, 25.8, 0.5, 16.5, 0.3, 23.0, 5.8, 5.1, 4.3, 18.7, 0.088
117, Toumani Camara , POR, 23, 70, 19, 51, 24.8, 111.5, 2.9, 11.9, 18.2, 0.9, 22.7, 0.5, 22.1, 9.8, 7.1, 8.8, 26.5, 0.088
118, Larry Nance Jr. , NOP, 31, 59, 33, 26, 19.8, 108.4, 3.5, 17.9, 26.6, 1.0, 27.0, 0.3, 18.8, 6.7, 4.9, 5.6, 18.7, 0.088
119, Devin Vassell , SAS, 23, 68, 17, 51, 33.1, 114.6, 3.4, 10.2, 15.0, 1.1, 20.3, 0.3, 7.8, 13.5, 9.7, 10.1, 39.5, 0.087
120, Jae'Sean Tate , HOU, 28, 65, 32, 33, 15.9, 105.0, 2.1, 12.7, 18.1, 0.6, 21.6, 0.2, 16.0, 4.6, 4.5, 3.6, 15.0, 0.087
121, Dereon Seabron , NOP, 23, 6, 3, 3, 9.2, 92.5, 1.0, 8.2, 12.5, 0.3, 33.3, 0.2, 16.7, 4.0, 2.2, 1.8, 8.7, 0.086
122, Coby White , CHI, 24, 75, 35, 40, 36.4, 115.5, 4.1, 11.1, 16.4, 0.7, 12.6, 0.2, 6.7, 11.7, 10.4, 9.6, 34.2, 0.086
123, Jalen Johnson , ATL, 22, 55, 27, 28, 33.9, 115.1, 7.4, 21.0, 31.1, 1.2, 22.1, 0.9, 24.1, 11.3, 9.7, 12.6, 36.9, 0.086
124, Dorian Finney-Smith , BKN, 30, 68, 28, 40, 28.4, 113.2, 3.1, 10.7, 15.9, 0.8, 20.8, 0.6, 19.3, 8.6, 8.0, 8.4, 29.1, 0.086
125, Domantas Sabonis , SAC, 27, 78, 45, 33, 35.8, 115.3, 10.2, 29.8, 41.6, 0.9, 15.5, 0.6, 22.2, 12.2, 7.6, 8.7, 36.8, 0.086
126, Zach LaVine , CHI, 29, 25, 10, 15, 34.9, 115.3, 4.8, 13.4, 20.9, 0.8, 16.5, 0.3, 10.3, 9.8, 11.2, 9.8, 30.7, 0.085
127, Bogdan Bogdanovic , ATL, 31, 75, 35, 40, 30.4, 114.0, 2.8, 9.3, 13.6, 1.2, 25.1, 0.3, 12.3, 9.8, 7.9, 9.9, 31.4, 0.084
128, Adama Sanogo , CHI, 22, 6, 1, 5, 2.5, 15.2, 1.0, 37.5, 50.0, 0.0, 0.0, 0.0, 0.0, 0.3, 0.0, 0.3, 0.3, 0.084
129, Josh Giddey , OKC, 21, 77, 53, 24, 25.2, 112.2, 5.0, 18.9, 28.9, 0.6, 16.0, 0.5, 14.6, 7.5, 8.4, 6.8, 25.9, 0.084
130, Jarred Vanderbilt , LAL, 25, 29, 14, 15, 20.0, 109.4, 3.3, 16.4, 24.1, 1.2, 29.5, 0.2, 8.1, 7.8, 5.9, 7.0, 19.9, 0.084
131, Kaiser Gates , NOP, 27, 1, 0, 1, 7.4, 88.2, 1.0, 9.1, 20.0, 0.0, 0.0, 0.0, 0.0, 3.0, 4.0, 0.0, 6.0, 0.083
132, Stephen Curry , GSW, 36, 71, 41, 30, 32.7, 114.9, 3.9, 11.4, 16.6, 0.7, 15.7, 0.3, 11.9, 12.1, 8.7, 10.9, 34.3, 0.083
133, Desmond Bane , MEM, 25, 42, 14, 28, 34.4, 115.4, 3.5, 10.4, 15.3, 1.0, 18.8, 0.5, 12.4, 13.5, 9.9, 10.9, 32.3, 0.083
134, James Harden , LAC, 34, 71, 46, 25, 34.6, 115.2, 4.7, 13.5, 20.1, 1.1, 19.2, 0.8, 22.2, 10.6, 9.5, 9.9, 35.0, 0.083
135, Haywood Highsmith , MIA, 27, 62, 36, 26, 20.3, 109.5, 2.1, 10.6, 15.4, 0.8, 25.4, 0.5, 29.3, 7.2, 5.8, 5.8, 19.2, 0.083
136, Reggie Jackson , DEN, 33, 78, 54, 24, 22.2, 110.8, 1.5, 6.4, 9.6, 0.5, 17.1, 0.1, 5.7, 7.8, 6.2, 5.8, 22.3, 0.083
137, Nic Claxton , BKN, 24, 68, 26, 42, 29.8, 114.2, 7.2, 23.9, 36.0, 0.7, 16.3, 2.0, 58.4, 9.3, 8.5, 10.5, 30.2, 0.082
138, Nicolas Batum , PHI, 35, 57, 33, 24, 25.4, 112.4, 3.0, 11.5, 17.6, 0.8, 19.2, 0.6, 18.5, 7.8, 7.2, 7.4, 27.0, 0.082
139, Isaiah Joe , OKC, 24, 74, 50, 24, 18.8, 108.6, 1.9, 9.8, 15.4, 0.6, 16.7, 0.3, 12.2, 6.4, 5.7, 4.3, 17.0, 0.082
140, Quentin Grimes , DET, 23, 51, 32, 19, 20.1, 109.1, 1.7, 8.0, 11.9, 0.7, 24.0, 0.1, 8.0, 6.1, 5.7, 6.2, 20.4, 0.082
141, Jaylen Nowell , DET, 24, 11, 3, 8, 17.7, 107.4, 1.4, 7.4, 12.3, 0.4, 10.5, 0.2, 7.1, 3.8, 6.0, 4.4, 18.0, 0.082
142, Isaiah Stewart , DET, 22, 46, 9, 37, 30.9, 114.5, 5.0, 16.1, 22.8, 0.4, 9.6, 0.8, 24.7, 12.7, 8.7, 8.2, 34.3, 0.082
143, Donte DiVincenzo , NYK, 27, 77, 46, 31, 28.4, 113.8, 2.8, 10.2, 14.9, 1.3, 28.3, 0.5, 17.9, 8.9, 7.5, 8.4, 27.6, 0.082
144, Kelly Oubre Jr. , PHI, 28, 65, 37, 28, 30.4, 114.5, 3.6, 11.9, 18.1, 1.2, 22.0, 0.6, 17.3, 9.1, 9.0, 10.0, 30.8, 0.081
145, Rui Hachimura , LAL, 26, 65, 38, 27, 26.6, 113.1, 3.4, 11.7, 17.2, 0.6, 14.6, 0.4, 11.9, 8.6, 8.2, 8.2, 29.0, 0.081
146, Jake LaRavia , MEM, 22, 32, 8, 24, 21.3, 110.4, 2.1, 9.2, 14.3, 0.8, 23.9, 0.3, 11.1, 9.5, 6.8, 6.8, 19.8, 0.081
147, Christian Braun , DEN, 22, 78, 54, 24, 19.9, 109.8, 2.7, 12.6, 19.5, 0.5, 16.9, 0.4, 15.5, 6.8, 6.0, 4.8, 19.7, 0.081
148, Pascal Siakam , IND, 30, 77, 36, 41, 33.4, 115.2, 5.4, 15.9, 23.3, 0.8, 17.2, 0.3, 8.7, 10.2, 9.2, 8.9, 37.8, 0.081
149, Immanuel Quickley , TOR, 24, 66, 28, 38, 29.1, 114.1, 3.5, 11.9, 17.7, 0.7, 16.1, 0.1, 5.1, 8.8, 8.3, 8.0, 30.1, 0.080
150, Norman Powell , LAC, 30, 74, 47, 27, 26.2, 113.3, 2.3, 8.5, 13.0, 0.6, 13.9, 0.3, 9.7, 8.7, 7.8, 8.2, 27.1, 0.080
151, Ivica Zubac , LAC, 27, 66, 41, 25, 26.6, 113.0, 6.3, 23.5, 33.7, 0.3, 7.9, 1.2, 47.1, 8.3, 7.2, 7.5, 25.1, 0.080
152, Scottie Barnes , TOR, 22, 60, 22, 38, 34.9, 115.8, 5.9, 16.7, 25.1, 1.3, 22.8, 1.5, 38.1, 11.4, 10.8, 9.0, 38.8, 0.080
153, DeJon Jarreau , MEM, 26, 9, 2, 7, 16.6, 107.5, 4.0, 23.8, 32.4, 0.7, 22.2, 0.2, 14.3, 5.1, 3.4, 6.3, 14.4, 0.080
154, Lamar Stevens , MEM, 26, 37, 22, 15, 14.1, 104.0, 2.4, 15.1, 23.8, 0.6, 23.2, 0.5, 26.9, 5.6, 4.2, 4.1, 12.5, 0.079
155, Ashton Hagans , POR, 24, 18, 3, 15, 16.8, 106.9, 1.7, 10.1, 16.1, 0.6, 22.7, 0.5, 26.5, 6.6, 4.3, 4.6, 15.0, 0.079
156, Nikola Vucevic , CHI, 33, 73, 35, 38, 34.1, 115.7, 7.8, 23.1, 34.2, 0.7, 13.2, 0.8, 25.2, 11.2, 9.6, 9.4, 32.1, 0.079
157, Dyson Daniels , NOP, 21, 57, 31, 26, 22.1, 111.5, 2.8, 12.2, 18.6, 1.4, 34.8, 0.4, 19.0, 7.1, 6.3, 5.8, 21.3, 0.079
158, Deandre Ayton , POR, 25, 52, 14, 38, 32.5, 115.3, 7.9, 25.0, 37.4, 1.0, 19.0, 0.8, 28.1, 12.9, 8.8, 11.0, 36.8, 0.078
159, Derrick Rose , MEM, 35, 24, 6, 18, 16.6, 107.7, 1.6, 8.9, 13.3, 0.3, 13.1, 0.1, 4.3, 5.5, 5.8, 3.5, 16.3, 0.078
160, Miles McBride , NYK, 23, 65, 39, 26, 19.5, 109.6, 1.0, 5.4, 8.1, 0.8, 24.3, 0.1, 6.6, 6.2, 4.9, 4.9, 18.1, 0.078
161, Ausar Thompson , DET, 21, 63, 10, 53, 25.1, 113.1, 4.3, 17.3, 25.2, 1.1, 31.8, 0.9, 33.1, 9.8, 6.9, 7.7, 26.3, 0.078
162, Timmy Allen , MEM, 24, 1, 0, 1, 26.1, 113.2, 2.0, 9.1, 11.8, 0.0, 0.0, 0.0, 0.0, 9.0, 4.0, 6.0, 18.0, 0.077
163, Ben Simmons , BKN, 27, 15, 7, 8, 23.9, 113.0, 5.9, 24.1, 33.5, 0.8, 22.2, 0.6, 26.5, 8.1, 5.7, 8.3, 25.5, 0.077
164, Austin Reaves , LAL, 25, 79, 45, 34, 32.2, 115.4, 3.7, 10.9, 15.9, 0.8, 17.9, 0.3, 7.5, 11.0, 9.6, 11.0, 34.3, 0.077
165, Malcolm Brogdon , POR, 31, 39, 15, 24, 28.7, 114.5, 3.1, 10.8, 16.7, 0.7, 15.7, 0.2, 7.0, 11.0, 8.8, 9.1, 33.4, 0.077
166, Kevin Love , MIA, 35, 51, 28, 23, 17.2, 108.5, 5.1, 29.0, 43.0, 0.3, 14.0, 0.2, 21.7, 5.5, 3.8, 4.2, 16.9, 0.077
167, Xavier Tillman , BOS, 25, 50, 28, 22, 18.6, 109.5, 2.8, 15.2, 22.9, 1.0, 27.0, 0.8, 33.3, 6.6, 5.3, 5.7, 18.9, 0.077
168, Matt Ryan , NOP, 26, 26, 13, 13, 14.8, 106.5, 1.3, 7.8, 12.4, 0.2, 9.8, 0.0, 2.6, 6.0, 5.0, 4.3, 16.0, 0.076
169, Ryan Rollins , MIL, 21, 11, 1, 10, 6.1, 82.9, 0.8, 11.8, 20.9, 0.7, 36.4, 0.3, 20.0, 1.4, 1.6, 1.5, 4.4, 0.076
170, Aaron Holiday , HOU, 27, 75, 37, 38, 16.2, 107.7, 1.3, 7.6, 11.1, 0.5, 19.5, 0.1, 5.1, 5.1, 4.5, 3.9, 16.1, 0.076
171, Matt Hurt , MEM, 23, 8, 2, 6, 14.2, 104.8, 0.9, 6.0, 10.0, 0.4, 16.7, 0.4, 25.0, 6.1, 5.8, 2.8, 14.8, 0.076
172, Dennis Smith Jr. , BKN, 26, 56, 19, 37, 18.9, 109.9, 2.0, 10.8, 16.6, 1.2, 37.6, 0.2, 13.3, 5.9, 5.2, 4.9, 17.6, 0.075
173, Derrick Jones Jr. , DAL, 27, 73, 45, 28, 23.5, 112.7, 2.3, 9.1, 13.9, 0.7, 20.4, 0.7, 24.4, 7.7, 6.9, 8.0, 25.2, 0.075
174, Anthony Black , ORL, 20, 66, 38, 28, 17.2, 108.9, 1.6, 9.4, 13.9, 0.5, 18.6, 0.3, 14.0, 6.6, 4.2, 5.8, 17.8, 0.075
175, Evan Fournier , DET, 31, 28, 7, 21, 17.2, 108.6, 1.6, 9.0, 13.5, 1.0, 28.1, 0.1, 9.3, 7.2, 4.6, 5.2, 18.4, 0.074
176, Josh Richardson , MIA, 30, 43, 24, 19, 25.6, 113.7, 2.4, 9.4, 14.0, 0.6, 15.1, 0.3, 21.5, 8.9, 7.3, 6.1, 25.9, 0.074
177, Shaedon Sharpe , POR, 20, 32, 8, 24, 33.1, 116.0, 3.7, 11.6, 18.6, 0.9, 15.9, 0.4, 12.4, 12.2, 10.3, 11.5, 39.2, 0.074
178, Ayo Dosunmu , CHI, 24, 76, 37, 39, 29.1, 114.9, 2.1, 7.2, 10.8, 0.9, 19.9, 0.5, 15.8, 9.4, 8.4, 8.0, 27.7, 0.074
179, Tre Mann , CHA, 23, 37, 19, 18, 23.3, 112.4, 3.1, 13.6, 21.2, 1.1, 29.6, 0.1, 3.8, 7.5, 7.1, 6.4, 24.1, 0.074
180, Maxi Kleber , DAL, 32, 40, 25, 15, 20.5, 111.3, 2.7, 12.6, 18.2, 0.4, 16.2, 0.7, 37.1, 6.8, 5.4, 6.1, 20.9, 0.074
181, Jeremy Sochan , SAS, 20, 74, 18, 56, 29.6, 115.0, 4.6, 15.3, 22.3, 0.8, 19.0, 0.5, 13.7, 11.9, 8.3, 9.0, 34.6, 0.074
182, Peyton Watson , DEN, 21, 76, 53, 23, 18.4, 110.0, 2.4, 11.8, 18.5, 0.5, 21.4, 1.0, 38.9, 6.7, 5.7, 4.8, 18.7, 0.073
183, Dennis Schroder , BKN, 30, 79, 29, 50, 31.0, 115.5, 2.5, 8.1, 12.0, 0.8, 17.9, 0.2, 7.5, 9.7, 8.9, 9.2, 33.1, 0.073
184, Trey Lyles , SAC, 28, 54, 32, 22, 20.1, 111.2, 3.4, 16.5, 24.1, 0.3, 10.9, 0.3, 16.2, 6.8, 4.9, 5.0, 19.2, 0.073
185, Precious Achiuwa , NYK, 24, 71, 37, 34, 22.3, 112.4, 4.0, 18.1, 27.7, 0.6, 18.9, 0.9, 40.5, 7.4, 6.3, 6.4, 22.6, 0.072
186, Khris Middleton , MIL, 32, 52, 30, 22, 26.9, 114.5, 3.9, 13.3, 19.5, 0.9, 27.1, 0.3, 9.4, 7.9, 8.3, 7.4, 28.2, 0.072
187, Jakob Poeltl , TOR, 28, 50, 21, 29, 26.4, 114.2, 5.7, 21.4, 30.9, 0.7, 16.7, 1.5, 53.1, 8.5, 7.2, 7.4, 27.8, 0.072
188, Jordan Goodwin , MEM, 25, 54, 30, 24, 17.5, 109.3, 2.6, 14.0, 21.4, 0.8, 25.0, 0.3, 12.9, 6.9, 4.2, 4.8, 17.2, 0.072
189, Jordan McLaughlin , MIN, 27, 52, 33, 19, 10.9, 101.0, 1.0, 9.4, 13.5, 0.6, 27.8, 0.1, 11.5, 3.0, 2.6, 2.9, 9.7, 0.072
190, Spencer Dinwiddie , LAL, 31, 73, 36, 37, 28.7, 114.9, 2.3, 7.7, 11.3, 0.7, 20.2, 0.3, 8.6, 8.5, 8.5, 8.8, 30.4, 0.072
191, Tyrese Haliburton , IND, 24, 66, 38, 28, 32.3, 116.1, 3.4, 10.1, 15.3, 1.2, 24.2, 0.7, 16.1, 9.7, 10.1, 9.3, 40.5, 0.072
192, Danuel House Jr. , PHI, 30, 34, 21, 13, 15.0, 107.7, 1.2, 8.1, 12.2, 0.4, 13.8, 0.1, 10.6, 4.2, 4.2, 6.1, 15.1, 0.071
193, Kris Murray , POR, 23, 58, 12, 46, 20.3, 111.7, 2.1, 10.6, 16.0, 0.9, 26.9, 0.3, 16.7, 8.2, 5.1, 7.5, 21.0, 0.071
194, Ish Wainright , PHX, 29, 10, 2, 8, 6.1, 86.0, 1.1, 16.9, 23.9, 0.4, 33.3, 0.1, 16.7, 2.0, 0.5, 2.0, 3.4, 0.071
195, John Konchar , MEM, 28, 55, 18, 37, 21.3, 112.2, 3.4, 16.4, 24.3, 0.9, 25.8, 0.9, 29.7, 8.5, 5.7, 6.1, 21.9, 0.070
196, P.J. Washington , DAL, 25, 70, 28, 42, 30.6, 115.7, 4.5, 14.6, 21.5, 1.0, 21.3, 0.8, 23.0, 10.3, 8.6, 9.0, 31.9, 0.070
197, Dante Exum , DAL, 28, 52, 34, 18, 20.0, 111.5, 2.3, 10.6, 16.0, 0.4, 16.7, 0.1, 4.9, 5.3, 5.7, 5.9, 20.2, 0.070
198, Jordan Walsh , BOS, 20, 7, 7, 0, 6.6, 86.2, 1.4, 18.9, 26.3, 0.3, 22.2, 0.1, 33.3, 1.7, 1.0, 2.1, 4.9, 0.070
199, Russell Westbrook , LAC, 35, 66, 44, 22, 22.4, 113.3, 3.6, 15.2, 23.1, 1.1, 28.0, 0.3, 15.5, 7.5, 7.1, 8.1, 24.3, 0.070
200, Cason Wallace , OKC, 20, 78, 53, 25, 20.7, 112.0, 1.6, 7.7, 12.2, 0.9, 21.9, 0.4, 15.6, 6.9, 6.8, 4.9, 21.4, 0.070
201, Mitchell Robinson , NYK, 26, 27, 15, 12, 26.0, 114.4, 4.3, 18.0, 25.7, 1.3, 29.8, 1.2, 70.2, 8.8, 6.2, 8.5, 25.5, 0.070
202, Jonas Valanciunas , NOP, 31, 78, 46, 32, 23.7, 113.4, 6.6, 27.0, 38.1, 0.4, 10.4, 0.9, 34.0, 7.2, 6.1, 6.9, 22.2, 0.070
203, Cameron Johnson , BKN, 28, 57, 20, 37, 27.6, 115.0, 3.4, 12.5, 18.5, 0.8, 22.2, 0.3, 8.8, 7.8, 8.3, 8.8, 27.6, 0.069
204, Kenrich Williams , OKC, 29, 65, 45, 20, 15.0, 107.6, 2.1, 13.8, 20.7, 0.6, 19.6, 0.1, 7.0, 4.9, 4.4, 3.7, 14.4, 0.069
205, Jock Landale , HOU, 28, 52, 25, 27, 12.7, 105.0, 1.5, 10.9, 15.8, 0.3, 14.3, 0.5, 37.8, 4.4, 3.5, 3.5, 12.3, 0.069
206, Andrew Nembhard , IND, 24, 65, 39, 26, 24.8, 113.9, 1.5, 6.1, 9.4, 1.0, 23.7, 0.1, 2.5, 7.8, 7.3, 6.8, 28.1, 0.069
207, Day'Ron Sharpe , BKN, 22, 60, 24, 36, 15.2, 108.1, 3.7, 23.4, 35.1, 0.4, 17.1, 0.7, 44.7, 5.1, 3.9, 4.5, 14.3, 0.069
208, Santi Aldama , MEM, 23, 61, 23, 38, 26.5, 114.6, 4.6, 17.3, 27.1, 0.7, 16.7, 0.9, 25.0, 10.0, 7.8, 8.2, 26.1, 0.069
209, Keon Ellis , SAC, 24, 53, 32, 21, 16.3, 108.8, 1.6, 9.6, 13.9, 0.8, 31.2, 0.5, 26.0, 5.3, 3.4, 3.5, 16.2, 0.069
210, Christian Wood , LAL, 28, 50, 28, 22, 17.4, 109.9, 4.3, 22.6, 33.0, 0.3, 13.1, 0.7, 30.0, 6.6, 5.3, 6.0, 17.1, 0.069
211, Aaron Nesmith , IND, 24, 69, 39, 30, 27.8, 115.1, 2.9, 10.3, 15.7, 0.9, 20.8, 0.7, 20.0, 8.6, 8.3, 6.7, 31.9, 0.069
212, Gary Payton II , GSW, 31, 43, 26, 17, 15.5, 108.8, 1.5, 9.7, 14.3, 0.9, 27.5, 0.4, 24.6, 5.4, 3.7, 4.5, 15.2, 0.068
213, Cam Reddish , LAL, 24, 47, 27, 20, 20.7, 112.4, 1.5, 7.2, 10.6, 1.0, 25.7, 0.3, 12.6, 8.4, 6.6, 7.0, 22.1, 0.068
214, Deni Avdija , WAS, 23, 72, 14, 58, 29.9, 115.9, 6.0, 19.2, 29.4, 0.8, 17.4, 0.5, 15.8, 10.9, 10.1, 9.3, 37.0, 0.068
215, Scotty Pippen Jr. , MEM, 23, 17, 5, 12, 23.8, 113.9, 1.9, 8.4, 12.9, 1.5, 32.1, 0.5, 17.3, 10.6, 6.6, 9.8, 22.2, 0.067
216, Ziaire Williams , MEM, 22, 51, 20, 31, 20.3, 112.4, 2.8, 13.8, 21.5, 0.7, 19.7, 0.2, 7.2, 7.8, 6.4, 6.6, 21.3, 0.067
217, Simone Fontecchio , DET, 28, 66, 29, 37, 24.9, 114.5, 2.8, 10.7, 15.4, 0.7, 17.1, 0.3, 12.8, 8.7, 6.5, 9.2, 27.2, 0.067
218, Joe Ingles , ORL, 36, 64, 41, 23, 17.3, 110.2, 1.8, 10.8, 16.6, 0.7, 22.3, 0.1, 3.6, 5.7, 4.7, 5.2, 17.6, 0.067
219, Markquis Nowell , TOR, 24, 1, 0, 1, 3.5, 62.5, 0.0, 0.0, 0.0, 1.0, 50.0, 0.0, 0.0, 0.0, 0.0, 0.0, 2.0, 0.067
220, Cam Thomas , BKN, 22, 63, 22, 41, 31.3, 116.5, 2.8, 9.1, 13.7, 0.7, 16.2, 0.2, 7.2, 10.1, 8.9, 11.0, 33.1, 0.066
221, Seth Curry , CHA, 33, 44, 25, 19, 14.0, 107.5, 1.1, 7.8, 12.0, 0.5, 20.6, 0.1, 9.7, 4.8, 4.3, 4.4, 14.2, 0.066
222, Klay Thompson , GSW, 34, 74, 39, 35, 29.6, 116.0, 2.9, 9.3, 14.0, 0.6, 15.9, 0.4, 16.5, 10.6, 8.3, 9.3, 32.0, 0.066
223, Malik Monk , SAC, 26, 72, 42, 30, 26.0, 115.0, 2.6, 10.1, 14.6, 0.6, 17.2, 0.5, 22.9, 9.0, 6.4, 6.3, 26.3, 0.066
224, Jahmi'us Ramsey , TOR, 22, 7, 0, 7, 17.3, 110.8, 2.6, 13.0, 23.1, 1.0, 28.0, 0.0, 0.0, 7.3, 6.1, 7.7, 19.7, 0.066
225, Lauri Markkanen , UTA, 26, 55, 22, 33, 33.1, 116.9, 5.9, 17.6, 25.8, 0.9, 19.5, 0.5, 13.6, 12.8, 9.4, 12.1, 35.9, 0.066
226, Harrison Barnes , SAC, 31, 78, 45, 33, 28.8, 115.9, 2.1, 7.7, 10.6, 0.6, 13.8, 0.1, 6.9, 9.8, 6.0, 7.1, 30.4, 0.066
227, Kobe Bufkin , ATL, 20, 13, 8, 5, 11.2, 103.5, 1.5, 11.8, 18.7, 0.5, 30.0, 0.3, 19.0, 3.5, 3.2, 3.2, 11.2, 0.065
228, Keldon Johnson , SAS, 24, 69, 17, 52, 29.5, 116.1, 4.1, 13.5, 19.8, 0.7, 17.5, 0.3, 8.4, 10.8, 9.1, 9.1, 33.6, 0.065
229, RJ Barrett , TOR, 23, 56, 26, 30, 31.7, 116.6, 4.5, 13.8, 21.0, 0.5, 10.6, 0.4, 13.8, 10.6, 9.7, 10.7, 34.9, 0.065
230, Jeff Dowtin Jr. , PHI, 26, 9, 4, 5, 12.5, 104.9, 1.7, 12.5, 21.1, 0.6, 26.3, 0.1, 6.7, 4.1, 4.0, 2.4, 11.6, 0.065
231, Patrick Williams , CHI, 22, 43, 19, 24, 27.3, 115.5, 2.8, 10.5, 15.2, 0.9, 22.3, 0.8, 29.7, 8.9, 7.3, 8.4, 26.5, 0.065
232, Moritz Wagner , ORL, 26, 76, 45, 31, 17.6, 111.1, 2.9, 16.9, 25.8, 0.5, 16.7, 0.3, 15.3, 6.1, 4.4, 5.6, 17.6, 0.064
233, Myles Turner , IND, 28, 74, 43, 31, 27.1, 115.4, 5.4, 19.6, 28.9, 0.5, 14.0, 1.9, 53.1, 8.3, 7.4, 7.0, 32.8, 0.064
234, Moses Moody , GSW, 21, 62, 35, 27, 17.7, 111.0, 2.0, 11.0, 16.1, 0.6, 24.0, 0.4, 24.7, 6.1, 4.5, 5.9, 17.5, 0.064
235, Goga Bitadze , ORL, 24, 58, 33, 25, 16.1, 109.9, 2.9, 18.4, 26.8, 0.5, 20.3, 1.2, 53.8, 5.3, 4.4, 4.6, 16.6, 0.064
236, Jamaree Bouyea , SAS, 24, 6, 0, 6, 9.5, 100.0, 1.3, 15.7, 25.0, 0.0, 0.0, 0.0, 0.0, 3.2, 2.0, 3.3, 9.0, 0.064
237, Terry Rozier , MIA, 30, 61, 22, 39, 33.4, 117.2, 3.5, 11.0, 16.0, 1.0, 21.0, 0.3, 11.9, 10.9, 9.5, 10.1, 34.2, 0.063
238, Trey Jemison , MEM, 24, 21, 5, 16, 20.7, 113.0, 2.3, 11.9, 17.2, 0.4, 11.4, 1.0, 50.0, 10.3, 4.6, 8.0, 21.2, 0.063
239, Paul Reed , PHI, 24, 79, 44, 35, 19.4, 112.3, 3.6, 19.4, 29.4, 0.8, 22.5, 1.0, 42.0, 5.5, 5.7, 6.0, 20.6, 0.063
240, Buddy Boeheim , DET, 24, 7, 0, 7, 9.5, 100.0, 1.0, 9.0, 13.2, 0.0, 0.0, 0.1, 14.3, 2.0, 2.9, 3.1, 9.4, 0.063
241, Luke Kennard , MEM, 27, 39, 15, 24, 25.6, 115.2, 2.6, 10.5, 16.3, 0.5, 12.1, 0.1, 1.5, 9.9, 8.1, 9.0, 27.3, 0.063
242, Grant Williams , CHA, 25, 74, 33, 41, 28.0, 116.0, 3.0, 11.0, 16.8, 0.6, 14.7, 0.5, 20.2, 9.4, 8.3, 9.0, 31.3, 0.063
243, Tim Hardaway Jr. , DAL, 32, 75, 47, 28, 27.3, 115.8, 3.0, 10.5, 16.4, 0.5, 13.9, 0.1, 3.2, 8.2, 8.9, 8.7, 29.6, 0.063
244, Cam Whitmore , HOU, 19, 43, 16, 27, 18.3, 112.2, 2.9, 15.5, 22.8, 0.7, 18.7, 0.3, 16.9, 5.8, 4.9, 5.2, 18.6, 0.063
245, Sam Merrill , CLE, 27, 61, 36, 25, 17.5, 111.1, 1.6, 9.1, 13.2, 0.3, 13.8, 0.1, 4.4, 6.2, 4.2, 5.3, 17.0, 0.062
246, Patrick Beverley , MIL, 35, 69, 41, 28, 19.7, 112.4, 2.4, 12.0, 18.6, 0.6, 17.3, 0.4, 19.6, 5.8, 5.9, 5.4, 18.8, 0.062
247, Jevon Carter , CHI, 28, 68, 33, 35, 13.6, 108.2, 0.7, 5.0, 7.7, 0.5, 17.4, 0.2, 14.6, 3.7, 4.1, 3.4, 12.0, 0.062
248, Justin Holiday , DEN, 35, 54, 35, 19, 14.8, 109.5, 1.1, 7.0, 10.6, 0.6, 24.6, 0.2, 8.7, 5.1, 3.9, 4.7, 15.5, 0.062
249, Kevin Huerter , SAC, 25, 64, 37, 27, 24.4, 115.0, 2.9, 12.4, 17.4, 0.7, 17.7, 0.4, 18.3, 7.8, 5.7, 5.9, 26.8, 0.061
250, Georges Niang , CLE, 30, 79, 46, 33, 22.3, 114.2, 3.1, 13.8, 20.6, 0.4, 12.0, 0.2, 10.1, 8.0, 6.3, 6.8, 21.8, 0.061
251, Alex Len , SAC, 30, 44, 23, 21, 9.2, 100.9, 1.8, 18.7, 26.8, 0.3, 16.7, 0.7, 62.0, 2.4, 1.9, 1.8, 7.5, 0.061
252, Jerami Grant , POR, 30, 54, 17, 37, 33.9, 117.5, 2.9, 8.7, 13.7, 0.8, 16.4, 0.6, 19.3, 12.4, 10.1, 11.5, 39.5, 0.061
253, Patty Mills , MIA, 35, 30, 14, 16, 13.2, 108.1, 0.8, 6.6, 9.2, 0.7, 27.4, 0.0, 4.2, 3.9, 3.2, 3.0, 13.4, 0.061
254, Oshae Brissett , BOS, 25, 52, 44, 8, 11.4, 105.8, 1.8, 14.4, 21.1, 0.3, 18.9, 0.1, 7.9, 3.3, 2.9, 3.3, 12.3, 0.060
255, Lonnie Walker IV , BKN, 25, 56, 23, 33, 16.9, 111.6, 1.9, 10.9, 16.3, 0.5, 19.1, 0.3, 19.5, 6.4, 4.9, 5.4, 17.0, 0.060
256, Jason Preston , UTA, 24, 5, 1, 4, 9.5, 102.0, 1.4, 14.0, 20.0, 0.4, 22.2, 0.0, 0.0, 2.2, 2.0, 1.4, 10.4, 0.060
257, Dexter Dennis , DAL, 25, 4, 1, 3, 7.5, 100.0, 2.0, 21.1, 32.0, 0.0, 0.0, 0.3, 25.0, 3.8, 3.3, 5.8, 12.0, 0.059
258, Josh Okogie , PHX, 25, 57, 35, 22, 16.7, 111.5, 1.4, 8.1, 12.3, 0.8, 28.7, 0.4, 19.8, 6.8, 5.3, 5.1, 17.7, 0.059
259, Andrew Wiggins , GSW, 29, 67, 35, 32, 27.0, 116.2, 3.0, 10.5, 15.8, 0.6, 17.0, 0.5, 23.1, 10.4, 8.2, 8.2, 28.1, 0.059
260, Luke Kornet , BOS, 28, 59, 46, 13, 15.3, 110.2, 2.2, 13.8, 20.0, 0.4, 20.9, 1.0, 53.8, 4.3, 4.2, 4.2, 14.7, 0.059
261, Vasilije Micic , CHA, 30, 56, 32, 24, 19.7, 113.3, 1.2, 6.2, 9.6, 0.5, 17.2, 0.1, 5.8, 7.0, 6.4, 5.4, 20.3, 0.058
262, Delon Wright , MIA, 31, 44, 13, 31, 15.3, 110.9, 1.4, 9.2, 13.8, 1.1, 40.7, 0.2, 17.9, 5.4, 4.5, 4.1, 16.3, 0.058
263, Terance Mann , LAC, 27, 71, 46, 25, 25.3, 115.6, 2.2, 8.5, 12.5, 0.6, 15.9, 0.2, 9.3, 8.7, 7.0, 7.4, 26.0, 0.058
264, Sidy Cissoko , SAS, 20, 8, 2, 6, 5.4, 88.9, 0.9, 14.9, 20.0, 0.4, 27.3, 0.0, 0.0, 2.0, 1.3, 1.5, 5.5, 0.058
265, Mark Williams , CHA, 22, 19, 7, 12, 26.8, 116.4, 5.7, 20.9, 31.1, 0.8, 20.8, 1.1, 42.6, 9.4, 8.9, 8.9, 30.6, 0.058
266, Clint Capela , ATL, 29, 70, 33, 37, 25.7, 116.0, 6.0, 23.1, 33.5, 0.6, 14.9, 1.5, 57.1, 8.5, 7.4, 9.6, 28.7, 0.058
267, Matisse Thybulle , POR, 27, 65, 18, 47, 22.9, 115.1, 1.6, 7.4, 12.1, 1.7, 40.1, 0.8, 32.5, 9.0, 7.5, 8.3, 26.0, 0.057
268, Cade Cunningham , DET, 22, 62, 9, 53, 33.5, 117.8, 3.8, 11.5, 16.3, 0.9, 20.3, 0.4, 10.6, 14.0, 9.0, 9.5, 37.1, 0.057
269, Devonte' Graham , SAS, 29, 19, 5, 14, 11.6, 106.6, 1.3, 11.6, 17.1, 0.5, 25.7, 0.1, 3.4, 3.1, 2.9, 3.2, 12.5, 0.057
270, Jae Crowder , MIL, 33, 47, 24, 23, 22.9, 115.1, 2.6, 11.4, 16.5, 0.8, 22.8, 0.2, 7.9, 6.5, 5.5, 7.1, 24.9, 0.057
271, Jalen Duren , DET, 20, 59, 13, 46, 29.1, 117.0, 8.4, 28.4, 39.7, 0.6, 15.5, 0.8, 26.1, 12.1, 7.7, 8.4, 32.8, 0.057
272, Trevelin Queen , ORL, 27, 13, 5, 8, 12.5, 108.3, 1.2, 9.6, 15.2, 0.5, 23.3, 0.4, 29.4, 5.2, 3.9, 3.0, 14.8, 0.056
273, Taurean Prince , LAL, 30, 75, 42, 33, 27.3, 116.6, 2.7, 9.6, 14.1, 0.7, 18.4, 0.5, 15.2, 9.4, 8.5, 10.1, 29.8, 0.056
274, Max Christie , LAL, 21, 65, 37, 28, 14.5, 110.5, 1.9, 12.1, 17.5, 0.3, 15.9, 0.3, 15.3, 5.6, 4.4, 5.3, 15.2, 0.056
275, Daniel Gafford , DAL, 25, 71, 28, 43, 24.7, 116.0, 5.0, 18.6, 29.3, 0.9, 23.0, 2.1, 57.6, 7.9, 8.7, 7.9, 27.5, 0.056
276, Buddy Hield , PHI, 31, 81, 43, 38, 25.9, 116.4, 2.4, 9.6, 14.9, 0.9, 21.4, 0.5, 15.7, 8.8, 7.7, 7.8, 30.4, 0.056
277, Saben Lee , PHX, 24, 22, 13, 9, 8.1, 100.5, 1.0, 10.8, 16.8, 0.3, 30.4, 0.1, 9.4, 3.5, 2.0, 2.5, 7.4, 0.055
278, Otto Porter Jr. , TOR, 30, 15, 6, 9, 11.6, 107.5, 1.5, 13.0, 18.4, 0.3, 14.3, 0.3, 25.0, 3.9, 3.2, 3.3, 10.9, 0.055
279, David Roddy , PHX, 23, 63, 23, 40, 18.6, 113.6, 2.5, 13.4, 20.5, 0.4, 15.9, 0.2, 7.7, 6.9, 5.8, 5.2, 19.4, 0.055
280, Dereck Lively II , DAL, 20, 55, 35, 20, 23.5, 115.6, 4.4, 17.9, 26.5, 0.7, 20.5, 1.4, 51.7, 7.1, 6.4, 8.3, 24.8, 0.054
281, Malik Williams , TOR, 25, 3, 2, 1, 12.7, 109.6, 2.0, 11.5, 15.8, 0.3, 50.0, 1.0, 60.0, 8.3, 6.0, 6.3, 11.3, 0.053
282, Shake Milton , NYK, 27, 48, 32, 16, 12.1, 109.4, 1.3, 10.2, 14.5, 0.4, 20.9, 0.1, 8.2, 4.3, 3.6, 3.9, 12.3, 0.053
283, Trae Young , ATL, 25, 51, 22, 29, 36.5, 118.9, 2.3, 6.3, 9.6, 1.4, 23.3, 0.2, 5.9, 12.3, 11.8, 13.7, 43.6, 0.053
284, Svi Mykhailiuk , BOS, 26, 37, 30, 7, 8.7, 102.7, 0.8, 9.0, 13.4, 0.3, 18.2, 0.0, 0.0, 3.1, 2.1, 2.4, 8.7, 0.053
285, Patrick Baldwin Jr. , WAS, 21, 35, 6, 29, 10.9, 107.0, 2.4, 20.3, 30.1, 0.4, 17.6, 0.4, 28.9, 3.9, 2.8, 3.4, 10.8, 0.053
286, Bobby Portis , MIL, 29, 78, 47, 31, 24.4, 116.2, 5.6, 22.5, 33.5, 0.8, 21.7, 0.4, 17.0, 6.7, 7.0, 6.5, 26.4, 0.052
287, Cody Martin , CHA, 28, 28, 7, 21, 26.9, 116.9, 3.2, 12.4, 17.9, 1.1, 29.9, 0.6, 25.4, 8.6, 7.3, 7.2, 28.6, 0.052
288, Julian Champagnie , SAS, 22, 70, 16, 54, 19.3, 114.3, 2.2, 11.3, 16.3, 0.6, 20.2, 0.6, 19.1, 7.6, 5.3, 5.7, 22.3, 0.052
289, Jeff Green , HOU, 37, 74, 36, 38, 16.8, 112.9, 1.6, 9.6, 14.6, 0.2, 7.7, 0.4, 21.7, 5.1, 4.6, 4.1, 17.5, 0.052
290, Jared Butler , WAS, 23, 37, 6, 31, 13.1, 109.7, 1.1, 8.0, 12.4, 0.7, 32.5, 0.2, 16.7, 4.6, 3.8, 2.5, 12.2, 0.052
291, Walker Kessler , UTA, 22, 64, 26, 38, 23.3, 116.0, 4.9, 19.9, 29.8, 0.5, 15.5, 2.4, 72.0, 10.0, 7.3, 9.2, 23.5, 0.052
292, Andre Drummond , CHI, 30, 78, 37, 41, 17.3, 113.3, 5.7, 33.2, 49.1, 0.9, 32.6, 0.6, 31.8, 5.7, 4.9, 4.6, 15.5, 0.052
293, Drew Eubanks , PHX, 27, 72, 40, 32, 15.7, 112.3, 2.9, 17.4, 27.7, 0.4, 16.0, 0.8, 37.9, 5.9, 5.1, 5.1, 15.3, 0.052
294, Robert Williams III , POR, 26, 6, 2, 4, 19.8, 114.9, 4.5, 22.7, 34.6, 1.2, 31.8, 1.2, 46.7, 7.5, 4.3, 8.2, 20.7, 0.051
295, Aaron Wiggins , OKC, 25, 74, 51, 23, 15.5, 112.2, 1.5, 9.4, 15.0, 0.7, 24.5, 0.2, 11.3, 4.6, 5.6, 3.6, 15.6, 0.051
296, Noah Clowney , BKN, 19, 20, 9, 11, 13.1, 110.4, 2.3, 17.3, 27.6, 0.3, 14.6, 0.4, 29.6, 5.0, 5.0, 4.5, 12.7, 0.051
297, Chimezie Metu , DET, 27, 47, 23, 24, 15.4, 112.1, 2.7, 17.5, 26.6, 0.8, 30.7, 0.3, 22.9, 6.0, 4.2, 4.4, 15.4, 0.051
298, Pat Connaughton , MIL, 31, 72, 43, 29, 22.2, 115.8, 2.5, 11.3, 16.5, 0.5, 16.3, 0.3, 12.3, 6.5, 6.3, 6.3, 23.8, 0.051
299, Caleb Houstan , ORL, 21, 56, 30, 26, 14.1, 111.0, 1.0, 6.7, 10.0, 0.2, 12.9, 0.1, 3.6, 4.8, 3.9, 4.4, 14.1, 0.051
300, Mamadi Diakite , NYK, 27, 6, 5, 1, 4.1, 82.7, 0.5, 11.1, 14.3, 0.2, 33.3, 0.2, 33.3, 1.2, 1.2, 1.0, 2.7, 0.050
301, Jaylin Williams , OKC, 21, 65, 44, 21, 12.9, 110.0, 2.8, 21.5, 32.5, 0.4, 17.2, 0.4, 30.2, 4.5, 3.7, 3.0, 12.1, 0.050
302, TyTy Washington Jr. , MIL, 22, 7, 3, 4, 4.4, 85.1, 0.3, 6.9, 8.0, 0.3, 28.6, 0.0, 0.0, 2.4, 0.3, 1.0, 2.3, 0.050
303, Bismack Biyombo , OKC, 31, 38, 18, 20, 20.0, 114.9, 3.6, 17.7, 25.8, 0.3, 11.5, 0.9, 36.1, 7.7, 5.5, 5.9, 19.4, 0.050
304, Jamal Cain , MIA, 25, 23, 12, 11, 11.1, 108.6, 0.9, 8.4, 12.7, 0.4, 25.0, 0.2, 35.7, 4.4, 2.9, 3.0, 11.5, 0.050
305, Bol Bol , PHX, 24, 40, 26, 14, 11.3, 108.5, 2.6, 20.1, 29.3, 0.2, 15.5, 0.6, 36.2, 4.3, 3.3, 4.1, 10.1, 0.049
306, De'Andre Hunter , ATL, 26, 54, 26, 28, 29.3, 117.9, 3.3, 11.5, 17.3, 0.7, 15.0, 0.3, 9.7, 10.1, 8.7, 9.8, 32.1, 0.049
307, Trayce Jackson-Davis , GSW, 24, 64, 36, 28, 16.2, 113.1, 2.9, 17.1, 25.8, 0.4, 17.3, 1.1, 56.1, 5.8, 5.0, 4.5, 16.9, 0.049
308, Jordan Hawkins , NOP, 21, 66, 37, 29, 17.5, 114.0, 1.8, 10.1, 15.5, 0.3, 10.1, 0.1, 7.4, 5.9, 5.2, 5.4, 17.4, 0.049
309, Sandro Mamukelashvili , SAS, 24, 42, 9, 33, 8.2, 102.8, 1.5, 17.7, 25.6, 0.2, 13.7, 0.2, 25.0, 2.8, 2.5, 1.6, 7.5, 0.049
310, Marvin Bagley III , WAS, 25, 50, 7, 43, 21.1, 115.5, 3.6, 17.5, 25.3, 0.4, 13.6, 0.7, 36.3, 7.6, 5.9, 6.3, 24.9, 0.049
311, Hamidou Diallo , WAS, 25, 2, 1, 1, 2.4, 50.0, 0.0, 0.0, 0.0, 1.0, 100, 0.0, 0.0, 0.0, 0.0, 0.0, 1.0, 0.049
312, Jabari Walker , POR, 21, 69, 18, 51, 23.5, 116.5, 4.9, 21.9, 34.5, 0.6, 16.4, 0.3, 14.7, 9.2, 7.0, 8.6, 26.6, 0.049
313, KJ Martin , PHI, 23, 60, 33, 27, 12.4, 110.5, 1.5, 12.0, 19.4, 0.4, 14.9, 0.2, 13.6, 4.2, 4.3, 3.3, 13.6, 0.049
314, Neemias Queta , BOS, 24, 26, 22, 4, 11.4, 108.8, 2.3, 19.6, 28.9, 0.4, 25.6, 0.6, 48.4, 2.5, 2.8, 3.1, 9.4, 0.049
315, Mason Jones , SAC, 25, 4, 2, 2, 5.5, 93.6, 1.0, 19.0, 25.0, 0.3, 14.3, 0.0, 0.0, 2.0, 0.5, 1.0, 3.0, 0.048
316, Jericho Sims , NYK, 25, 44, 29, 15, 12.8, 110.1, 2.0, 15.6, 23.7, 0.2, 11.3, 0.4, 40.0, 4.3, 3.5, 2.9, 12.0, 0.048
317, Brandon Miller , CHA, 21, 71, 17, 54, 32.4, 118.5, 3.5, 11.1, 16.5, 0.9, 19.3, 0.6, 19.3, 11.4, 9.5, 8.9, 36.8, 0.048
318, Dru Smith , MIA, 26, 9, 7, 2, 14.5, 112.5, 0.9, 5.8, 9.9, 1.0, 34.6, 0.3, 23.1, 4.9, 5.4, 4.0, 13.3, 0.048
319, Bones Hyland , LAC, 23, 34, 19, 15, 13.2, 111.2, 1.0, 7.1, 11.2, 0.6, 28.2, 0.1, 6.5, 5.3, 4.2, 4.7, 14.2, 0.048
320, T.J. McConnell , IND, 32, 68, 38, 30, 18.2, 114.7, 2.2, 12.4, 19.2, 1.0, 32.7, 0.1, 5.8, 6.1, 5.4, 5.0, 21.9, 0.048
321, Mo Bamba , PHI, 25, 54, 27, 27, 13.3, 111.1, 2.9, 21.8, 33.6, 0.4, 17.6, 1.1, 58.2, 3.8, 3.4, 4.8, 12.4, 0.048
322, Gary Trent Jr. , TOR, 25, 68, 24, 44, 28.1, 117.8, 2.3, 8.3, 12.8, 1.1, 23.9, 0.1, 5.5, 9.4, 9.1, 8.4, 32.5, 0.047
323, Cameron Payne , PHI, 29, 75, 43, 32, 16.6, 114.0, 1.2, 7.3, 11.1, 0.5, 20.2, 0.1, 7.9, 4.7, 5.0, 4.6, 17.6, 0.047
324, P.J. Tucker , LAC, 38, 28, 13, 15, 15.5, 113.2, 1.8, 11.4, 16.6, 0.5, 19.2, 0.3, 14.3, 5.8, 3.9, 6.8, 16.2, 0.047
325, Jaden Ivey , DET, 22, 73, 13, 60, 28.8, 118.1, 2.4, 8.3, 11.6, 0.7, 20.8, 0.5, 19.2, 11.8, 8.1, 8.4, 33.0, 0.047
326, Justin Minaya , POR, 25, 30, 3, 27, 8.8, 105.2, 0.7, 8.4, 12.5, 0.3, 20.5, 0.3, 50.0, 3.2, 2.5, 2.5, 7.9, 0.047
327, Marques Bolden , CHA, 25, 7, 3, 4, 7.8, 103.5, 2.1, 22.7, 39.5, 0.1, 9.1, 0.1, 16.7, 1.9, 2.6, 2.3, 8.9, 0.046
328, Daniel Theis , LAC, 32, 57, 38, 19, 16.7, 114.1, 2.5, 14.7, 23.2, 0.3, 12.6, 0.8, 40.2, 5.1, 5.2, 5.5, 18.0, 0.046
329, Isaiah Jackson , IND, 22, 59, 36, 23, 12.8, 111.5, 2.4, 18.9, 30.8, 0.6, 24.1, 1.0, 55.1, 4.7, 4.4, 3.5, 14.8, 0.046
330, Bruno Fernando , ATL, 25, 41, 20, 21, 14.5, 112.5, 2.9, 19.7, 31.0, 0.6, 27.2, 0.7, 50.9, 5.5, 4.1, 4.4, 14.1, 0.046
331, Taj Gibson , DET, 38, 18, 7, 11, 10.3, 108.4, 1.1, 10.9, 14.7, 0.2, 11.5, 0.3, 46.2, 2.7, 1.8, 3.1, 8.8, 0.045
332, JT Thor , CHA, 21, 59, 14, 45, 11.9, 110.6, 1.5, 12.5, 18.2, 0.2, 10.6, 0.4, 37.5, 4.0, 3.2, 3.2, 12.3, 0.045
333, Davion Mitchell , SAC, 25, 68, 40, 28, 14.9, 113.1, 1.0, 7.2, 10.2, 0.3, 11.3, 0.0, 3.8, 5.3, 3.6, 3.4, 14.8, 0.045
334, Obi Toppin , IND, 26, 79, 45, 34, 21.3, 116.6, 2.9, 13.7, 21.2, 0.5, 15.8, 0.5, 19.4, 7.2, 6.1, 6.7, 27.2, 0.045
335, Ousmane Dieng , OKC, 20, 31, 19, 12, 11.0, 109.5, 1.3, 11.1, 17.1, 0.2, 10.2, 0.1, 7.7, 4.1, 2.9, 2.9, 11.0, 0.044
336, Miles Bridges , CHA, 26, 66, 16, 50, 37.9, 119.7, 6.4, 17.7, 26.3, 1.0, 18.9, 0.5, 15.1, 12.8, 10.8, 11.1, 42.0, 0.044
337, Micah Potter , UTA, 26, 14, 2, 12, 11.2, 109.7, 1.9, 15.7, 25.0, 0.3, 20.0, 0.3, 25.0, 3.0, 3.7, 3.5, 9.1, 0.044
338, Bennedict Mathurin , IND, 21, 59, 33, 26, 26.1, 117.9, 2.9, 11.3, 17.8, 0.6, 13.9, 0.2, 8.4, 9.9, 9.0, 7.7, 33.4, 0.044
339, Saddiq Bey , ATL, 24, 63, 28, 35, 32.7, 119.1, 3.9, 11.9, 17.9, 0.8, 17.3, 0.2, 5.7, 11.1, 9.7, 10.9, 38.1, 0.044
340, Chuma Okeke , ORL, 25, 44, 23, 21, 9.6, 107.7, 1.4, 14.4, 20.9, 0.2, 15.5, 0.2, 15.9, 4.0, 2.1, 2.8, 10.0, 0.044
341, Dejounte Murray , ATL, 27, 75, 34, 41, 35.6, 119.5, 4.5, 12.9, 19.0, 1.4, 26.0, 0.3, 9.6, 12.5, 10.5, 12.6, 40.3, 0.044
342, Marcus Morris Sr. , CLE, 34, 48, 26, 22, 16.6, 114.6, 2.3, 14.0, 21.2, 0.3, 12.2, 0.3, 17.1, 5.4, 4.6, 5.8, 17.0, 0.044
343, Lester Quinones , GSW, 23, 35, 22, 13, 10.7, 109.6, 1.4, 13.0, 17.8, 0.2, 13.3, 0.1, 4.3, 3.8, 2.3, 3.7, 11.6, 0.043
344, R.J. Hampton , MIA, 23, 8, 3, 5, 9.5, 107.8, 0.5, 4.5, 6.5, 0.0, 0.0, 0.0, 0.0, 4.3, 2.5, 3.6, 9.8, 0.043
345, Jeremiah Robinson-Earl , NOP, 23, 35, 19, 16, 9.2, 107.9, 1.5, 15.2, 23.0, 0.3, 22.2, 0.1, 17.4, 4.1, 3.0, 2.6, 10.2, 0.043
346, Dalano Banton , POR, 24, 51, 24, 27, 18.4, 115.5, 2.4, 13.0, 19.6, 0.6, 20.7, 0.3, 18.7, 7.4, 5.2, 6.5, 19.1, 0.043
347, Blake Wesley , SAS, 21, 57, 16, 41, 13.7, 112.9, 1.1, 8.3, 12.3, 0.5, 22.0, 0.2, 9.9, 4.7, 4.0, 4.0, 15.0, 0.043
348, Killian Hayes , DET, 22, 42, 7, 35, 24.0, 117.6, 2.6, 10.7, 15.8, 0.9, 28.8, 0.5, 18.9, 9.8, 7.2, 6.8, 28.3, 0.043
349, Dario Saric , GSW, 30, 62, 33, 29, 17.4, 115.2, 3.3, 19.0, 27.8, 0.5, 19.2, 0.1, 11.8, 6.5, 4.4, 5.1, 18.5, 0.042
350, Adam Flagler , OKC, 24, 1, 1, 0, 5.5, 100.0, 0.0, 0.0, 0.0, 0.0, 0.0, 0.0, 0.0, 2.0, 0.0, 4.0, 10.0, 0.042
351, Davis Bertans , CHA, 31, 40, 19, 21, 15.3, 114.1, 1.2, 8.2, 11.8, 0.6, 25.8, 0.3, 20.4, 5.5, 4.0, 3.8, 15.1, 0.042
352, Dalen Terry , CHI, 21, 55, 25, 30, 10.8, 110.5, 1.3, 12.3, 17.6, 0.4, 23.5, 0.2, 21.3, 3.6, 2.7, 2.7, 9.2, 0.042
353, Zach Collins , SAS, 26, 65, 16, 49, 22.2, 117.2, 3.5, 15.8, 23.0, 0.5, 16.8, 0.7, 35.6, 9.1, 6.3, 6.8, 25.3, 0.042
354, Bilal Coulibaly , WAS, 19, 63, 11, 52, 27.2, 118.4, 3.2, 11.6, 18.8, 0.9, 19.1, 0.8, 25.7, 9.9, 10.0, 8.8, 34.6, 0.042
355, Ochai Agbaji , TOR, 23, 74, 31, 43, 20.5, 116.8, 1.8, 8.5, 13.0, 0.6, 21.3, 0.5, 21.0, 8.3, 7.0, 6.7, 22.9, 0.041
356, Colby Jones , SAC, 21, 27, 14, 13, 6.5, 101.1, 0.8, 12.3, 17.9, 0.3, 24.1, 0.1, 16.7, 2.5, 1.6, 1.6, 5.7, 0.041
357, Kevon Looney , GSW, 28, 71, 41, 30, 16.2, 114.8, 3.8, 22.7, 32.5, 0.4, 18.3, 0.3, 26.7, 6.2, 4.0, 5.4, 16.1, 0.041
358, Ben Sheppard , IND, 22, 54, 30, 24, 13.8, 113.5, 1.3, 9.2, 14.2, 0.6, 22.2, 0.0, 2.3, 4.0, 4.1, 4.4, 16.4, 0.041
359, Thomas Bryant , MIA, 26, 37, 21, 16, 11.3, 111.3, 2.5, 23.0, 32.9, 0.3, 16.7, 0.4, 41.7, 4.1, 2.9, 3.2, 12.3, 0.041
360, Sasha Vezenkov , SAC, 28, 40, 21, 19, 12.2, 112.4, 1.6, 12.9, 19.7, 0.5, 31.7, 0.2, 14.3, 4.6, 3.1, 3.4, 12.4, 0.041
361, Rayan Rupert , POR, 19, 35, 7, 28, 14.4, 114.0, 1.6, 12.3, 17.9, 0.3, 14.5, 0.1, 9.4, 5.7, 3.7, 4.7, 14.9, 0.041
362, Nick Richards , CHA, 26, 65, 13, 52, 26.5, 118.3, 5.5, 21.9, 32.8, 0.4, 10.6, 1.1, 43.8, 9.5, 7.0, 8.0, 30.0, 0.041
363, Chris Boucher , TOR, 31, 50, 16, 34, 14.1, 113.6, 2.9, 20.2, 30.9, 0.3, 12.5, 0.5, 34.3, 4.3, 4.8, 4.1, 14.1, 0.040
364, Filip Petrusev , SAC, 23, 3, 2, 1, 3.1, 80.0, 0.3, 8.3, 11.1, 0.0, 0.0, 0.0, 0.0, 0.7, 0.7, 0.0, 2.7, 0.040
365, Collin Gillespie , DEN, 24, 24, 15, 9, 9.4, 109.2, 0.8, 8.5, 12.4, 0.5, 34.2, 0.0, 0.0, 2.8, 2.5, 1.9, 9.8, 0.040
366, Jalen Wilson , BKN, 23, 40, 13, 27, 14.5, 114.1, 1.7, 12.4, 19.0, 0.2, 12.9, 0.1, 3.8, 5.0, 3.7, 4.9, 14.7, 0.040
367, Oscar Tshiebwe , IND, 24, 8, 2, 6, 5.2, 98.9, 1.0, 22.9, 32.0, 0.3, 16.7, 0.1, 14.3, 1.5, 0.9, 2.9, 4.8, 0.039
368, Dwight Powell , DAL, 32, 61, 38, 23, 12.9, 113.4, 1.8, 13.6, 20.8, 0.4, 20.8, 0.3, 38.0, 4.0, 4.1, 4.3, 13.3, 0.039
369, Cody Zeller , NOP, 31, 40, 24, 16, 7.6, 106.8, 1.6, 18.7, 29.7, 0.2, 14.5, 0.1, 31.3, 2.4, 2.3, 2.1, 7.6, 0.039
370, Keita Bates-Diop , BKN, 28, 53, 29, 24, 12.5, 113.1, 1.5, 11.8, 18.1, 0.5, 27.5, 0.4, 22.4, 4.7, 3.1, 3.9, 12.5, 0.039
371, Leaky Black , CHA, 24, 23, 1, 22, 10.1, 110.6, 1.3, 13.2, 19.3, 0.2, 20.0, 0.3, 26.7, 3.5, 2.5, 3.2, 11.0, 0.038
372, Kira Lewis Jr. , UTA, 23, 27, 10, 17, 8.8, 108.8, 0.6, 5.6, 8.9, 0.3, 25.8, 0.1, 11.1, 2.9, 2.5, 2.1, 8.9, 0.038
373, Jordan Poole , WAS, 24, 77, 15, 62, 30.0, 119.3, 2.3, 7.4, 11.6, 1.1, 24.2, 0.3, 10.0, 10.3, 10.4, 9.5, 37.2, 0.038
374, Andrew Funk , CHI, 24, 3, 1, 2, 1.3, 33.3, 0.0, 0.0, 0.0, 0.0, 0.0, 0.0, 0.0, 0.0, 0.0, 0.0, 0.0, 0.038
375, Anthony Gill , WAS, 31, 47, 9, 38, 8.4, 108.2, 1.0, 11.3, 18.0, 0.3, 19.4, 0.2, 20.0, 2.8, 2.7, 1.7, 8.3, 0.038
376, Olivier Sarr , OKC, 25, 14, 7, 7, 6.8, 104.0, 1.8, 23.6, 33.3, 0.0, 0.0, 0.5, 53.8, 3.6, 1.8, 2.2, 4.9, 0.038
377, Nate Hinton , HOU, 24, 13, 6, 7, 4.6, 97.8, 0.8, 15.3, 19.3, 0.2, 25.0, 0.2, 25.0, 1.1, 0.8, 1.2, 4.3, 0.038
378, Stanley Umude , DET, 24, 24, 4, 20, 12.8, 113.8, 1.8, 13.0, 18.8, 0.3, 22.9, 0.3, 24.1, 5.8, 2.8, 4.3, 13.7, 0.038
379, Vit Krejci , ATL, 23, 18, 9, 9, 24.8, 118.2, 1.8, 7.8, 11.1, 0.5, 13.2, 0.3, 14.6, 9.4, 6.6, 8.6, 27.6, 0.038
380, Malachi Flynn , DET, 25, 65, 27, 38, 12.4, 113.0, 1.4, 11.2, 18.0, 0.5, 23.4, 0.1, 9.8, 4.8, 4.1, 3.4, 13.5, 0.038
381, Orlando Robinson , MIA, 23, 33, 18, 15, 9.1, 109.4, 1.7, 19.2, 27.7, 0.2, 17.9, 0.2, 47.1, 3.5, 2.8, 2.2, 8.2, 0.038
382, Mason Plumlee , LAC, 34, 42, 28, 14, 14.1, 114.6, 3.6, 24.3, 37.6, 0.3, 13.2, 0.4, 25.4, 4.9, 4.4, 5.2, 16.0, 0.038
383, AJ Green , MIL, 24, 54, 33, 21, 10.7, 111.3, 1.0, 9.2, 13.8, 0.1, 8.9, 0.1, 8.3, 3.4, 3.2, 1.9, 9.7, 0.037
384, Keyontae Johnson , OKC, 23, 9, 7, 2, 7.4, 105.8, 0.7, 9.5, 11.8, 0.1, 10.0, 0.0, 0.0, 3.7, 0.8, 3.2, 6.9, 0.037
385, Josh Green , DAL, 23, 54, 31, 23, 26.6, 118.9, 2.5, 9.4, 14.2, 0.8, 21.7, 0.2, 7.0, 9.2, 8.3, 8.9, 29.0, 0.037
386, Jaxson Hayes , LAL, 23, 67, 39, 28, 12.4, 113.5, 2.0, 14.7, 22.4, 0.5, 27.7, 0.4, 39.7, 4.8, 4.2, 4.7, 13.7, 0.037
387, Malaki Branham , SAS, 20, 73, 17, 56, 21.2, 117.7, 1.6, 7.3, 10.9, 0.4, 13.0, 0.1, 4.0, 8.5, 6.5, 6.4, 24.8, 0.037
388, Craig Porter Jr. , CLE, 24, 49, 29, 20, 13.0, 113.8, 1.7, 13.7, 19.1, 0.4, 26.7, 0.3, 24.1, 5.4, 2.9, 3.7, 12.3, 0.037
389, Trendon Watford , BKN, 23, 60, 24, 36, 12.8, 113.9, 1.9, 15.1, 22.3, 0.4, 21.2, 0.3, 26.9, 5.0, 3.7, 4.4, 12.2, 0.037
390, Nick Smith Jr. , CHA, 19, 48, 8, 40, 13.8, 114.5, 1.0, 7.3, 11.1, 0.2, 8.7, 0.1, 11.7, 4.7, 3.9, 3.8, 13.9, 0.036
391, Juan Toscano-Anderson , SAC, 30, 11, 7, 4, 4.8, 99.2, 0.9, 16.7, 22.7, 0.1, 16.7, 0.1, 10.0, 1.8, 1.5, 0.8, 3.6, 0.036
392, Corey Kispert , WAS, 25, 77, 15, 62, 25.4, 118.8, 2.4, 9.1, 14.1, 0.5, 13.5, 0.2, 8.4, 9.8, 8.6, 7.9, 30.7, 0.036
393, Kris Dunn , UTA, 30, 66, 25, 41, 18.9, 117.2, 2.1, 10.9, 16.2, 1.0, 33.7, 0.4, 21.7, 7.1, 5.3, 7.4, 20.0, 0.036
394, Marcus Sasser , DET, 23, 67, 10, 57, 18.3, 116.9, 1.6, 8.9, 13.4, 0.6, 24.1, 0.1, 9.2, 7.7, 5.3, 5.7, 20.4, 0.036
395, Chris Duarte , SAC, 26, 57, 34, 23, 12.4, 113.6, 1.4, 11.4, 16.6, 0.5, 25.2, 0.1, 13.8, 4.8, 2.9, 3.0, 12.5, 0.036
396, Keyonte George , UTA, 20, 71, 25, 46, 26.9, 119.1, 2.6, 9.7, 14.1, 0.5, 14.8, 0.1, 3.0, 10.9, 7.9, 11.2, 29.9, 0.036
397, Jontay Porter , TOR, 24, 26, 6, 20, 13.8, 115.0, 2.2, 15.3, 23.4, 0.8, 31.7, 0.8, 51.3, 5.1, 3.3, 3.8, 16.5, 0.036
398, Jordan Clarkson , UTA, 31, 55, 22, 33, 30.6, 119.7, 2.5, 8.3, 12.3, 0.6, 16.3, 0.1, 3.1, 12.2, 9.1, 11.6, 33.0, 0.036
399, Yuta Watanabe , MEM, 29, 34, 18, 16, 13.7, 114.7, 1.3, 8.8, 14.1, 0.4, 16.7, 0.2, 11.3, 5.1, 4.6, 3.5, 13.9, 0.035
400, Kenneth Lofton Jr. , UTA, 21, 18, 5, 13, 6.6, 106.0, 0.9, 13.3, 20.3, 0.2, 18.8, 0.2, 15.8, 2.2, 2.3, 1.8, 7.1, 0.035
401, Ricky Council IV , PHI, 22, 29, 12, 17, 9.3, 110.9, 1.0, 11.3, 16.7, 0.2, 15.2, 0.0, 3.2, 2.6, 2.4, 2.9, 10.1, 0.035
402, Troy Brown Jr. , DET, 24, 55, 29, 26, 13.3, 114.4, 1.9, 14.5, 20.8, 0.3, 16.8, 0.0, 3.0, 5.6, 3.6, 3.8, 15.2, 0.035
403, Jules Bernard , WAS, 24, 17, 2, 15, 6.9, 105.6, 0.6, 8.4, 13.3, 0.1, 15.4, 0.1, 6.7, 2.6, 2.4, 1.9, 6.9, 0.035
404, A.J. Lawson , DAL, 23, 38, 25, 13, 6.8, 106.6, 0.7, 8.7, 13.6, 0.3, 24.4, 0.1, 10.3, 2.2, 2.1, 2.8, 7.5, 0.035
405, Johnny Davis , WAS, 22, 47, 8, 39, 11.5, 113.3, 1.0, 8.7, 13.3, 0.3, 17.0, 0.2, 18.9, 3.5, 3.6, 3.2, 13.2, 0.035
406, Furkan Korkmaz , PHI, 26, 35, 22, 13, 8.6, 110.2, 0.7, 8.7, 14.2, 0.4, 21.2, 0.1, 10.7, 2.7, 2.7, 2.6, 9.5, 0.035
407, Onyeka Okongwu , ATL, 23, 55, 23, 32, 25.5, 119.0, 4.2, 16.9, 25.2, 0.5, 11.6, 1.1, 50.4, 8.7, 7.5, 8.3, 28.8, 0.035
408, MarJon Beauchamp , MIL, 23, 46, 30, 16, 12.9, 114.5, 1.6, 12.0, 18.3, 0.3, 12.5, 0.1, 10.5, 4.5, 4.4, 3.6, 13.8, 0.035
409, Duop Reath , POR, 27, 64, 17, 47, 17.9, 117.0, 2.3, 13.5, 21.3, 0.5, 16.3, 0.5, 36.6, 6.5, 5.6, 6.3, 20.0, 0.035
410, Kevin Knox II , DET, 24, 31, 4, 27, 18.1, 117.2, 1.8, 10.8, 15.2, 0.4, 17.1, 0.2, 17.1, 7.0, 4.2, 5.6, 21.0, 0.035
411, Tristan Thompson , CLE, 33, 48, 28, 20, 11.2, 113.0, 2.1, 18.0, 26.0, 0.3, 17.6, 0.3, 35.9, 4.0, 2.7, 3.6, 10.5, 0.034
412, Nassir Little , PHX, 24, 42, 26, 16, 10.7, 112.7, 1.5, 12.2, 19.3, 0.2, 13.5, 0.2, 13.9, 3.8, 3.5, 3.0, 11.5, 0.034
413, Jaden Hardy , DAL, 21, 69, 42, 27, 13.3, 114.9, 1.4, 10.6, 16.7, 0.3, 13.8, 0.1, 4.6, 4.9, 4.3, 4.6, 14.5, 0.034
414, Terry Taylor , CHI, 24, 31, 12, 19, 6.1, 104.4, 0.6, 9.9, 14.9, 0.2, 16.7, 0.1, 10.5, 1.8, 1.9, 1.5, 4.8, 0.034
415, Kobi Simmons , TOR, 26, 4, 0, 4, 16.9, 116.5, 1.5, 9.0, 16.7, 1.5, 40.0, 0.5, 22.2, 8.8, 7.0, 9.0, 17.5, 0.034
416, LaMelo Ball , CHA, 22, 22, 7, 15, 32.3, 120.2, 3.8, 12.2, 17.9, 1.8, 33.3, 0.2, 6.8, 10.5, 8.6, 10.8, 36.0, 0.034
417, Bryce McGowens , CHA, 21, 55, 9, 46, 14.9, 115.8, 1.5, 10.0, 15.6, 0.4, 19.2, 0.1, 10.0, 4.9, 4.4, 3.6, 15.6, 0.034
418, Scoot Henderson , POR, 20, 59, 18, 41, 28.0, 119.6, 2.3, 8.5, 13.6, 0.7, 16.9, 0.2, 8.6, 11.3, 8.4, 10.3, 31.9, 0.034
419, JD Davison , BOS, 21, 6, 6, 0, 1.9, 70.4, 0.3, 13.3, 20.0, 0.0, 0.0, 0.0, 0.0, 0.0, 0.5, 0.3, 2.0, 0.033
420, Kelly Olynyk , TOR, 32, 75, 31, 44, 22.4, 118.6, 3.8, 16.5, 25.7, 1.0, 26.8, 0.4, 17.5, 9.8, 7.6, 7.9, 24.7, 0.033
421, Onuralp Bitim , CHI, 25, 21, 9, 12, 11.5, 113.8, 1.1, 9.8, 15.3, 0.1, 8.8, 0.1, 11.1, 4.5, 4.0, 3.0, 11.0, 0.033
422, Jared Rhoden , DET, 24, 13, 1, 12, 11.8, 113.8, 1.4, 11.6, 20.7, 0.2, 13.0, 0.5, 35.0, 4.3, 4.8, 2.4, 12.0, 0.033
423, Nathan Mensah , CHA, 25, 25, 3, 22, 12.3, 114.5, 1.4, 12.7, 19.4, 0.2, 14.3, 0.6, 50.0, 4.3, 3.6, 4.2, 11.8, 0.033
424, Taylor Hendricks , UTA, 20, 36, 11, 25, 20.9, 118.3, 3.4, 16.1, 23.3, 0.6, 20.2, 0.8, 31.4, 8.9, 6.2, 8.6, 22.3, 0.033
425, Amir Coffey , LAC, 26, 66, 45, 21, 20.0, 118.1, 1.6, 7.8, 12.2, 0.6, 18.7, 0.2, 7.7, 7.4, 5.7, 7.1, 22.7, 0.033
426, Mouhamadou Gueye , TOR, 25, 10, 0, 10, 9.7, 112.4, 0.8, 7.1, 12.7, 0.2, 10.5, 1.5, 83.3, 6.6, 4.3, 4.4, 12.0, 0.032
427, Anfernee Simons , POR, 24, 46, 11, 35, 34.4, 120.5, 3.2, 9.7, 14.8, 0.5, 9.5, 0.1, 4.2, 14.0, 9.8, 12.1, 39.2, 0.032
428, Aleksej Pokusevski , CHA, 22, 24, 12, 12, 13.7, 115.5, 2.2, 16.2, 24.8, 0.5, 26.5, 0.4, 41.7, 5.2, 3.9, 4.1, 14.2, 0.032
429, Johnny Juzang , UTA, 23, 16, 3, 13, 17.1, 117.0, 1.5, 8.5, 13.2, 0.1, 6.7, 0.1, 2.8, 4.8, 5.4, 5.7, 17.1, 0.032
430, Ibou Badji , POR, 21, 21, 5, 16, 10.3, 113.3, 1.5, 14.7, 22.8, 0.1, 9.1, 1.0, 62.5, 4.6, 3.6, 3.5, 9.9, 0.032
431, Torrey Craig , CHI, 33, 49, 20, 29, 19.9, 118.3, 2.6, 13.8, 20.3, 0.6, 16.6, 0.4, 22.6, 5.8, 5.5, 5.3, 19.4, 0.031
432, Garrison Mathews , ATL, 27, 62, 29, 33, 14.5, 116.3, 1.1, 8.1, 12.4, 0.3, 12.7, 0.1, 10.6, 5.5, 4.0, 5.0, 15.0, 0.031
433, Skylar Mays , LAL, 26, 36, 13, 23, 11.9, 114.4, 0.9, 8.3, 13.6, 0.6, 30.4, 0.1, 9.3, 4.4, 3.3, 5.0, 13.8, 0.031
434, Richaun Holmes , WAS, 30, 40, 13, 27, 13.9, 115.8, 2.8, 19.8, 29.7, 0.3, 13.6, 0.5, 42.2, 5.2, 3.9, 4.6, 15.3, 0.031
435, Alec Burks , NYK, 32, 65, 17, 48, 18.5, 118.2, 1.9, 10.3, 16.2, 0.4, 18.9, 0.2, 9.7, 7.7, 5.4, 5.3, 20.6, 0.031
436, Mike Muscala , OKC, 32, 49, 13, 36, 11.5, 114.6, 1.6, 14.0, 20.7, 0.2, 11.7, 0.3, 27.7, 4.2, 3.2, 3.6, 13.6, 0.031
437, Wesley Matthews , ATL, 37, 35, 11, 24, 11.7, 114.8, 1.3, 10.7, 16.8, 0.4, 23.8, 0.3, 24.4, 3.3, 3.7, 4.1, 11.8, 0.030
438, Jaden Springer , BOS, 21, 46, 30, 16, 9.8, 113.2, 0.8, 8.3, 12.9, 0.6, 30.1, 0.3, 28.0, 2.5, 2.8, 2.8, 10.6, 0.030
439, Eugene Omoruyi , WAS, 27, 40, 5, 35, 8.6, 112.3, 1.2, 14.0, 23.4, 0.7, 32.5, 0.1, 10.8, 4.2, 2.7, 3.0, 9.4, 0.030
440, Talen Horton-Tucker , UTA, 23, 48, 12, 36, 19.1, 118.2, 1.9, 9.7, 14.9, 0.9, 31.9, 0.3, 13.3, 7.9, 5.8, 6.1, 19.2, 0.030
441, Daishen Nix , MIN, 22, 13, 10, 3, 3.5, 97.1, 0.2, 4.5, 7.1, 0.4, 35.7, 0.0, 0.0, 0.5, 1.3, 1.4, 3.5, 0.030
442, Izaiah Brockington , NOP, 24, 1, 1, 0, 3.4, 100.0, 1.0, 16.7, 33.3, 0.0, 0.0, 0.0, 0.0, 0.0, 3.0, 2.0, 8.0, 0.030
443, Ryan Arcidiacono , NYK, 30, 20, 15, 5, 2.3, 80.0, 0.4, 13.8, 21.6, 0.1, 20.0, 0.0, 0.0, 0.8, 0.7, 0.2, 2.2, 0.029
444, Joshua Primo , LAC, 21, 2, 2, 0, 5.1, 104.5, 0.0, 0.0, 0.0, 0.0, 0.0, 0.5, 50.0, 4.0, 3.5, 1.0, 9.0, 0.029
445, Reggie Bullock Jr. , HOU, 33, 40, 21, 19, 9.7, 113.4, 1.6, 15.7, 22.8, 0.3, 16.7, 0.1, 11.1, 3.1, 2.9, 3.2, 10.7, 0.029
446, JaVale McGee , SAC, 36, 45, 27, 18, 7.4, 110.3, 1.8, 23.1, 34.8, 0.3, 28.6, 0.4, 46.5, 3.3, 2.0, 2.2, 7.3, 0.029
447, Admiral Schofield , ORL, 27, 22, 15, 7, 3.7, 97.1, 0.6, 14.6, 25.0, 0.0, 12.5, 0.0, 0.0, 2.2, 1.3, 1.5, 4.1, 0.029
448, Armoni Brooks , BKN, 25, 10, 3, 7, 10.4, 114.0, 1.1, 9.8, 15.3, 0.1, 7.7, 0.1, 14.3, 2.3, 3.9, 2.1, 9.0, 0.029
449, Jett Howard , ORL, 20, 15, 8, 7, 3.5, 97.5, 0.3, 8.6, 12.2, 0.0, 0.0, 0.1, 25.0, 1.7, 0.9, 1.1, 3.9, 0.029
450, Luka Samanic , UTA, 24, 39, 13, 26, 7.2, 110.4, 1.6, 19.9, 28.0, 0.1, 5.3, 0.2, 18.4, 2.7, 1.8, 2.4, 7.2, 0.029
451, Julian Phillips , CHI, 20, 40, 20, 20, 8.1, 111.7, 0.6, 7.7, 11.3, 0.2, 12.3, 0.2, 16.7, 2.1, 2.3, 2.4, 8.2, 0.029
452, Jacob Gilyard , BKN, 25, 39, 12, 27, 17.1, 117.8, 0.9, 5.6, 9.1, 0.7, 27.2, 0.1, 7.2, 5.9, 5.3, 4.5, 17.9, 0.029
453, Trent Forrest , ATL, 25, 36, 18, 18, 10.8, 114.4, 1.0, 10.1, 15.7, 0.3, 16.7, 0.1, 7.3, 3.6, 2.9, 3.7, 12.1, 0.028
454, Julian Strawther , DEN, 21, 47, 31, 16, 11.5, 115.5, 1.2, 9.5, 14.8, 0.4, 22.4, 0.1, 10.1, 4.6, 3.4, 3.3, 11.8, 0.028
455, Gui Santos , GSW, 21, 21, 15, 6, 7.9, 111.6, 1.4, 15.9, 21.0, 0.1, 15.8, 0.1, 9.1, 3.0, 2.0, 3.0, 8.2, 0.028
456, Kyle Kuzma , WAS, 28, 70, 13, 57, 32.6, 120.8, 5.7, 17.0, 27.1, 0.5, 10.6, 0.7, 19.0, 11.1, 11.7, 10.5, 41.7, 0.028
457, Greg Brown III , DAL, 22, 6, 3, 3, 6.6, 110.6, 1.0, 12.2, 17.1, 0.0, 0.0, 0.7, 57.1, 3.5, 2.3, 5.8, 12.3, 0.028
458, Gradey Dick , TOR, 20, 57, 18, 39, 20.6, 119.1, 1.7, 8.6, 13.5, 0.6, 15.8, 0.0, 2.3, 8.4, 6.9, 7.2, 24.1, 0.028
459, Tosan Evbuomwan , DET, 23, 17, 1, 16, 21.6, 119.2, 2.5, 12.2, 17.5, 0.4, 10.7, 0.3, 18.5, 8.8, 6.1, 6.6, 24.9, 0.028
460, Garrett Temple , TOR, 37, 24, 5, 19, 9.2, 113.4, 1.0, 10.1, 16.3, 0.4, 23.3, 0.1, 16.7, 4.4, 4.0, 3.6, 9.7, 0.028
461, Pete Nance , CLE, 24, 6, 2, 4, 2.3, 76.0, 0.3, 20.0, 22.2, 0.0, 0.0, 0.0, 0.0, 0.0, 0.0, 0.0, 1.3, 0.028
462, Jalen McDaniels , TOR, 26, 47, 12, 35, 10.3, 114.5, 1.2, 11.5, 18.0, 0.4, 23.0, 0.1, 10.7, 4.5, 3.7, 3.6, 11.5, 0.028
463, Jordan Nwora , TOR, 25, 48, 14, 34, 13.5, 116.9, 2.2, 16.3, 25.5, 0.5, 20.7, 0.2, 13.5, 5.5, 4.3, 5.4, 15.8, 0.028
464, Jalen Smith , IND, 24, 58, 34, 24, 17.3, 118.3, 3.8, 22.3, 34.8, 0.3, 9.1, 0.6, 36.3, 5.8, 5.6, 5.4, 21.1, 0.027
465, Dylan Windler , ATL, 27, 16, 9, 7, 5.1, 105.7, 0.8, 12.5, 20.3, 0.1, 15.4, 0.0, 0.0, 1.2, 1.9, 1.4, 5.5, 0.027
466, Jalen Pickett , DEN, 24, 25, 18, 7, 4.8, 104.5, 0.5, 10.2, 15.3, 0.2, 33.3, 0.0, 0.0, 1.6, 1.2, 1.2, 4.5, 0.027
467, Jerome Robinson , GSW, 27, 21, 16, 5, 3.6, 98.8, 0.2, 6.3, 8.5, 0.0, 0.0, 0.1, 21.4, 0.9, 0.4, 1.5, 3.3, 0.026
468, Kessler Edwards , SAC, 23, 52, 31, 21, 5.0, 106.0, 0.6, 13.1, 18.9, 0.2, 19.1, 0.1, 17.4, 1.8, 1.0, 1.3, 4.6, 0.026
469, Lindy Waters III , OKC, 26, 35, 22, 13, 7.1, 110.8, 0.9, 11.7, 17.5, 0.1, 12.2, 0.2, 24.0, 2.2, 2.1, 2.5, 6.2, 0.026
470, Bruce Brown , TOR, 27, 64, 26, 38, 28.1, 120.6, 3.5, 12.6, 19.3, 0.9, 20.1, 0.3, 8.4, 10.7, 9.5, 8.5, 35.2, 0.026
471, Charlie Brown Jr. , NYK, 27, 8, 2, 6, 4.7, 105.1, 0.1, 2.7, 3.8, 0.0, 0.0, 0.3, 40.0, 1.8, 0.5, 0.8, 3.0, 0.026
472, James Wiseman , DET, 23, 59, 8, 51, 16.6, 118.4, 3.4, 20.4, 31.5, 0.2, 7.6, 0.6, 36.7, 7.0, 5.5, 5.3, 18.4, 0.026
473, Zeke Nnaji , DEN, 23, 54, 38, 16, 9.9, 114.9, 1.1, 10.1, 17.0, 0.3, 17.3, 0.7, 37.0, 3.7, 3.6, 1.9, 10.0, 0.026
474, Collin Sexton , UTA, 25, 78, 29, 49, 26.6, 120.4, 1.7, 6.4, 9.6, 0.8, 20.7, 0.2, 8.0, 10.7, 7.4, 10.2, 28.5, 0.025
475, Leonard Miller , MIN, 20, 14, 12, 2, 3.1, 98.0, 0.9, 27.9, 42.9, 0.1, 13.3, 0.1, 20.0, 0.9, 0.6, 1.1, 3.1, 0.025
476, Nate Williams , HOU, 25, 20, 9, 11, 5.4, 107.8, 0.5, 7.4, 10.7, 0.2, 17.6, 0.0, 0.0, 1.1, 1.6, 1.1, 5.6, 0.025
477, Gordon Hayward , OKC, 34, 48, 22, 26, 24.5, 120.1, 2.8, 11.7, 17.4, 0.8, 20.4, 0.3, 9.6, 9.3, 8.0, 7.6, 27.3, 0.025
478, Jarace Walker , IND, 20, 31, 16, 15, 10.6, 115.7, 1.5, 15.0, 22.8, 0.5, 20.9, 0.4, 27.5, 3.8, 3.1, 3.5, 12.4, 0.025
479, DeAndre Jordan , DEN, 35, 36, 24, 12, 11.0, 115.9, 2.9, 23.7, 38.0, 0.2, 14.3, 0.4, 32.0, 4.5, 3.4, 3.5, 10.7, 0.025
480, Josh Minott , MIN, 21, 29, 22, 7, 2.9, 97.4, 0.4, 15.3, 23.2, 0.2, 25.0, 0.2, 55.6, 0.7, 0.8, 0.9, 3.0, 0.024
481, Justin Champagnie , WAS, 22, 13, 3, 10, 15.1, 118.2, 1.9, 12.8, 20.2, 0.6, 30.8, 0.5, 30.4, 5.7, 5.3, 4.7, 15.4, 0.024
482, Hunter Tyson , DEN, 23, 15, 11, 4, 2.9, 96.9, 0.5, 16.3, 25.0, 0.0, 0.0, 0.0, 0.0, 0.7, 0.5, 0.9, 2.8, 0.024
483, DaQuan Jeffries , NYK, 26, 17, 11, 6, 2.7, 95.0, 0.3, 9.6, 13.2, 0.0, 0.0, 0.1, 25.0, 0.9, 0.8, 0.1, 1.8, 0.024
484, Jordan Ford , SAC, 25, 6, 2, 4, 3.6, 100.0, 0.3, 10.0, 14.3, 0.0, 0.0, 0.0, 0.0, 0.3, 1.2, 0.0, 3.3, 0.024
485, Olivier-Maxence Prosper , DAL, 21, 36, 22, 14, 7.3, 112.7, 1.2, 15.7, 23.0, 0.1, 14.7, 0.1, 15.8, 2.2, 2.3, 2.9, 8.1, 0.024
486, Henri Drell , CHI, 23, 2, 0, 2, 2.2, 90.0, 0.0, 0.0, 0.0, 0.0, 0.0, 0.0, 0.0, 0.0, 0.0, 0.0, 1.0, 0.024
487, Cedi Osman , SAS, 29, 72, 17, 55, 17.6, 119.2, 2.2, 12.2, 18.5, 0.5, 19.9, 0.2, 7.1, 6.7, 5.6, 5.6, 19.7, 0.023
488, Luka Garza , MIN, 25, 23, 17, 6, 5.0, 108.7, 0.5, 11.2, 14.5, 0.1, 14.3, 0.0, 20.0, 1.8, 1.2, 1.8, 5.5, 0.023
489, Ish Smith , CHA, 35, 43, 6, 37, 17.2, 119.2, 1.5, 9.4, 13.8, 0.4, 18.9, 0.1, 5.4, 6.5, 4.3, 4.9, 19.5, 0.023
490, Damian Jones , CLE, 28, 37, 23, 14, 6.9, 111.9, 1.1, 17.6, 25.0, 0.2, 25.9, 0.4, 59.1, 3.0, 1.7, 2.3, 5.6, 0.023
491, Dmytro Skapintsev , NYK, 25, 2, 0, 2, 1.1, 60.0, 0.0, 0.0, 0.0, 0.0, 0.0, 0.0, 0.0, 0.0, 0.0, 0.0, 1.0, 0.023
492, Cole Swider , MIA, 24, 15, 6, 9, 5.5, 109.5, 0.4, 8.0, 10.7, 0.1, 11.1, 0.1, 25.0, 2.1, 1.6, 1.1, 5.2, 0.022
493, Charles Bassey , SAS, 23, 19, 3, 16, 10.8, 116.7, 2.8, 26.5, 39.6, 0.4, 25.0, 0.9, 60.7, 4.7, 3.3, 5.1, 11.2, 0.022
494, Bojan Bogdanovic , NYK, 34, 53, 16, 37, 26.6, 121.0, 2.4, 9.2, 13.7, 0.5, 17.1, 0.1, 4.3, 10.8, 7.7, 7.1, 30.8, 0.022
495, Cory Joseph , GSW, 32, 26, 10, 16, 11.4, 117.2, 0.9, 8.3, 11.7, 0.2, 10.0, 0.1, 10.0, 3.9, 2.8, 3.2, 11.7, 0.021
496, Jay Huff , DEN, 26, 18, 14, 4, 2.6, 98.1, 0.5, 17.6, 29.0, 0.1, 12.5, 0.1, 50.0, 1.1, 0.7, 0.5, 3.2, 0.021
497, Dominick Barlow , SAS, 20, 33, 7, 26, 12.7, 117.8, 2.1, 16.7, 25.2, 0.4, 18.2, 0.4, 31.8, 3.3, 4.5, 3.4, 15.3, 0.021
498, Thaddeus Young , PHX, 35, 30, 10, 20, 13.7, 118.4, 1.9, 13.7, 21.8, 0.7, 31.3, 0.2, 13.2, 3.8, 4.7, 3.8, 15.8, 0.021
499, Amari Bailey , CHA, 20, 8, 0, 8, 3.9, 104.8, 0.0, 0.0, 0.0, 0.1, 25.0, 0.0, 0.0, 1.6, 0.5, 1.0, 2.8, 0.021
500, Isaiah Mobley , CLE, 24, 8, 1, 7, 6.7, 112.8, 0.8, 13.3, 17.6, 0.1, 16.7, 0.0, 0.0, 1.8, 1.4, 1.0, 3.8, 0.021
501, Landry Shamet , WAS, 27, 46, 6, 40, 15.8, 119.2, 1.0, 6.5, 9.7, 0.5, 22.9, 0.2, 17.2, 5.2, 4.7, 4.6, 19.4, 0.021
502, Danilo Gallinari , MIL, 35, 48, 15, 33, 12.7, 118.1, 1.8, 14.5, 21.9, 0.3, 15.9, 0.1, 15.4, 4.1, 4.0, 2.9, 14.6, 0.020
503, Omer Yurtseven , UTA, 25, 44, 15, 29, 10.1, 116.8, 2.4, 24.2, 35.2, 0.1, 11.5, 0.4, 40.0, 3.9, 2.3, 3.8, 11.5, 0.020
504, Drew Peterson , BOS, 24, 1, 1, 0, 2.6, 100.0, 0.0, 0.0, 0.0, 0.0, 0.0, 0.0, 0.0, 0.0, 2.0, 0.0, 4.0, 0.020
505, Wendell Moore Jr. , MIN, 22, 22, 17, 5, 3.0, 104.4, 0.5, 14.7, 21.3, 0.2, 27.8, 0.0, 16.7, 1.1, 0.8, 1.1, 3.4, 0.019
506, Malcolm Cazalon , DET, 22, 1, 0, 1, 2.6, 100.0, 0.0, 0.0, 0.0, 0.0, 0.0, 0.0, 0.0, 0.0, 2.0, 0.0, 6.0, 0.019
507, Braxton Key , DEN, 27, 19, 13, 6, 3.1, 103.1, 0.7, 21.7, 33.3, 0.1, 22.2, 0.1, 14.3, 0.8, 0.7, 0.7, 2.8, 0.019
508, Jalen Hood-Schifino , LAL, 20, 21, 10, 11, 5.2, 111.9, 0.5, 9.6, 13.6, 0.1, 27.3, 0.1, 18.2, 2.0, 1.6, 2.1, 4.7, 0.018
509, Justin Jackson , MIN, 29, 2, 2, 0, 0.4, 0.0, 0.0, 0.0, 0.0, 0.0, 0.0, 0.0, 0.0, 0.0, 0.0, 0.0, 0.0, 0.017
510, Thanasis Antetokounmpo , MIL, 31, 30, 19, 11, 4.6, 111.0, 0.2, 4.3, 6.5, 0.2, 21.7, 0.1, 30.8, 2.4, 1.7, 1.6, 3.5, 0.017
511, Kendall Brown , IND, 20, 13, 8, 5, 3.9, 108.5, 0.1, 2.2, 3.3, 0.0, 0.0, 0.0, 0.0, 1.4, 0.8, 1.4, 4.2, 0.017
512, Jalen Crutcher , NOP, 24, 1, 1, 0, 2.7, 100.0, 0.0, 0.0, 0.0, 0.0, 0.0, 0.0, 0.0, 2.0, 0.0, 0.0, 4.0, 0.016
513, John Collins , UTA, 26, 68, 27, 41, 28.0, 121.7, 6.1, 22.2, 32.5, 0.6, 16.1, 0.9, 30.3, 10.6, 7.8, 11.3, 31.0, 0.016
514, Seth Lundy , ATL, 24, 9, 2, 7, 5.8, 114.4, 0.7, 11.8, 18.8, 0.0, 0.0, 0.0, 0.0, 3.6, 1.9, 1.8, 8.0, 0.016
515, Maxwell Lewis , LAL, 21, 32, 17, 15, 3.1, 107.0, 0.1, 2.0, 3.2, 0.1, 15.4, 0.0, 11.1, 1.6, 1.2, 1.3, 3.4, 0.015
516, Andre Jackson Jr. , MIL, 22, 53, 31, 22, 10.2, 118.7, 1.2, 12.2, 18.2, 0.3, 19.4, 0.1, 10.9, 3.3, 3.3, 3.0, 11.5, 0.015
517, Taze Moore , POR, 25, 3, 1, 2, 3.4, 111.5, 0.0, 0.0, 0.0, 0.3, 25.0, 0.0, 0.0, 2.0, 0.7, 1.3, 2.7, 0.015
518, Alondes Williams , MIA, 24, 4, 3, 1, 2.9, 107.7, 0.3, 10.0, 11.1, 0.0, 0.0, 0.0, 0.0, 3.0, 0.3, 2.8, 3.5, 0.015
519, Jermaine Samuels Jr. , HOU, 25, 12, 6, 6, 4.5, 113.2, 0.8, 17.3, 23.1, 0.1, 14.3, 0.1, 20.0, 1.1, 1.1, 1.1, 4.8, 0.015
520, James Bouknight , CHA, 23, 14, 0, 14, 5.8, 115.2, 0.6, 11.8, 18.6, 0.1, 10.0, 0.1, 16.7, 2.1, 1.9, 1.3, 5.7, 0.014
521, Joe Harris , DET, 32, 16, 4, 12, 10.6, 119.4, 0.6, 5.7, 9.6, 0.2, 13.6, 0.1, 8.7, 4.7, 4.1, 2.6, 12.3, 0.014
522, Brandon Williams , DAL, 24, 13, 8, 5, 4.6, 113.8, 0.3, 6.2, 8.9, 0.1, 14.3, 0.1, 12.5, 1.5, 1.6, 1.8, 5.5, 0.013
523, D.J. Wilson , PHI, 28, 2, 1, 1, 7.7, 117.2, 0.5, 7.1, 11.1, 0.0, 0.0, 1.0, 100, 1.0, 2.0, 1.0, 10.0, 0.013
524, E.J. Liddell , NOP, 23, 8, 3, 5, 2.9, 109.8, 0.6, 21.7, 35.7, 0.3, 33.3, 0.3, 66.7, 1.4, 1.4, 0.8, 3.3, 0.012
525, Markieff Morris , DAL, 34, 22, 13, 9, 7.9, 118.3, 1.2, 14.9, 23.3, 0.2, 19.2, 0.0, 9.1, 2.8, 3.0, 3.5, 9.5, 0.012
526, James Johnson , IND, 37, 8, 3, 5, 5.0, 115.9, 0.4, 9.4, 18.8, 0.6, 35.7, 0.1, 50.0, 1.9, 2.0, 1.9, 4.5, 0.012
527, Doug McDermott , IND, 32, 61, 20, 41, 14.3, 121.0, 0.8, 5.6, 8.4, 0.2, 12.2, 0.0, 1.9, 4.8, 4.6, 4.4, 15.7, 0.011
528, Tyus Jones , WAS, 27, 66, 11, 55, 29.3, 122.5, 2.4, 8.1, 12.9, 1.1, 23.4, 0.3, 7.9, 10.1, 10.8, 10.1, 38.6, 0.011
529, Moses Brown , POR, 24, 20, 4, 16, 8.5, 119.6, 2.0, 24.7, 36.4, 0.2, 13.6, 0.4, 43.8, 3.8, 1.4, 3.0, 8.7, 0.010
530, Kobe Brown , LAC, 24, 40, 26, 14, 7.7, 119.2, 1.0, 12.4, 20.5, 0.2, 16.7, 0.1, 10.0, 3.2, 2.6, 2.6, 8.8, 0.010
531, Javon Freeman-Liberty , TOR, 24, 18, 3, 15, 16.5, 121.8, 2.5, 16.0, 25.7, 0.4, 13.8, 0.1, 8.0, 9.1, 5.9, 6.2, 18.3, 0.010
532, AJ Griffin , ATL, 20, 18, 8, 10, 7.4, 119.5, 0.7, 10.1, 14.5, 0.1, 4.0, 0.1, 7.7, 2.6, 1.6, 2.2, 8.8, 0.009
533, Robin Lopez , MIL, 36, 16, 10, 6, 4.0, 115.9, 0.1, 3.0, 5.0, 0.1, 10.0, 0.2, 75.0, 1.6, 1.9, 1.3, 3.6, 0.009
534, Xavier Moon , LAC, 29, 10, 6, 4, 3.9, 115.9, 0.3, 7.7, 11.5, 0.1, 100, 0.1, 33.3, 1.9, 1.0, 1.4, 5.0, 0.009
535, Terquavion Smith , PHI, 21, 13, 5, 8, 5.8, 119.0, 0.2, 4.3, 7.0, 0.6, 38.1, 0.0, 0.0, 2.4, 2.2, 2.0, 6.6, 0.009
536, Danny Green , PHI, 36, 2, 1, 1, 9.2, 120.5, 1.0, 11.1, 15.4, 0.5, 50.0, 0.0, 0.0, 4.0, 2.5, 2.5, 9.0, 0.009
537, Theo Maledon , PHX, 22, 17, 5, 12, 12.5, 121.6, 1.2, 9.3, 14.1, 0.4, 23.3, 0.0, 0.0, 6.4, 3.0, 4.2, 12.0, 0.008
538, Chris Livingston , MIL, 20, 18, 11, 7, 4.1, 117.8, 0.7, 19.4, 26.5, 0.1, 25.0, 0.0, 0.0, 2.1, 1.3, 1.4, 3.6, 0.007
539, Frank Ntilikina , CHA, 25, 5, 0, 5, 8.6, 121.1, 1.0, 11.1, 15.6, 0.0, 0.0, 0.0, 0.0, 2.6, 2.6, 1.6, 10.4, 0.007
540, Jacob Toppin , NYK, 23, 9, 2, 7, 4.2, 118.4, 0.4, 14.8, 20.0, 0.0, 0.0, 0.1, 50.0, 2.3, 0.6, 1.6, 3.3, 0.006
541, Jalen Slawson , SAC, 24, 10, 7, 3, 3.3, 116.9, 0.6, 18.2, 33.3, 0.1, 33.3, 0.1, 33.3, 2.2, 1.3, 1.0, 4.2, 0.006
542, Brandon Boston Jr. , LAC, 22, 28, 16, 12, 8.9, 122.0, 0.8, 8.9, 14.7, 0.1, 14.3, 0.3, 24.1, 3.9, 3.4, 3.2, 11.4, 0.005
543, Jordan Miller , LAC, 24, 8, 5, 3, 3.5, 119.7, 0.3, 5.7, 11.8, 0.0, 0.0, 0.0, 0.0, 2.0, 2.1, 1.8, 5.3, 0.004
544, Moussa Diabate , LAC, 22, 11, 7, 4, 5.8, 121.1, 0.8, 12.9, 25.0, 0.5, 50.0, 0.1, 25.0, 3.4, 2.3, 1.3, 5.5, 0.004
545, Colin Castleton , LAL, 23, 14, 8, 6, 4.0, 120.0, 0.4, 12.5, 21.4, 0.1, 10.0, 0.0, 0.0, 1.5, 1.4, 1.1, 4.6, 0.004
546, D.J. Carton , TOR, 23, 4, 2, 2, 8.9, 122.8, 0.5, 4.3, 9.5, 0.3, 20.0, 0.0, 0.0, 3.5, 7.5, 0.5, 10.5, 0.003
547, Emoni Bates , CLE, 20, 13, 7, 6, 7.8, 122.6, 0.8, 10.8, 17.9, 0.1, 7.1, 0.2, 22.2, 3.7, 2.4, 2.9, 6.5, 0.003
548, Quenton Jackson , IND, 25, 1, 1, 0, 1.8, 120.0, 1.0, 50.0, 50.0, 0.0, 0.0, 0.0, 0.0, 4.0, 0.0, 2.0, 2.0, 0.003
549, Boban Marjanovic , HOU, 35, 13, 8, 5, 4.5, 122.3, 1.3, 28.8, 41.5, 0.0, 0.0, 0.1, 20.0, 2.2, 1.2, 2.1, 4.3, 0.002
550, Isaiah Wong , IND, 23, 1, 1, 0, 4.3, 122.2, 0.0, 0.0, 0.0, 0.0, 0.0, 0.0, 0.0, 2.0, 0.0, 0.0, 6.0, 0.002
551, Shaquille Harrison , MEM, 30, 3, 1, 2, 2.0, 121.4, 0.7, 40.0, 50.0, 0.0, 0.0, 0.3, 100, 0.0, 0.3, 1.0, 2.7, 0.002
552, Harry Giles III , LAL, 25, 22, 10, 12, 4.5, 123.8, 0.7, 16.3, 28.1, 0.1, 16.7, 0.1, 37.5, 1.5, 1.5, 1.8, 4.7, 0.000
553, Mouhamed Gueye , ATL, 21, 3, 2, 1, 2.7, 125.0, 0.0, 0.0, 0.0, 0.3, 50.0, 0.0, 0.0, 2.0, 0.0, 1.7, 4.0, -0.001
554, Brice Sensabaugh , UTA, 20, 28, 6, 22, 17.5, 124.4, 2.6, 15.8, 22.8, 0.4, 19.6, 0.1, 8.7, 7.8, 4.6, 7.6, 18.9, -0.003
555, Lindell Wigginton , MIL, 26, 3, 3, 0, 2.5, 131.3, 0.0, 0.0, 0.0, 0.0, 0.0, 0.0, 0.0, 2.7, 1.7, 3.3, 4.0, -0.005
556, Isaiah Thomas , PHX, 35, 4, 3, 1, 3.4, 129.6, 0.0, 0.0, 0.0, 0.0, 0.0, 0.0, 0.0, 0.5, 1.3, 1.0, 3.5, -0.005
557, Udoka Azubuike , PHX, 24, 16, 12, 4, 7.1, 126.5, 1.3, 16.9, 27.3, 0.1, 8.3, 0.4, 30.0, 3.9, 2.9, 1.9, 6.8, -0.006
558, Pat Spencer , GSW, 27, 4, 2, 2, 2.2, 135.3, 0.0, 0.0, 0.0, 0.0, 0.0, 0.0, 0.0, 0.8, 1.5, 1.3, 2.0, -0.007
559, Javonte Smart , PHI, 24, 1, 1, 0, 0.7, 150.0, 0.0, 0.0, 0.0, 0.0, 0.0, 0.0, 0.0, 0.0, 3.0, 0.0, 0.0, -0.007
560, Darius Bazley , UTA, 23, 5, 0, 5, 14.7, 125.9, 1.6, 12.3, 22.9, 0.6, 30.0, 0.6, 50.0, 4.0, 4.0, 5.0, 20.0, -0.008
561, Isaiah Livers , DET, 25, 23, 1, 22, 20.4, 125.4, 1.4, 7.3, 11.5, 0.6, 19.1, 0.2, 13.5, 8.1, 6.8, 5.8, 24.5, -0.010
562, Kevon Harris , ORL, 26, 2, 1, 1, 3.0, 133.3, 1.0, 28.6, 40.0, 0.0, 0.0, 0.0, 0.0, 1.0, 2.0, 1.0, 4.0, -0.010
563, D'Moi Hodge , LAL, 25, 7, 1, 6, 5.9, 130.6, 0.0, 0.0, 0.0, 0.1, 14.3, 0.1, 25.0, 4.0, 3.1, 0.9, 7.1, -0.011
564, Alex Fudge , DAL, 20, 4, 1, 3, 3.6, 137.9, 0.0, 0.0, 0.0, 0.0, 0.0, 0.0, 0.0, 3.8, 1.3, 0.5, 4.0, -0.014
565, Usman Garuba , GSW, 22, 4, 3, 1, 2.6, 152.2, 0.0, 0.0, 0.0, 0.3, 100, 0.0, 0.0, 1.5, 1.5, 2.5, 3.0, -0.022
566, Ty Jerome , CLE, 26, 2, 1, 1, 7.4, 143.8, 0.0, 0.0, 0.0, 0.0, 0.0, 0.0, 0.0, 3.5, 2.0, 5.5, 12.0, -0.045
567, Keon Johnson , BKN, 22, 4, 0, 4, 12.8, 144.2, 0.5, 5.1, 9.5, 0.8, 60.0, 0.3, 100, 2.3, 5.8, 5.0, 15.0, -0.074
568, Ron Harper Jr. , TOR, 23, 1, 1, 0, 3.7, 188.9, 0.0, 0.0, 0.0, 0.0, 0.0, 0.0, 0.0, 5.0, 5.0, 1.0, 10.0, -0.080
569, Dariq Whitehead , BKN, 19, 2, 1, 1, 12.0, 153.7, 2.0, 19.0, 28.6, 0.0, 0.0, 0.5, 50.0, 1.5, 7.0, 3.5, 14.0, -0.113