IND, PLAYER, TEAM, AGE, GP, W, L, MIN, %FGA_2PT, %FGA_3PT, %PTS_2PT, %PTS_2PT_MR, %PTS_3PT, %PTS_FBPS, %PTS_FT, %PTS_OFFTO, %PTS_PITP, 2FG_%AST, 2FGM_%UAST, 3FGM_%AST, 3FGM_%UAST, FGM_%AST, FGM_%UAST
1, Buddy Hield , PHI, 31, 81, 43, 38, 25.9, 33.4, 66.6, 30.7, 4.5, 64.3, 20.0, 5.0, 20.2, 26.2, 67.1, 32.9, 92.3, 7.7, 81.8, 18.2
2, Austin Reaves , LAL, 25, 79, 45, 34, 32.2, 55.7, 44.3, 46.9, 8.0, 34.7, 14.7, 18.4, 12.4, 38.9, 41.4, 58.6, 67.4, 32.6, 50.0, 50.0
2, Dennis Schroder , BKN, 30, 79, 29, 50, 31.0, 60.4, 39.6, 47.2, 13.3, 37.1, 7.0, 15.7, 13.0, 34.0, 33.8, 66.2, 82.4, 17.6, 50.5, 49.5
2, Georges Niang , CLE, 30, 79, 46, 33, 22.3, 37.9, 62.1, 36.0, 4.9, 57.2, 10.1, 6.8, 9.1, 31.1, 73.7, 26.3, 97.9, 2.1, 86.1, 13.9
2, Mikal Bridges , BKN, 27, 79, 31, 48, 35.2, 54.8, 45.2, 43.2, 9.2, 40.6, 12.8, 16.2, 14.5, 34.0, 49.1, 50.9, 87.9, 12.1, 64.0, 36.0
2, Obi Toppin , IND, 26, 79, 45, 34, 21.3, 56.4, 43.6, 54.3, 1.0, 36.6, 19.7, 9.1, 17.4, 53.3, 78.9, 21.1, 99.0, 1.0, 85.1, 14.9
2, Paul Reed , PHI, 24, 79, 44, 35, 19.4, 87.8, 12.2, 78.5, 7.3, 11.0, 4.4, 10.5, 14.0, 71.2, 63.6, 36.4, 85.7, 14.3, 65.4, 34.6
8, Andre Drummond , CHI, 30, 78, 37, 41, 17.3, 99.4, 0.6, 80.4, 0.6, 0.0, 4.1, 19.6, 14.4, 79.8, 56.2, 43.8, 0.0, 0.0, 56.2, 43.8
8, Bobby Portis , MIL, 29, 78, 47, 31, 24.4, 72.7, 27.3, 64.5, 18.4, 26.5, 7.8, 9.0, 11.9, 46.1, 55.1, 44.9, 97.9, 2.1, 64.3, 35.7
8, Cason Wallace , OKC, 20, 78, 53, 25, 20.7, 47.3, 52.7, 43.0, 6.7, 51.7, 21.3, 5.3, 17.6, 36.3, 64.7, 35.3, 96.8, 3.2, 78.9, 21.1
8, Chet Holmgren , OKC, 21, 78, 53, 25, 29.8, 63.2, 36.8, 55.0, 4.6, 28.9, 8.3, 16.1, 13.3, 50.4, 64.7, 35.3, 97.6, 2.4, 73.2, 26.8
8, Christian Braun , DEN, 22, 78, 54, 24, 19.9, 66.8, 33.2, 53.7, 2.9, 30.5, 23.4, 15.8, 18.5, 50.8, 69.6, 30.4, 94.6, 5.4, 76.5, 23.5
8, Collin Sexton , UTA, 25, 78, 29, 49, 26.6, 68.7, 31.3, 51.9, 4.9, 26.3, 17.8, 21.8, 15.8, 46.9, 41.8, 58.2, 80.5, 19.5, 51.6, 48.4
8, Domantas Sabonis , SAC, 27, 78, 45, 33, 35.8, 92.0, 8.0, 75.7, 3.7, 6.1, 7.2, 18.2, 11.7, 72.0, 60.3, 39.7, 93.5, 6.5, 62.0, 38.0
8, Harrison Barnes , SAC, 31, 78, 45, 33, 28.8, 46.9, 53.1, 39.4, 5.1, 46.0, 8.6, 14.6, 12.6, 34.3, 63.2, 36.8, 97.2, 2.8, 78.1, 21.9
8, Jalen Green , HOU, 22, 78, 38, 40, 31.9, 55.2, 44.8, 45.2, 8.5, 36.7, 16.8, 18.1, 16.0, 36.7, 34.5, 65.5, 55.8, 44.2, 42.0, 58.0
8, Jonas Valanciunas , NOP, 31, 78, 46, 32, 23.7, 83.1, 16.9, 72.5, 10.1, 11.5, 2.0, 16.0, 8.8, 62.3, 61.4, 38.6, 100, 0.0, 65.1, 34.9
8, Nickeil Alexander-Walker , MIN, 25, 78, 54, 24, 23.5, 37.2, 62.8, 31.7, 4.2, 60.3, 11.9, 8.0, 15.2, 27.5, 56.7, 43.3, 97.6, 2.4, 79.5, 20.5
8, Payton Pritchard , BOS, 26, 78, 62, 16, 21.9, 37.5, 62.5, 35.3, 8.3, 58.6, 12.8, 6.1, 11.1, 27.0, 30.1, 69.9, 86.8, 13.2, 59.8, 40.2
8, Reggie Jackson , DEN, 33, 78, 54, 24, 22.2, 62.7, 37.3, 53.9, 11.0, 36.8, 7.8, 9.3, 13.9, 42.9, 40.5, 59.5, 76.5, 23.5, 51.8, 48.2
21, Cole Anthony , ORL, 23, 77, 46, 31, 22.6, 63.4, 36.6, 50.4, 11.4, 29.9, 10.3, 19.7, 16.4, 39.0, 28.4, 71.6, 89.9, 10.1, 45.9, 54.1
21, Corey Kispert , WAS, 25, 77, 15, 62, 25.4, 39.7, 60.3, 38.1, 2.2, 51.2, 14.6, 10.7, 13.4, 35.9, 75.6, 24.4, 96.5, 3.5, 85.5, 14.5
21, Donte DiVincenzo , NYK, 27, 77, 46, 31, 28.4, 29.1, 70.9, 24.5, 1.7, 68.5, 16.5, 7.0, 16.4, 22.8, 61.4, 38.6, 91.9, 8.1, 81.2, 18.8
21, Jordan Poole , WAS, 24, 77, 15, 62, 30.0, 52.7, 47.3, 45.3, 9.0, 40.3, 15.9, 14.4, 15.1, 36.3, 41.4, 58.6, 66.5, 33.5, 50.7, 49.3
21, Josh Giddey , OKC, 21, 77, 53, 24, 25.2, 71.7, 28.3, 65.0, 6.5, 25.2, 15.1, 9.8, 14.4, 58.5, 52.9, 47.1, 96.3, 3.7, 61.8, 38.2
21, Josh Hart , NYK, 29, 77, 45, 32, 33.1, 61.1, 38.9, 55.4, 2.6, 32.6, 19.1, 12.0, 17.3, 52.9, 63.4, 36.6, 88.2, 11.8, 70.4, 29.6
21, Michael Porter Jr. , DEN, 25, 77, 54, 23, 31.8, 48.3, 51.7, 44.2, 15.5, 49.2, 15.0, 6.6, 15.4, 28.6, 75.6, 24.4, 96.2, 3.8, 84.4, 15.6
21, Naz Reid , MIN, 24, 77, 54, 23, 24.4, 51.5, 48.5, 43.3, 1.1, 47.1, 10.6, 9.6, 13.9, 42.1, 63.3, 36.7, 100, 0.0, 78.7, 21.3
21, Pascal Siakam , IND, 30, 77, 36, 41, 33.4, 80.4, 19.6, 68.5, 8.2, 14.7, 15.1, 16.8, 11.2, 60.2, 50.8, 49.2, 97.6, 2.4, 56.6, 43.4
30, Ayo Dosunmu , CHI, 24, 76, 37, 39, 29.1, 59.0, 41.0, 52.2, 5.6, 38.6, 24.9, 9.2, 19.4, 46.5, 54.8, 45.2, 89.1, 10.9, 66.1, 33.9
30, DeMar DeRozan , CHI, 34, 76, 36, 40, 37.7, 83.5, 16.5, 60.8, 25.2, 11.4, 3.6, 27.8, 13.2, 35.6, 29.0, 71.0, 86.8, 13.2, 35.4, 64.6
30, Luguentz Dort , OKC, 24, 76, 51, 25, 28.6, 40.1, 59.9, 31.0, 3.6, 54.1, 14.3, 14.9, 17.2, 27.4, 63.3, 36.7, 99.3, 0.7, 82.7, 17.3
30, Moritz Wagner , ORL, 26, 76, 45, 31, 17.6, 78.7, 21.3, 67.2, 0.5, 13.5, 3.8, 19.3, 16.5, 66.7, 78.6, 21.4, 97.3, 2.7, 80.8, 19.2
30, Paolo Banchero , ORL, 21, 76, 45, 31, 34.9, 75.0, 25.0, 58.0, 14.2, 19.9, 13.0, 22.1, 17.0, 43.7, 36.4, 63.6, 66.7, 33.3, 42.1, 57.9
30, Peyton Watson , DEN, 21, 76, 53, 23, 18.4, 64.8, 35.2, 60.4, 5.5, 26.0, 22.3, 13.6, 15.0, 54.8, 79.1, 20.9, 97.7, 2.3, 83.2, 16.8
36, Aaron Holiday , HOU, 27, 75, 37, 38, 16.2, 47.3, 52.7, 38.3, 8.3, 50.5, 8.5, 11.2, 13.7, 29.9, 23.9, 76.1, 81.5, 18.5, 50.9, 49.1
36, Anthony Edwards , MIN, 22, 75, 52, 23, 35.1, 66.1, 33.9, 51.7, 10.6, 28.1, 15.2, 20.2, 16.2, 41.1, 33.2, 66.8, 56.0, 44.0, 39.3, 60.7
36, Bogdan Bogdanovic , ATL, 31, 75, 35, 40, 30.4, 41.9, 58.1, 34.9, 7.6, 54.2, 15.3, 10.9, 14.5, 27.3, 54.8, 45.2, 86.0, 14.0, 70.7, 29.3
36, Brook Lopez , MIL, 36, 75, 46, 29, 30.7, 46.7, 53.3, 44.4, 2.6, 44.2, 1.6, 11.4, 6.9, 41.9, 74.5, 25.5, 100, 0.0, 84.7, 15.3
36, Cameron Payne , PHI, 29, 75, 43, 32, 16.6, 45.0, 55.0, 36.1, 6.8, 53.6, 9.1, 10.3, 11.3, 29.3, 43.6, 56.4, 78.0, 22.0, 60.7, 39.3
36, Coby White , CHI, 24, 75, 35, 40, 36.4, 53.0, 47.0, 42.4, 6.5, 42.9, 16.4, 14.7, 16.7, 35.9, 29.6, 70.4, 85.2, 14.8, 52.0, 48.0
36, Dejounte Murray , ATL, 27, 75, 34, 41, 35.6, 61.9, 38.1, 53.3, 14.2, 34.6, 11.7, 12.1, 13.0, 39.2, 26.3, 73.7, 69.6, 30.4, 39.4, 60.6
36, Kelly Olynyk , TOR, 32, 75, 31, 44, 22.4, 68.1, 31.9, 56.6, 4.4, 24.1, 9.3, 19.3, 12.1, 52.1, 53.9, 46.1, 96.6, 3.4, 63.4, 36.6
36, Kyle Anderson , MIN, 30, 75, 53, 22, 22.8, 88.8, 11.2, 74.4, 7.2, 6.6, 8.0, 19.0, 11.5, 67.2, 50.8, 49.2, 100, 0.0, 53.6, 46.4
36, Malik Beasley , MIL, 27, 75, 44, 31, 29.8, 24.6, 75.4, 20.6, 4.4, 76.5, 13.7, 2.9, 16.7, 16.1, 68.2, 31.8, 95.0, 5.0, 87.3, 12.7
36, Nikola Jokic , DEN, 29, 75, 52, 23, 34.6, 83.3, 16.7, 70.7, 7.3, 11.8, 3.8, 17.5, 10.1, 63.5, 57.0, 43.0, 80.8, 19.2, 59.4, 40.6
36, Royce O'Neale , PHX, 30, 75, 35, 40, 24.6, 21.7, 78.3, 18.8, 1.0, 77.5, 10.6, 3.7, 17.8, 17.8, 66.7, 33.3, 93.9, 6.1, 86.6, 13.4
36, Sam Hauser , BOS, 26, 75, 60, 15, 21.7, 14.9, 85.1, 13.7, 2.1, 84.0, 14.3, 2.3, 12.2, 11.6, 73.3, 26.7, 98.4, 1.6, 93.4, 6.6
36, Taurean Prince , LAL, 30, 75, 42, 33, 27.3, 37.3, 62.7, 32.2, 3.8, 60.7, 16.2, 7.1, 13.9, 28.4, 86.2, 13.8, 94.2, 5.8, 90.7, 9.3
36, Tim Hardaway Jr. , DAL, 32, 75, 47, 28, 27.3, 39.0, 61.0, 31.6, 12.6, 55.5, 15.2, 12.9, 13.8, 19.0, 68.6, 31.4, 85.9, 14.1, 77.9, 22.1
51, Aaron Wiggins , OKC, 25, 74, 51, 23, 15.5, 65.7, 34.3, 55.4, 1.2, 34.5, 15.6, 10.1, 17.0, 54.1, 67.9, 32.1, 96.5, 3.5, 76.3, 23.7
51, Anthony Davis , LAL, 31, 74, 43, 31, 35.5, 92.0, 8.0, 73.0, 9.2, 4.6, 7.4, 22.4, 14.0, 63.9, 67.2, 32.8, 96.4, 3.6, 68.4, 31.6
51, Grant Williams , CHA, 25, 74, 33, 41, 28.0, 44.1, 55.9, 37.8, 3.4, 48.8, 9.9, 13.4, 14.6, 34.4, 74.1, 25.9, 95.1, 4.9, 83.8, 16.2
51, Isaiah Joe , OKC, 24, 74, 50, 24, 18.8, 27.2, 72.8, 23.1, 8.4, 69.6, 14.1, 7.3, 18.5, 14.6, 74.6, 25.4, 96.5, 3.5, 89.3, 10.7
51, Jarrett Allen , CLE, 25, 74, 44, 30, 31.7, 99.4, 0.6, 81.2, 3.8, 0.0, 6.8, 18.8, 11.5, 77.4, 81.9, 18.1, 0.0, 0.0, 81.9, 18.1
51, Jeff Green , HOU, 37, 74, 36, 38, 16.8, 57.1, 42.9, 45.4, 5.5, 30.3, 8.4, 24.3, 13.4, 39.9, 72.2, 27.8, 93.8, 6.3, 78.8, 21.2
51, Jeremy Sochan , SAS, 20, 74, 18, 56, 29.6, 70.7, 29.3, 62.7, 3.3, 24.4, 14.6, 12.9, 12.1, 59.5, 59.6, 40.4, 98.6, 1.4, 67.6, 32.4
51, Klay Thompson , GSW, 34, 74, 39, 35, 29.6, 39.1, 60.9, 32.7, 15.6, 58.4, 12.4, 8.9, 13.3, 17.0, 71.8, 28.2, 93.3, 6.7, 83.5, 16.5
51, Myles Turner , IND, 28, 74, 43, 31, 27.1, 64.6, 35.4, 54.8, 8.0, 26.2, 6.8, 19.0, 9.3, 46.8, 79.8, 20.2, 100, 0.0, 84.7, 15.3
51, Norman Powell , LAC, 30, 74, 47, 27, 26.2, 49.7, 50.3, 38.8, 6.5, 47.5, 12.9, 13.7, 14.7, 32.2, 69.3, 30.7, 91.5, 8.5, 79.3, 20.7
51, Ochai Agbaji , TOR, 23, 74, 31, 43, 20.5, 49.9, 50.1, 49.9, 2.8, 42.7, 22.4, 7.4, 14.0, 47.1, 76.6, 23.4, 98.4, 1.6, 84.5, 15.5
62, D'Angelo Russell , LAL, 28, 73, 44, 29, 32.5, 50.0, 50.0, 39.3, 8.0, 49.3, 14.3, 11.4, 13.4, 31.4, 37.8, 62.2, 73.1, 26.9, 53.8, 46.2
62, Derrick Jones Jr. , DAL, 27, 73, 45, 28, 23.5, 51.6, 48.4, 47.1, 0.9, 37.9, 15.3, 15.0, 16.1, 46.1, 75.8, 24.2, 98.8, 1.2, 83.8, 16.2
62, Jaden Ivey , DET, 22, 73, 13, 60, 28.8, 62.5, 37.5, 50.0, 6.0, 30.4, 20.3, 19.6, 12.0, 44.0, 41.6, 58.4, 89.5, 10.5, 55.4, 44.6
62, Jalen Brunson , NYK, 27, 73, 45, 28, 35.3, 68.2, 31.8, 52.9, 12.1, 28.3, 9.0, 18.8, 12.8, 40.7, 23.2, 76.8, 60.8, 39.2, 33.1, 66.9
62, Jusuf Nurkic , PHX, 29, 73, 45, 28, 27.3, 85.6, 14.4, 71.9, 1.2, 8.1, 2.1, 20.0, 12.1, 70.6, 64.9, 35.1, 100, 0.0, 67.4, 32.6
62, Keegan Murray , SAC, 23, 73, 42, 31, 33.5, 48.4, 51.6, 45.5, 9.2, 45.7, 15.6, 8.8, 16.5, 36.3, 74.1, 25.9, 97.6, 2.4, 83.5, 16.5
62, Malaki Branham , SAS, 20, 73, 17, 56, 21.2, 57.8, 42.2, 51.7, 8.6, 40.1, 12.0, 8.2, 18.4, 43.1, 66.1, 33.9, 96.7, 3.3, 76.5, 23.5
62, Nikola Vucevic , CHI, 33, 73, 35, 38, 34.1, 74.0, 26.0, 72.0, 14.9, 20.0, 1.7, 8.0, 10.9, 57.1, 74.4, 25.6, 100, 0.0, 78.4, 21.6
62, Spencer Dinwiddie , LAL, 31, 73, 36, 37, 28.7, 42.7, 57.3, 32.3, 2.3, 46.6, 9.4, 21.1, 7.2, 30.0, 16.0, 84.0, 77.5, 22.5, 46.1, 53.9
62, Tre Jones , SAS, 24, 73, 18, 55, 27.6, 68.4, 31.6, 61.0, 3.3, 25.2, 16.1, 13.8, 15.4, 57.7, 41.2, 58.8, 90.2, 9.8, 51.8, 48.2
72, Cedi Osman , SAS, 29, 72, 17, 55, 17.6, 42.4, 57.6, 40.1, 2.5, 52.8, 19.6, 7.1, 13.1, 37.6, 72.4, 27.6, 96.5, 3.5, 83.7, 16.3
72, Deni Avdija , WAS, 23, 72, 14, 58, 29.9, 71.1, 28.9, 58.3, 2.7, 23.6, 18.5, 18.1, 13.2, 55.6, 58.0, 42.0, 88.0, 12.0, 64.4, 35.6
72, Drew Eubanks , PHX, 27, 72, 40, 32, 15.7, 98.8, 1.2, 78.2, 0.5, 2.4, 3.0, 19.4, 7.0, 77.6, 80.7, 19.3, 100, 0.0, 81.1, 18.9
72, Giannis Antetokounmpo , MIL, 29, 72, 44, 28, 35.3, 90.9, 9.1, 72.1, 5.5, 4.6, 18.1, 23.3, 12.8, 66.6, 50.8, 49.2, 50.0, 50.0, 50.7, 49.3
72, Herbert Jones , NOP, 25, 72, 43, 29, 30.3, 54.2, 45.8, 43.6, 2.3, 40.1, 22.2, 16.3, 20.3, 41.3, 60.1, 39.9, 96.2, 3.8, 73.8, 26.2
72, Isaiah Hartenstein , NYK, 25, 72, 44, 28, 25.1, 99.1, 0.9, 80.1, 1.8, 0.5, 4.9, 19.4, 12.9, 78.3, 66.1, 33.9, 100, 0.0, 66.2, 33.8
72, Jabari Smith Jr. , HOU, 20, 72, 36, 36, 31.8, 54.3, 45.7, 45.6, 10.3, 39.7, 12.4, 14.7, 12.2, 35.3, 61.9, 38.1, 94.7, 5.3, 73.9, 26.1
72, Jayson Tatum , BOS, 26, 72, 57, 15, 35.8, 57.5, 42.5, 44.6, 9.3, 34.5, 11.1, 20.9, 15.4, 35.2, 35.5, 64.5, 47.8, 52.2, 39.7, 60.3
72, Kentavious Caldwell-Pope , DEN, 31, 72, 51, 21, 31.8, 47.4, 52.6, 36.5, 13.3, 49.8, 21.8, 13.7, 17.3, 23.1, 75.4, 24.6, 94.3, 5.7, 84.4, 15.6
72, Malik Monk , SAC, 26, 72, 42, 30, 26.0, 52.6, 47.4, 44.7, 8.3, 40.0, 15.5, 15.3, 13.8, 36.4, 46.4, 53.6, 78.4, 21.6, 58.3, 41.7
72, Mike Conley , MIN, 36, 72, 51, 21, 28.8, 37.6, 62.4, 27.1, 3.7, 60.7, 12.5, 12.2, 12.9, 23.4, 47.7, 52.3, 80.4, 19.6, 67.3, 32.7
72, Pat Connaughton , MIL, 31, 72, 43, 29, 22.2, 30.1, 69.9, 30.7, 0.5, 59.1, 7.3, 10.2, 14.6, 30.2, 65.1, 34.9, 96.3, 3.7, 82.6, 17.4
72, Paul George , LAC, 33, 72, 47, 25, 34.1, 52.3, 47.7, 40.8, 15.5, 43.6, 10.4, 15.6, 13.9, 25.3, 45.2, 54.8, 73.5, 26.5, 57.0, 43.0
72, Rudy Gobert , MIN, 31, 72, 51, 21, 34.0, 99.5, 0.5, 76.9, 0.6, 0.0, 4.8, 23.1, 14.1, 76.3, 68.3, 31.7, 0.0, 0.0, 68.3, 31.7
86, Brandon Miller , CHA, 21, 71, 17, 54, 32.4, 54.9, 45.1, 46.5, 14.6, 42.7, 15.4, 10.8, 13.9, 31.9, 49.6, 50.4, 91.4, 8.6, 65.5, 34.5
86, Daniel Gafford , DAL, 25, 71, 28, 43, 24.7, 100, 0.0, 84.9, 1.6, 0.0, 8.2, 15.1, 14.0, 83.4, 75.5, 24.5, 0.0, 0.0, 75.5, 24.5
86, Derrick White , BOS, 29, 71, 58, 13, 32.7, 41.4, 58.6, 34.7, 3.3, 52.8, 12.3, 12.5, 11.7, 31.4, 41.6, 58.4, 79.8, 20.2, 60.8, 39.2
86, Fred VanVleet , HOU, 30, 71, 37, 34, 36.7, 41.8, 58.2, 31.2, 13.4, 53.4, 15.7, 15.4, 15.6, 17.8, 21.0, 79.0, 57.1, 42.9, 40.2, 59.8
86, Grayson Allen , PHX, 28, 71, 42, 29, 33.6, 34.3, 65.7, 26.0, 0.4, 61.3, 14.1, 12.7, 12.0, 25.6, 56.8, 43.2, 91.3, 8.7, 77.9, 22.1
86, Jaime Jaquez Jr. , MIA, 23, 71, 41, 30, 28.3, 71.2, 28.8, 62.9, 4.3, 21.4, 15.0, 15.7, 16.3, 58.7, 53.2, 46.8, 96.7, 3.3, 61.2, 38.8
86, Jalen Suggs , ORL, 22, 71, 42, 29, 26.9, 45.8, 54.2, 38.4, 5.2, 49.8, 16.7, 11.8, 20.9, 33.2, 48.5, 51.5, 86.3, 13.7, 66.0, 34.0
86, James Harden , LAC, 34, 71, 46, 25, 34.6, 40.6, 59.4, 27.8, 4.2, 47.0, 11.1, 25.2, 11.2, 23.6, 15.8, 84.2, 46.2, 53.8, 31.9, 68.1
86, Jonathan Kuminga , GSW, 21, 71, 37, 34, 26.3, 80.9, 19.1, 68.2, 5.7, 13.2, 16.7, 18.6, 14.0, 62.5, 61.6, 38.4, 92.2, 7.8, 65.1, 34.9
86, Kevin Durant , PHX, 35, 71, 41, 30, 37.1, 71.8, 28.2, 57.2, 24.3, 24.7, 12.6, 18.1, 13.8, 32.9, 50.9, 49.1, 81.3, 18.8, 57.7, 42.3
86, Kevon Looney , GSW, 28, 71, 41, 30, 16.2, 99.5, 0.5, 83.2, 2.5, 0.0, 3.2, 16.8, 10.5, 80.6, 67.2, 32.8, 0.0, 0.0, 67.2, 32.8
86, Keyonte George , UTA, 20, 71, 25, 46, 26.9, 46.1, 53.9, 35.0, 7.3, 44.9, 12.4, 20.1, 13.9, 27.7, 37.1, 62.9, 70.6, 29.4, 52.5, 47.5
86, Precious Achiuwa , NYK, 24, 71, 37, 34, 22.3, 79.3, 20.7, 74.0, 1.1, 13.5, 10.3, 12.5, 16.8, 72.9, 59.5, 40.5, 96.0, 4.0, 63.5, 36.5
86, Shai Gilgeous-Alexander , OKC, 25, 71, 51, 20, 34.4, 82.2, 17.8, 62.4, 14.5, 12.8, 11.4, 24.8, 16.8, 47.9, 22.4, 77.6, 37.0, 63.0, 24.1, 75.9
86, Stephen Curry , GSW, 36, 71, 41, 30, 32.7, 39.5, 60.5, 30.2, 7.9, 54.2, 8.7, 15.6, 13.4, 22.4, 39.1, 60.9, 61.4, 38.6, 51.2, 48.8
86, Terance Mann , LAC, 27, 71, 46, 25, 25.3, 57.3, 42.7, 54.2, 2.3, 33.5, 25.3, 12.3, 16.4, 51.9, 63.6, 36.4, 94.1, 5.9, 72.5, 27.5
102, Aaron Gordon , DEN, 28, 70, 47, 23, 31.6, 80.8, 19.2, 70.8, 2.2, 11.9, 12.4, 17.3, 10.7, 68.6, 64.3, 35.7, 84.6, 15.4, 66.3, 33.7
102, Brandin Podziemski , GSW, 21, 70, 38, 32, 26.7, 60.8, 39.2, 53.1, 2.8, 39.4, 13.6, 7.5, 15.9, 50.3, 54.1, 45.9, 75.3, 24.7, 61.1, 38.9
102, Clint Capela , ATL, 29, 70, 33, 37, 25.7, 99.8, 0.2, 84.0, 0.0, 0.0, 8.2, 16.0, 14.7, 84.0, 67.7, 32.3, 0.0, 0.0, 67.7, 32.3
102, Damian Lillard , MIL, 33, 70, 46, 24, 35.4, 50.9, 49.1, 36.0, 8.0, 37.5, 7.6, 26.5, 10.7, 27.9, 20.1, 79.9, 51.6, 48.4, 33.0, 67.0
102, De'Aaron Fox , SAC, 26, 70, 41, 29, 35.8, 62.8, 37.2, 51.7, 8.5, 32.2, 13.7, 16.1, 15.2, 43.2, 20.0, 80.0, 62.3, 37.7, 32.4, 67.6
102, Franz Wagner , ORL, 22, 70, 43, 27, 32.4, 69.3, 30.7, 60.8, 2.2, 20.1, 13.2, 19.1, 18.3, 58.6, 42.4, 57.6, 78.3, 21.7, 48.9, 51.1
102, Julian Champagnie , SAS, 22, 70, 16, 54, 19.3, 30.6, 69.4, 24.1, 0.9, 61.7, 13.6, 14.2, 12.9, 23.2, 85.5, 14.5, 97.9, 2.1, 93.3, 6.7
102, Kyle Kuzma , WAS, 28, 70, 13, 57, 32.6, 65.7, 34.3, 58.9, 7.9, 29.2, 17.5, 11.9, 15.4, 51.0, 54.0, 46.0, 78.8, 21.2, 60.2, 39.8
102, P.J. Washington , DAL, 25, 70, 28, 42, 30.6, 49.3, 50.7, 47.1, 1.5, 42.2, 13.0, 10.7, 15.5, 45.6, 79.6, 20.4, 95.3, 4.7, 85.5, 14.5
102, Toumani Camara , POR, 23, 70, 19, 51, 24.8, 60.7, 39.3, 52.8, 1.1, 33.0, 16.1, 14.2, 16.3, 51.6, 50.4, 49.6, 100, 0.0, 65.0, 35.0
112, Aaron Nesmith , IND, 24, 69, 39, 30, 27.8, 46.9, 53.1, 39.0, 3.8, 49.3, 16.5, 11.7, 17.5, 35.2, 69.1, 30.9, 98.6, 1.4, 82.6, 17.4
112, Dillon Brooks , HOU, 28, 69, 34, 35, 31.0, 51.5, 48.5, 42.4, 5.7, 43.8, 16.4, 13.8, 12.0, 36.7, 59.9, 40.1, 96.1, 3.9, 74.7, 25.3
112, Jabari Walker , POR, 21, 69, 18, 51, 23.5, 72.4, 27.6, 60.9, 2.6, 18.8, 9.0, 20.3, 15.3, 58.2, 62.2, 37.8, 100, 0.0, 68.6, 31.4
112, Jaden Hardy , DAL, 21, 69, 42, 27, 13.3, 51.8, 48.2, 41.8, 8.9, 47.5, 15.6, 10.7, 16.4, 32.9, 43.7, 56.3, 83.3, 16.7, 60.8, 39.2
112, Keldon Johnson , SAS, 24, 69, 17, 52, 29.5, 57.4, 42.6, 48.7, 3.3, 35.1, 13.9, 16.2, 13.1, 45.4, 49.2, 50.8, 90.6, 9.4, 62.7, 37.3
112, Patrick Beverley , MIL, 35, 69, 41, 28, 19.7, 52.0, 48.0, 43.4, 2.0, 39.5, 6.3, 17.1, 13.9, 41.5, 34.8, 65.2, 83.3, 16.7, 53.1, 46.9
112, Victor Wembanyama , SAS, 20, 69, 17, 52, 29.5, 66.9, 33.1, 55.4, 8.3, 25.1, 12.2, 19.5, 14.9, 47.1, 73.7, 26.3, 80.5, 19.5, 75.3, 24.7
119, Alex Caruso , CHI, 30, 68, 33, 35, 28.4, 38.5, 61.5, 33.1, 2.3, 56.7, 15.8, 10.2, 18.2, 30.7, 44.2, 55.8, 89.1, 10.9, 68.2, 31.8
119, Davion Mitchell , SAC, 25, 68, 40, 28, 14.9, 50.5, 49.5, 47.5, 9.3, 44.3, 13.3, 8.2, 12.2, 38.3, 48.8, 51.2, 96.1, 3.9, 66.9, 33.1
119, Devin Vassell , SAS, 23, 68, 17, 51, 33.1, 57.8, 42.2, 50.2, 15.7, 37.6, 15.6, 12.2, 11.4, 34.5, 60.2, 39.8, 83.7, 16.3, 68.1, 31.9
119, Dorian Finney-Smith , BKN, 30, 68, 28, 40, 28.4, 34.2, 65.8, 33.8, 0.7, 60.5, 16.2, 5.7, 15.5, 33.1, 74.5, 25.5, 97.4, 2.6, 87.0, 13.0
119, Duncan Robinson , MIA, 29, 68, 38, 30, 28.0, 29.9, 70.1, 26.7, 1.4, 64.1, 13.1, 9.2, 17.1, 25.4, 75.2, 24.8, 91.4, 8.6, 85.2, 14.8
119, Gary Trent Jr. , TOR, 25, 68, 24, 44, 28.1, 46.2, 53.8, 36.7, 11.8, 55.9, 21.4, 7.4, 16.5, 24.9, 58.5, 41.5, 90.8, 9.2, 74.8, 25.2
119, Jaden McDaniels , MIN, 23, 68, 46, 22, 29.2, 60.2, 39.8, 59.3, 7.8, 33.2, 14.5, 7.5, 16.1, 51.5, 61.2, 38.8, 98.8, 1.2, 71.4, 28.6
119, Jaylen Brown , BOS, 27, 68, 52, 16, 33.5, 67.3, 32.7, 59.5, 10.0, 27.3, 19.1, 13.2, 14.9, 49.5, 42.8, 57.2, 63.2, 36.8, 47.6, 52.4
119, Jevon Carter , CHI, 28, 68, 33, 35, 13.6, 36.6, 63.4, 34.0, 18.8, 64.7, 13.1, 1.3, 17.6, 15.2, 67.9, 32.1, 88.7, 11.3, 79.5, 20.5
119, John Collins , UTA, 26, 68, 27, 41, 28.0, 68.9, 31.1, 60.6, 3.5, 25.1, 10.0, 14.3, 12.1, 57.1, 73.0, 27.0, 98.8, 1.2, 78.6, 21.4
119, Kawhi Leonard , LAC, 32, 68, 44, 24, 34.3, 71.1, 28.9, 58.3, 13.8, 26.0, 12.3, 15.7, 16.1, 44.5, 45.1, 54.9, 65.7, 34.3, 49.8, 50.2
119, LeBron James , LAL, 39, 68, 39, 29, 35.1, 70.9, 29.1, 58.2, 5.8, 25.2, 20.1, 16.6, 14.4, 52.4, 43.4, 56.6, 67.6, 32.4, 48.8, 51.2
119, Luka Doncic , DAL, 25, 68, 44, 24, 37.5, 55.6, 44.4, 44.3, 11.4, 35.4, 8.9, 20.3, 13.4, 32.9, 17.1, 82.9, 29.4, 70.6, 21.4, 78.6
119, Nic Claxton , BKN, 24, 68, 26, 42, 29.8, 99.1, 0.9, 86.7, 1.7, 0.4, 8.5, 12.9, 12.3, 85.0, 72.7, 27.3, 100, 0.0, 72.8, 27.2
119, T.J. McConnell , IND, 32, 68, 38, 30, 18.2, 93.2, 6.8, 86.6, 15.4, 6.2, 5.6, 7.2, 10.9, 71.2, 30.7, 69.3, 78.6, 21.4, 32.9, 67.1
119, Tyrese Maxey , PHI, 23, 68, 41, 27, 37.6, 60.0, 40.0, 47.0, 5.7, 34.7, 15.1, 18.3, 18.2, 41.3, 34.1, 65.9, 60.3, 39.7, 42.7, 57.3
135, Andrew Wiggins , GSW, 29, 67, 35, 32, 27.0, 68.3, 31.7, 56.8, 10.1, 28.6, 11.5, 14.6, 10.9, 46.7, 58.3, 41.7, 90.4, 9.6, 66.4, 33.6
135, Bam Adebayo , MIA, 26, 67, 37, 30, 34.2, 96.4, 3.6, 75.4, 9.7, 2.7, 8.5, 21.9, 12.6, 65.7, 57.0, 43.0, 100, 0.0, 58.0, 42.0
135, Jalen Williams , OKC, 22, 67, 47, 20, 31.7, 75.7, 24.3, 63.5, 11.8, 22.9, 14.9, 13.6, 19.4, 51.7, 40.0, 60.0, 75.0, 25.0, 46.8, 53.2
135, Jaxson Hayes , LAL, 23, 67, 39, 28, 12.4, 95.2, 4.8, 82.8, 0.7, 0.0, 12.4, 17.2, 11.7, 82.1, 84.2, 15.8, 0.0, 0.0, 84.2, 15.8
135, Jrue Holiday , BOS, 33, 67, 53, 14, 32.9, 53.4, 46.6, 44.7, 6.7, 48.2, 14.3, 7.1, 11.3, 38.0, 46.3, 53.7, 76.3, 23.7, 58.8, 41.2
135, Marcus Sasser , DET, 23, 67, 10, 57, 18.3, 53.1, 46.9, 43.9, 13.6, 46.6, 9.5, 9.5, 12.6, 30.3, 35.4, 64.6, 65.0, 35.0, 47.7, 52.3
135, Max Strus , CLE, 28, 67, 41, 26, 32.1, 33.7, 66.3, 32.3, 1.9, 58.6, 15.5, 9.1, 18.9, 30.3, 68.4, 31.6, 96.3, 3.7, 83.7, 16.3
135, Tobias Harris , PHI, 31, 67, 38, 29, 33.9, 72.8, 27.2, 61.9, 9.7, 22.6, 17.3, 15.5, 14.0, 52.2, 43.4, 56.6, 95.4, 4.6, 53.6, 46.4
143, Amir Coffey , LAC, 26, 66, 45, 21, 20.0, 48.0, 52.0, 41.0, 3.5, 45.9, 22.2, 13.1, 16.8, 37.5, 80.7, 19.3, 96.8, 3.2, 87.6, 12.4
143, Anthony Black , ORL, 20, 66, 38, 28, 17.2, 62.4, 37.6, 49.7, 5.2, 34.3, 18.3, 16.0, 21.9, 44.4, 72.4, 27.6, 94.3, 5.7, 79.3, 20.7
143, Caris LeVert , CLE, 29, 66, 36, 30, 28.8, 59.0, 41.0, 49.7, 5.7, 34.3, 14.1, 16.0, 18.1, 44.0, 41.2, 58.8, 76.2, 23.8, 52.3, 47.7
143, Immanuel Quickley , TOR, 24, 66, 28, 38, 29.1, 51.7, 48.3, 37.9, 7.8, 44.4, 18.5, 17.7, 16.2, 30.1, 40.0, 60.0, 68.3, 31.7, 52.4, 47.6
143, Isaac Okoro , CLE, 23, 66, 39, 27, 27.4, 55.7, 44.3, 47.6, 1.0, 38.6, 28.6, 13.8, 17.0, 46.6, 79.1, 20.9, 98.8, 1.2, 86.0, 14.0
143, Ivica Zubac , LAC, 27, 66, 41, 25, 26.6, 100, 0.0, 84.5, 0.3, 0.0, 3.7, 15.5, 11.5, 84.2, 76.9, 23.1, 0.0, 0.0, 76.9, 23.1
143, Jaren Jackson Jr. , MEM, 24, 66, 22, 44, 32.2, 68.5, 31.5, 53.7, 1.5, 23.6, 3.4, 22.7, 16.4, 52.2, 49.1, 50.9, 93.2, 6.8, 59.1, 40.9
143, Jordan Hawkins , NOP, 21, 66, 37, 29, 17.5, 34.6, 65.4, 24.8, 9.9, 62.4, 16.6, 12.8, 14.7, 14.9, 73.8, 26.2, 99.1, 0.9, 89.7, 10.3
143, Kris Dunn , UTA, 30, 66, 25, 41, 18.9, 64.5, 35.5, 59.4, 1.1, 34.5, 12.0, 6.1, 16.5, 58.3, 27.4, 72.6, 95.1, 4.9, 46.3, 53.7
143, Miles Bridges , CHA, 26, 66, 16, 50, 37.9, 62.6, 37.4, 55.4, 6.8, 32.7, 10.4, 11.9, 14.9, 48.5, 56.0, 44.0, 87.6, 12.4, 64.9, 35.1
143, Russell Westbrook , LAC, 35, 66, 44, 22, 22.4, 76.6, 23.4, 68.7, 6.0, 16.3, 17.6, 15.0, 14.2, 62.7, 38.1, 61.9, 87.5, 12.5, 44.9, 55.1
143, Simone Fontecchio , DET, 28, 66, 29, 37, 24.9, 39.1, 60.9, 34.1, 2.6, 58.1, 12.9, 7.8, 14.3, 31.5, 72.9, 27.1, 97.8, 2.2, 86.1, 13.9
143, Tyrese Haliburton , IND, 24, 66, 38, 28, 32.3, 49.2, 50.8, 43.7, 11.9, 42.5, 12.1, 13.8, 12.7, 31.8, 30.7, 69.3, 46.8, 53.2, 37.0, 63.0
143, Tyus Jones , WAS, 27, 66, 11, 55, 29.3, 61.6, 38.4, 55.7, 9.9, 40.3, 17.5, 4.0, 16.8, 45.8, 41.8, 58.2, 79.2, 20.8, 54.0, 46.0
143, Zion Williamson , NOP, 23, 66, 39, 27, 31.4, 98.6, 1.4, 77.4, 0.4, 1.0, 12.8, 21.6, 15.6, 77.0, 48.6, 51.4, 100, 0.0, 49.1, 50.9
158, Alec Burks , NYK, 32, 65, 17, 48, 18.5, 41.9, 58.1, 25.1, 8.5, 53.9, 8.3, 21.0, 9.5, 16.7, 50.0, 50.0, 78.0, 22.0, 66.5, 33.5
158, Andrew Nembhard , IND, 24, 65, 39, 26, 24.8, 67.9, 32.1, 64.5, 16.4, 28.6, 14.5, 6.9, 13.7, 48.2, 42.0, 58.0, 93.0, 7.0, 53.6, 46.4
158, Eric Gordon , PHX, 35, 65, 39, 26, 28.0, 36.2, 63.8, 33.1, 0.8, 60.0, 10.9, 6.9, 14.1, 32.3, 64.2, 35.8, 93.1, 6.9, 80.0, 20.0
158, Jae'Sean Tate , HOU, 28, 65, 32, 33, 15.9, 66.4, 33.6, 64.2, 0.0, 26.0, 10.2, 9.8, 15.8, 64.2, 50.6, 49.4, 100, 0.0, 61.1, 38.9
158, Jaylin Williams , OKC, 21, 65, 44, 21, 12.9, 36.0, 64.0, 28.9, 2.4, 57.8, 4.8, 13.3, 14.5, 26.5, 80.6, 19.4, 100, 0.0, 91.7, 8.3
158, Kelly Oubre Jr. , PHI, 28, 65, 37, 28, 30.4, 63.1, 36.9, 54.8, 3.4, 29.0, 18.7, 16.2, 17.6, 51.4, 56.0, 44.0, 84.5, 15.5, 63.4, 36.6
158, Kenrich Williams , OKC, 29, 65, 45, 20, 15.0, 48.7, 51.3, 46.1, 2.6, 51.6, 12.0, 2.3, 19.8, 43.5, 73.2, 26.8, 96.2, 3.8, 83.1, 16.9
158, Malachi Flynn , DET, 25, 65, 27, 38, 12.4, 45.9, 54.1, 39.2, 9.4, 46.5, 14.0, 14.3, 21.1, 29.8, 31.3, 68.7, 73.6, 26.4, 50.0, 50.0
158, Matisse Thybulle , POR, 27, 65, 18, 47, 22.9, 27.1, 72.9, 26.0, 1.1, 67.8, 17.5, 6.2, 16.1, 24.9, 63.0, 37.0, 100, 0.0, 86.5, 13.5
158, Max Christie , LAL, 21, 65, 37, 28, 14.5, 50.8, 49.2, 42.6, 9.9, 44.7, 11.7, 12.7, 12.8, 32.6, 63.3, 36.7, 97.6, 2.4, 77.5, 22.5
158, Miles McBride , NYK, 23, 65, 39, 26, 19.5, 41.5, 58.5, 33.3, 8.1, 58.8, 15.6, 7.9, 19.4, 25.3, 35.2, 64.8, 89.7, 10.3, 64.6, 35.4
158, Naji Marshall , NOP, 26, 65, 40, 25, 19.3, 59.0, 41.0, 47.8, 4.3, 37.5, 15.3, 14.7, 17.7, 43.5, 55.9, 44.1, 96.6, 3.4, 69.8, 30.2
158, Nick Richards , CHA, 26, 65, 13, 52, 26.5, 99.7, 0.3, 79.4, 1.9, 0.0, 8.5, 20.6, 9.9, 77.6, 68.0, 32.0, 0.0, 0.0, 68.0, 32.0
158, Rui Hachimura , LAL, 26, 65, 38, 27, 26.6, 65.9, 34.1, 57.6, 8.0, 31.8, 15.8, 10.6, 13.8, 49.7, 79.8, 20.2, 98.9, 1.1, 85.0, 15.0
158, Zach Collins , SAS, 26, 65, 16, 49, 22.2, 70.4, 29.6, 62.3, 5.0, 22.1, 3.5, 15.6, 11.5, 57.3, 71.0, 29.0, 100, 0.0, 76.5, 23.5
173, Al Horford , BOS, 37, 64, 51, 13, 26.9, 38.7, 61.3, 38.1, 2.5, 57.2, 9.0, 4.7, 9.2, 35.6, 72.6, 27.4, 100, 0.0, 86.3, 13.7
173, Bruce Brown , TOR, 27, 64, 26, 38, 28.1, 71.4, 28.6, 61.4, 6.4, 22.2, 22.6, 16.4, 15.2, 55.1, 62.3, 37.7, 92.2, 7.8, 68.1, 31.9
173, Devin Booker , PHX, 27, 64, 40, 24, 35.8, 68.6, 31.4, 54.1, 20.7, 24.4, 14.0, 21.5, 11.7, 33.4, 37.4, 62.6, 62.0, 38.0, 43.1, 56.9
173, Duop Reath , POR, 27, 64, 17, 47, 17.9, 50.0, 50.0, 46.4, 1.4, 42.9, 7.7, 10.7, 11.7, 45.0, 69.2, 30.8, 98.8, 1.2, 80.5, 19.5
173, Joe Ingles , ORL, 36, 64, 41, 23, 17.3, 28.6, 71.4, 19.2, 0.7, 71.5, 10.3, 9.3, 12.1, 18.5, 44.4, 55.6, 94.0, 6.0, 79.8, 20.2
173, Kevin Huerter , SAC, 25, 64, 37, 27, 24.4, 39.1, 60.9, 38.2, 3.4, 56.3, 16.5, 5.5, 15.4, 34.8, 80.8, 19.2, 95.1, 4.9, 87.9, 12.1
173, Trayce Jackson-Davis , GSW, 24, 64, 36, 28, 16.2, 99.7, 0.3, 86.7, 0.8, 0.0, 7.3, 13.3, 12.1, 85.9, 74.0, 26.0, 0.0, 0.0, 74.0, 26.0
173, Walker Kessler , UTA, 22, 64, 26, 38, 23.3, 94.6, 5.4, 86.9, 0.0, 2.3, 7.9, 10.8, 10.6, 86.9, 74.2, 25.8, 100, 0.0, 74.7, 25.3
181, Alperen Sengun , HOU, 21, 63, 29, 34, 32.5, 88.7, 11.3, 74.2, 4.5, 7.4, 4.9, 18.4, 13.3, 69.7, 62.6, 37.4, 100, 0.0, 64.9, 35.1
181, Ausar Thompson , DET, 21, 63, 10, 53, 25.1, 76.5, 23.5, 75.9, 5.4, 11.3, 19.1, 12.8, 15.6, 70.5, 67.3, 32.7, 95.2, 4.8, 69.8, 30.2
181, Bilal Coulibaly , WAS, 19, 63, 11, 52, 27.2, 57.2, 42.8, 46.6, 2.3, 36.1, 20.7, 17.3, 16.7, 44.4, 62.1, 37.9, 95.3, 4.7, 73.4, 26.6
181, Brandon Ingram , NOP, 26, 63, 38, 25, 33.0, 76.3, 23.7, 62.0, 25.2, 19.3, 7.7, 18.7, 13.6, 36.8, 41.6, 58.4, 77.6, 22.4, 47.8, 52.2
181, Cam Thomas , BKN, 22, 63, 22, 41, 31.3, 67.3, 32.7, 52.4, 16.3, 28.3, 10.1, 19.3, 10.2, 36.1, 44.4, 55.6, 70.5, 29.5, 51.3, 48.7
181, David Roddy , PHX, 23, 63, 23, 40, 18.6, 59.8, 40.2, 55.1, 1.4, 33.9, 15.1, 11.0, 15.5, 53.6, 59.8, 40.2, 97.9, 2.1, 70.9, 29.1
181, Saddiq Bey , ATL, 24, 63, 28, 35, 32.7, 48.6, 51.4, 41.0, 2.1, 39.3, 14.8, 19.7, 16.9, 38.9, 49.2, 50.8, 98.2, 1.8, 68.3, 31.7
188, CJ McCollum , NOP, 32, 62, 39, 23, 32.5, 47.5, 52.5, 38.2, 9.1, 52.9, 16.6, 8.9, 15.4, 29.1, 39.8, 60.2, 74.2, 25.8, 56.3, 43.7
188, Cade Cunningham , DET, 22, 62, 9, 53, 33.5, 71.3, 28.7, 57.7, 17.2, 25.4, 8.5, 16.9, 10.4, 40.4, 26.2, 73.8, 70.6, 29.4, 36.3, 63.7
188, Dario Saric , GSW, 30, 62, 33, 29, 17.4, 49.1, 50.9, 41.4, 3.6, 43.5, 4.6, 15.1, 11.3, 37.8, 65.4, 34.6, 100, 0.0, 79.7, 20.3
188, Garrison Mathews , ATL, 27, 62, 29, 33, 14.5, 14.4, 85.6, 10.1, 3.4, 78.5, 6.0, 11.4, 15.4, 6.7, 73.3, 26.7, 97.4, 2.6, 93.5, 6.5
188, Haywood Highsmith , MIA, 27, 62, 36, 26, 20.3, 41.8, 58.2, 37.2, 2.1, 56.6, 14.6, 6.2, 17.3, 35.1, 62.9, 37.1, 98.6, 1.4, 80.9, 19.1
188, Moses Moody , GSW, 21, 62, 35, 27, 17.7, 52.0, 48.0, 45.8, 3.9, 40.8, 12.0, 13.4, 16.2, 41.8, 58.6, 41.4, 89.9, 10.1, 70.3, 29.7
194, Doug McDermott , IND, 32, 61, 20, 41, 14.3, 18.9, 81.1, 15.6, 3.6, 81.1, 13.2, 3.3, 13.2, 12.0, 92.3, 7.7, 97.8, 2.2, 96.6, 3.4
194, Dwight Powell , DAL, 32, 61, 38, 23, 12.9, 98.0, 2.0, 67.3, 0.0, 1.5, 2.0, 31.2, 13.9, 67.3, 64.7, 35.3, 100, 0.0, 65.2, 34.8
194, Sam Merrill , CLE, 27, 61, 36, 25, 17.5, 9.9, 90.1, 6.2, 0.0, 88.5, 11.5, 5.3, 16.5, 6.2, 80.0, 20.0, 96.5, 3.5, 94.9, 5.1
194, Santi Aldama , MEM, 23, 61, 23, 38, 26.5, 46.5, 53.5, 43.1, 2.4, 48.6, 10.7, 8.3, 11.3, 40.7, 67.4, 32.6, 96.2, 3.8, 79.8, 20.2
194, Terry Rozier , MIA, 30, 61, 22, 39, 33.4, 58.9, 41.1, 48.6, 12.0, 37.1, 12.0, 14.3, 14.3, 36.7, 29.0, 71.0, 65.1, 34.9, 41.2, 58.8
199, Caleb Martin , MIA, 28, 60, 33, 27, 27.3, 59.1, 40.9, 50.4, 7.9, 37.3, 11.9, 12.3, 10.6, 42.6, 59.1, 40.9, 92.1, 7.9, 70.0, 30.0
199, Day'Ron Sharpe , BKN, 22, 60, 24, 36, 15.2, 94.8, 5.2, 78.7, 0.0, 2.9, 8.3, 18.4, 11.5, 78.7, 61.5, 38.5, 100, 0.0, 62.4, 37.6
199, KJ Martin , PHI, 23, 60, 33, 27, 12.4, 84.5, 15.5, 79.5, 0.0, 10.7, 25.9, 9.8, 28.1, 79.5, 78.7, 21.3, 100, 0.0, 80.4, 19.6
199, Karl-Anthony Towns , MIN, 28, 60, 41, 19, 32.8, 66.0, 34.0, 50.9, 5.1, 30.3, 4.9, 18.8, 13.9, 45.8, 63.9, 36.1, 97.0, 3.0, 73.3, 26.7
199, Scottie Barnes , TOR, 22, 60, 22, 38, 34.9, 68.6, 31.4, 58.1, 7.1, 25.4, 15.4, 16.5, 13.2, 51.0, 46.2, 53.8, 91.1, 8.9, 56.4, 43.6
199, Trendon Watford , BKN, 23, 60, 24, 36, 12.8, 78.1, 21.9, 63.8, 3.0, 19.0, 11.9, 17.2, 10.9, 60.8, 41.3, 58.7, 96.0, 4.0, 50.3, 49.7
205, Bennedict Mathurin , IND, 21, 59, 33, 26, 26.1, 67.7, 32.3, 50.5, 8.2, 28.0, 15.9, 21.5, 17.2, 42.3, 58.3, 41.7, 75.0, 25.0, 62.8, 37.2
205, Isaiah Jackson , IND, 22, 59, 36, 23, 12.8, 98.3, 1.7, 80.7, 2.6, 0.0, 9.5, 19.3, 16.9, 78.1, 75.8, 24.2, 0.0, 0.0, 75.8, 24.2
205, JT Thor , CHA, 21, 59, 14, 45, 11.9, 56.2, 43.8, 51.9, 6.2, 42.6, 14.8, 5.5, 15.4, 45.7, 73.8, 26.2, 100, 0.0, 83.1, 16.9
205, Jalen Duren , DET, 20, 59, 13, 46, 29.1, 99.3, 0.7, 83.6, 0.7, 0.0, 10.2, 16.4, 11.0, 82.9, 67.7, 32.3, 0.0, 0.0, 67.7, 32.3
205, James Wiseman , DET, 23, 59, 8, 51, 16.6, 99.3, 0.7, 84.9, 3.5, 0.0, 12.1, 15.1, 14.6, 81.5, 72.1, 27.9, 0.0, 0.0, 72.1, 27.9
205, Larry Nance Jr. , NOP, 31, 59, 33, 26, 19.8, 73.2, 26.8, 63.9, 3.0, 23.3, 5.7, 12.8, 14.3, 60.9, 77.6, 22.4, 96.2, 3.8, 81.2, 18.8
205, Luke Kornet , BOS, 28, 59, 46, 13, 15.3, 100, 0.0, 85.2, 1.3, 0.0, 7.0, 14.8, 8.7, 83.9, 69.3, 30.7, 0.0, 0.0, 69.3, 30.7
205, Scoot Henderson , POR, 20, 59, 18, 41, 28.0, 67.0, 33.0, 51.4, 10.7, 28.8, 11.7, 19.8, 13.1, 40.7, 28.2, 71.8, 62.3, 37.7, 37.5, 62.5
213, Amen Thompson , HOU, 21, 58, 27, 31, 21.4, 86.2, 13.8, 77.5, 3.0, 4.5, 25.1, 18.0, 16.8, 74.5, 49.3, 50.7, 87.5, 12.5, 50.7, 49.3
213, Goga Bitadze , ORL, 24, 58, 33, 25, 16.1, 93.6, 6.4, 80.3, 0.0, 2.0, 3.3, 17.7, 16.8, 80.3, 63.9, 36.1, 100, 0.0, 64.5, 35.5
213, Jalen Smith , IND, 24, 58, 34, 24, 17.3, 63.5, 36.5, 57.4, 2.8, 30.1, 9.3, 12.5, 11.2, 54.7, 68.1, 31.9, 100, 0.0, 76.3, 23.7
213, Kris Murray , POR, 23, 58, 12, 46, 20.3, 51.3, 48.8, 53.5, 0.0, 38.3, 17.0, 8.2, 20.7, 53.5, 51.1, 48.9, 97.6, 2.4, 66.2, 33.8
213, Kyle Lowry , PHI, 38, 58, 30, 28, 28.3, 33.6, 66.4, 26.7, 4.6, 60.6, 12.9, 12.7, 14.8, 22.1, 46.9, 53.1, 81.4, 18.6, 67.7, 32.3
218, Blake Wesley , SAS, 21, 57, 16, 41, 13.7, 74.7, 25.3, 69.9, 1.7, 10.5, 27.9, 19.6, 28.4, 68.1, 53.8, 46.3, 100, 0.0, 58.0, 42.0
218, Cameron Johnson , BKN, 28, 57, 20, 37, 27.6, 42.9, 57.1, 35.4, 5.5, 53.9, 15.1, 10.7, 13.8, 29.9, 59.3, 40.7, 95.6, 4.4, 77.6, 22.4
218, Chris Duarte , SAC, 26, 57, 34, 23, 12.4, 40.0, 60.0, 31.3, 3.5, 57.4, 12.2, 11.3, 19.1, 27.8, 66.7, 33.3, 88.6, 11.4, 78.8, 21.3
218, Daniel Theis , LAC, 32, 57, 38, 19, 16.7, 77.0, 23.0, 69.2, 1.7, 20.9, 9.3, 9.9, 9.6, 67.4, 80.7, 19.3, 100, 0.0, 83.9, 16.1
218, Dyson Daniels , NOP, 21, 57, 31, 26, 22.1, 57.0, 43.0, 54.8, 1.8, 35.2, 11.7, 10.0, 22.0, 53.0, 49.5, 50.5, 100, 0.0, 64.6, 35.4
218, Gradey Dick , TOR, 20, 57, 18, 39, 20.6, 46.4, 53.6, 40.1, 9.9, 51.1, 20.3, 8.8, 14.9, 30.2, 82.8, 17.2, 98.7, 1.3, 90.1, 9.9
218, Josh Okogie , PHX, 25, 57, 35, 22, 16.7, 54.2, 45.8, 41.2, 0.7, 30.9, 11.0, 27.9, 19.1, 40.4, 62.5, 37.5, 100, 0.0, 75.0, 25.0
218, Nicolas Batum , PHI, 35, 57, 33, 24, 25.4, 27.2, 72.8, 26.2, 2.6, 69.0, 2.9, 4.8, 11.8, 23.6, 61.0, 39.0, 100, 0.0, 85.8, 14.2
226, Caleb Houstan , ORL, 21, 56, 30, 26, 14.1, 6.5, 93.5, 6.5, 0.8, 85.9, 15.7, 7.6, 13.3, 5.6, 50.0, 50.0, 98.6, 1.4, 93.7, 6.3
226, Dennis Smith Jr. , BKN, 26, 56, 19, 37, 18.9, 67.8, 32.2, 62.3, 4.9, 26.0, 16.8, 11.7, 19.5, 57.5, 42.6, 57.4, 87.5, 12.5, 52.4, 47.6
226, Jimmy Butler , MIA, 34, 56, 30, 26, 34.1, 81.9, 18.1, 53.9, 8.0, 14.0, 12.5, 32.1, 15.3, 45.9, 45.6, 54.4, 80.0, 20.0, 50.7, 49.3
226, Kristaps Porzingis , BOS, 28, 56, 43, 13, 29.7, 61.1, 38.9, 48.6, 5.7, 28.6, 5.9, 22.8, 9.0, 43.0, 71.3, 28.7, 99.1, 0.9, 79.1, 20.9
226, Kyrie Irving , DAL, 32, 56, 37, 19, 34.9, 63.2, 36.8, 52.6, 15.1, 34.5, 13.9, 12.9, 12.5, 37.5, 37.6, 62.4, 66.3, 33.7, 46.3, 53.7
226, Lonnie Walker IV , BKN, 25, 56, 23, 33, 16.9, 44.6, 55.4, 35.3, 7.4, 56.3, 18.0, 8.4, 18.2, 27.9, 45.3, 54.7, 70.3, 29.7, 58.2, 41.8
226, RJ Barrett , TOR, 23, 56, 26, 30, 31.7, 71.2, 28.8, 58.3, 2.3, 24.0, 20.6, 17.7, 15.0, 55.9, 59.9, 40.1, 98.9, 1.1, 68.3, 31.7
226, Vasilije Micic , CHA, 30, 56, 32, 24, 19.7, 58.6, 41.4, 55.2, 11.8, 30.3, 7.9, 14.5, 12.8, 43.3, 34.8, 65.2, 58.5, 41.5, 41.2, 58.8
234, Bryce McGowens , CHA, 21, 55, 9, 46, 14.9, 55.1, 44.9, 45.4, 4.5, 34.6, 18.2, 20.0, 14.9, 40.9, 45.9, 54.1, 96.8, 3.2, 63.0, 37.0
234, Dalen Terry , CHI, 21, 55, 25, 30, 10.8, 49.2, 50.8, 55.3, 1.4, 29.8, 20.6, 14.9, 23.4, 53.9, 51.3, 48.7, 92.9, 7.1, 62.3, 37.7
234, Darius Garland , CLE, 24, 55, 29, 26, 33.5, 58.1, 41.9, 47.8, 10.2, 38.0, 12.3, 14.2, 13.3, 37.6, 34.5, 65.5, 67.5, 32.5, 45.9, 54.1
234, Dereck Lively II , DAL, 20, 55, 35, 20, 23.5, 99.3, 0.7, 91.5, 0.4, 0.0, 10.1, 8.5, 10.6, 91.1, 81.0, 19.0, 0.0, 0.0, 81.0, 19.0
234, Jalen Johnson , ATL, 22, 55, 27, 28, 33.9, 71.4, 28.6, 64.1, 3.6, 23.8, 17.6, 12.1, 17.8, 60.5, 70.7, 29.3, 97.1, 2.9, 75.9, 24.1
234, Jamal Murray , DEN, 27, 55, 41, 14, 31.9, 66.4, 33.6, 53.2, 19.9, 33.8, 9.7, 13.0, 13.9, 33.3, 33.1, 66.9, 58.9, 41.1, 40.8, 59.2
234, John Konchar , MEM, 28, 55, 18, 37, 21.3, 42.3, 57.7, 42.6, 0.0, 48.5, 18.7, 8.9, 21.7, 42.6, 68.0, 32.0, 100, 0.0, 81.8, 18.2
234, Jordan Clarkson , UTA, 31, 55, 22, 33, 30.6, 62.1, 37.9, 52.2, 7.4, 29.0, 8.7, 18.8, 10.1, 44.8, 37.0, 63.0, 70.3, 29.7, 46.0, 54.0
234, Lauri Markkanen , UTA, 26, 55, 22, 33, 33.1, 50.7, 49.3, 39.4, 3.9, 41.1, 8.5, 19.5, 11.0, 35.5, 74.2, 25.8, 98.3, 1.7, 84.1, 15.9
234, Onyeka Okongwu , ATL, 23, 55, 23, 32, 25.5, 81.1, 18.9, 71.3, 0.7, 12.3, 4.3, 16.4, 11.2, 70.6, 77.5, 22.5, 100, 0.0, 79.8, 20.2
234, Troy Brown Jr. , DET, 24, 55, 29, 26, 13.3, 35.1, 64.9, 27.8, 8.4, 59.5, 11.0, 12.7, 17.7, 19.4, 45.5, 54.5, 91.5, 8.5, 72.5, 27.5
245, AJ Green , MIL, 24, 54, 33, 21, 10.7, 13.7, 86.3, 11.5, 6.6, 82.4, 6.1, 6.1, 8.2, 4.9, 85.7, 14.3, 94.0, 6.0, 92.6, 7.4
245, Ben Sheppard , IND, 22, 54, 30, 24, 13.8, 32.2, 67.8, 32.9, 3.5, 57.1, 24.2, 10.0, 19.5, 29.4, 63.2, 36.8, 97.7, 2.3, 81.7, 18.3
245, Chris Paul , GSW, 38, 54, 30, 24, 26.4, 54.8, 45.2, 46.9, 27.7, 44.5, 3.6, 8.6, 14.6, 19.2, 17.9, 82.1, 67.6, 32.4, 37.2, 62.8
245, De'Andre Hunter , ATL, 26, 54, 26, 28, 29.3, 53.5, 46.5, 41.6, 12.0, 40.0, 9.6, 18.4, 13.9, 29.5, 67.6, 32.4, 90.3, 9.7, 76.5, 23.5
245, Dean Wade , CLE, 27, 54, 36, 18, 20.5, 12.9, 87.1, 11.7, 2.1, 81.4, 13.7, 6.9, 17.5, 9.6, 64.7, 35.3, 98.7, 1.3, 92.7, 7.3
245, Jerami Grant , POR, 30, 54, 17, 37, 33.9, 67.5, 32.5, 48.1, 11.8, 29.4, 10.6, 22.5, 16.2, 36.2, 44.5, 55.5, 97.3, 2.7, 59.8, 40.2
245, Jonathan Isaac , ORL, 26, 54, 34, 20, 15.3, 61.5, 38.5, 52.7, 6.0, 31.8, 7.6, 15.5, 14.4, 46.7, 66.0, 34.0, 97.4, 2.6, 75.0, 25.0
245, Jordan Goodwin , MEM, 25, 54, 30, 24, 17.5, 61.6, 38.4, 53.8, 8.6, 34.9, 9.5, 11.3, 20.5, 45.3, 30.7, 69.3, 89.5, 10.5, 48.4, 51.6
245, Josh Green , DAL, 23, 54, 31, 23, 26.6, 50.1, 49.9, 45.4, 3.9, 46.5, 25.8, 8.1, 15.5, 41.5, 74.0, 26.0, 95.8, 4.2, 82.9, 17.1
245, Justin Holiday , DEN, 35, 54, 35, 19, 14.8, 31.8, 68.2, 29.9, 11.2, 68.7, 18.7, 1.4, 18.2, 18.7, 78.1, 21.9, 95.9, 4.1, 88.9, 11.1
245, Mo Bamba , PHI, 25, 54, 27, 27, 13.3, 67.5, 32.5, 56.7, 2.4, 30.4, 7.3, 12.9, 13.8, 54.3, 62.9, 37.1, 100, 0.0, 72.6, 27.4
245, Trey Lyles , SAC, 28, 54, 32, 22, 20.1, 32.2, 67.8, 29.4, 1.0, 59.0, 6.0, 11.6, 10.9, 28.4, 72.9, 27.1, 100, 0.0, 88.4, 11.6
245, Zeke Nnaji , DEN, 23, 54, 38, 16, 9.9, 84.2, 15.8, 65.5, 0.0, 10.3, 8.0, 24.2, 11.5, 65.5, 63.2, 36.8, 100, 0.0, 66.7, 33.3
258, Andre Jackson Jr. , MIL, 22, 53, 31, 22, 10.2, 54.7, 45.3, 53.3, 6.7, 40.0, 24.2, 6.7, 15.0, 46.7, 50.0, 50.0, 100, 0.0, 66.7, 33.3
258, Bojan Bogdanovic , NYK, 34, 53, 16, 37, 26.6, 51.2, 48.8, 41.0, 12.3, 45.2, 14.8, 13.8, 12.2, 28.7, 64.1, 35.9, 88.8, 11.2, 74.6, 25.4
258, Donovan Mitchell , CLE, 27, 53, 34, 19, 35.3, 54.6, 45.4, 44.1, 10.8, 37.0, 17.3, 18.9, 15.6, 33.3, 24.6, 75.4, 56.1, 43.9, 35.9, 64.1
258, Draymond Green , GSW, 34, 53, 32, 21, 26.8, 66.6, 33.4, 58.3, 2.2, 30.0, 6.1, 11.7, 12.8, 56.1, 76.9, 23.1, 93.5, 6.5, 81.1, 18.9
258, Keita Bates-Diop , BKN, 28, 53, 29, 24, 12.5, 58.4, 41.6, 51.8, 2.0, 32.0, 14.2, 16.2, 10.7, 49.7, 62.7, 37.3, 95.2, 4.8, 72.2, 27.8
258, Keon Ellis , SAC, 24, 53, 32, 21, 16.3, 27.4, 72.6, 23.3, 4.8, 67.5, 24.1, 9.2, 14.5, 18.5, 69.0, 31.0, 92.9, 7.1, 84.7, 15.3
258, Trey Murphy III , NOP, 23, 53, 32, 21, 28.9, 28.8, 71.2, 26.2, 1.3, 59.7, 20.2, 14.1, 14.8, 24.8, 67.3, 32.7, 89.3, 10.7, 80.6, 19.4
265, Dante Exum , DAL, 28, 52, 34, 18, 20.0, 64.6, 35.4, 50.6, 1.9, 36.9, 15.1, 12.5, 15.1, 48.7, 53.3, 46.7, 98.1, 1.9, 67.9, 32.1
265, Deandre Ayton , POR, 25, 52, 14, 38, 32.5, 99.1, 0.9, 92.2, 23.1, 0.3, 5.2, 7.5, 14.2, 69.2, 74.0, 26.0, 100, 0.0, 74.1, 25.9
265, Jock Landale , HOU, 28, 52, 25, 27, 12.7, 82.7, 17.3, 71.6, 5.2, 9.1, 6.0, 19.3, 15.9, 66.4, 72.3, 27.7, 100, 0.0, 74.4, 25.6
265, Jordan McLaughlin , MIN, 27, 52, 33, 19, 10.9, 36.8, 63.2, 24.4, 3.3, 70.0, 7.2, 5.6, 26.1, 21.1, 63.6, 36.4, 97.6, 2.4, 85.9, 14.1
265, Jose Alvarado , NOP, 25, 52, 35, 17, 17.9, 41.7, 58.3, 32.7, 2.2, 58.0, 12.5, 9.3, 16.3, 30.5, 55.0, 45.0, 87.3, 12.7, 72.5, 27.5
265, Kessler Edwards , SAC, 23, 52, 31, 21, 5.0, 35.8, 64.2, 30.1, 4.3, 64.5, 11.8, 5.4, 24.7, 25.8, 64.3, 35.7, 100, 0.0, 85.3, 14.7
265, Khris Middleton , MIL, 32, 52, 30, 22, 26.9, 61.1, 38.9, 53.5, 27.1, 34.6, 8.5, 11.9, 10.9, 26.4, 38.3, 61.7, 71.1, 28.9, 48.2, 51.8
265, Oshae Brissett , BOS, 25, 52, 44, 8, 11.4, 61.0, 39.0, 50.3, 1.1, 24.1, 17.6, 25.6, 16.0, 49.2, 68.1, 31.9, 100, 0.0, 75.8, 24.2
265, Vince Williams Jr. , MEM, 23, 52, 18, 34, 27.6, 44.9, 55.1, 34.5, 1.2, 45.5, 13.1, 20.0, 19.2, 33.4, 51.1, 48.9, 92.4, 7.6, 70.4, 29.6
274, Dalano Banton , POR, 24, 51, 24, 27, 18.4, 62.0, 38.0, 51.2, 2.0, 33.0, 22.8, 15.8, 14.6, 49.2, 35.2, 64.8, 83.6, 16.4, 49.7, 50.3
274, Gary Harris , ORL, 29, 51, 34, 17, 23.7, 31.2, 68.8, 30.6, 3.9, 60.0, 10.3, 9.4, 10.6, 26.7, 72.7, 27.3, 98.6, 1.4, 87.4, 12.6
274, Kevin Love , MIA, 35, 51, 28, 23, 17.2, 31.6, 68.4, 30.5, 3.1, 51.1, 4.9, 18.4, 16.6, 27.4, 59.4, 40.6, 98.7, 1.3, 80.1, 19.9
274, Quentin Grimes , DET, 23, 51, 32, 19, 20.1, 26.8, 73.2, 22.8, 1.1, 67.7, 23.7, 9.5, 15.3, 21.7, 73.2, 26.8, 96.3, 3.7, 88.5, 11.5
274, Trae Young , ATL, 25, 51, 22, 29, 36.5, 53.6, 46.4, 37.1, 7.9, 37.7, 9.2, 25.2, 13.8, 29.2, 24.5, 75.5, 33.7, 66.3, 28.2, 71.8
274, Wendell Carter Jr. , ORL, 24, 51, 29, 22, 26.4, 59.8, 40.2, 52.4, 2.8, 31.8, 4.3, 15.8, 11.8, 49.7, 74.2, 25.8, 98.4, 1.6, 81.1, 18.9
274, Ziaire Williams , MEM, 22, 51, 20, 31, 20.3, 50.0, 50.0, 43.8, 7.1, 41.4, 12.4, 14.8, 13.6, 36.7, 64.1, 35.9, 89.7, 10.3, 74.0, 26.0
281, Chris Boucher , TOR, 31, 50, 16, 34, 14.1, 56.7, 43.3, 49.1, 1.2, 28.9, 18.3, 22.0, 15.2, 47.8, 59.5, 40.5, 100, 0.0, 70.9, 29.1
281, Christian Wood , LAL, 28, 50, 28, 22, 17.4, 56.8, 43.2, 50.7, 2.9, 30.3, 10.1, 19.0, 10.4, 47.8, 76.1, 23.9, 97.1, 2.9, 82.1, 17.9
281, Jakob Poeltl , TOR, 28, 50, 21, 29, 26.4, 100, 0.0, 89.4, 2.9, 0.0, 7.2, 10.6, 12.1, 86.5, 79.8, 20.2, 0.0, 0.0, 79.8, 20.2
281, Marvin Bagley III , WAS, 25, 50, 7, 43, 21.1, 94.4, 5.6, 78.9, 3.4, 4.6, 6.9, 16.5, 15.4, 75.5, 66.5, 33.5, 100, 0.0, 67.8, 32.2
281, Xavier Tillman , BOS, 25, 50, 28, 22, 18.6, 71.6, 28.4, 72.5, 1.5, 19.2, 6.0, 8.3, 17.7, 70.9, 83.3, 16.7, 100, 0.0, 85.8, 14.2
286, Bradley Beal , PHX, 30, 49, 30, 19, 33.1, 67.7, 32.3, 57.9, 13.7, 30.9, 10.2, 11.2, 17.1, 44.3, 45.6, 54.4, 86.5, 13.5, 56.3, 43.7
286, Craig Porter Jr. , CLE, 24, 49, 29, 20, 13.0, 85.0, 15.0, 72.8, 17.0, 12.7, 12.0, 14.5, 17.0, 55.8, 37.9, 62.1, 83.3, 16.7, 42.6, 57.4
286, Mike Muscala , OKC, 32, 49, 13, 36, 11.5, 37.3, 62.7, 34.8, 3.9, 54.2, 2.6, 11.0, 9.0, 31.0, 66.7, 33.3, 100, 0.0, 83.6, 16.4
286, Torrey Craig , CHI, 33, 49, 20, 29, 19.9, 37.7, 62.3, 31.8, 2.1, 59.4, 11.7, 8.8, 11.7, 29.7, 57.8, 42.2, 96.4, 3.6, 79.2, 20.8
290, Danilo Gallinari , MIL, 35, 48, 15, 33, 12.7, 50.0, 50.0, 37.2, 11.9, 33.5, 5.6, 29.3, 9.3, 25.3, 54.0, 46.0, 86.7, 13.3, 66.3, 33.8
290, Gordon Hayward , OKC, 34, 48, 22, 26, 24.5, 77.7, 22.3, 59.7, 16.7, 22.5, 15.2, 17.8, 21.0, 42.9, 59.7, 40.3, 94.3, 5.7, 66.7, 33.3
290, Jordan Nwora , TOR, 25, 48, 14, 34, 13.5, 56.0, 44.0, 52.4, 5.5, 34.8, 16.8, 12.8, 16.8, 47.0, 60.5, 39.5, 84.2, 15.8, 67.7, 32.3
290, Marcus Morris Sr. , CLE, 34, 48, 26, 22, 16.6, 54.9, 45.1, 42.7, 20.7, 45.6, 5.2, 11.7, 13.3, 22.0, 45.5, 54.5, 95.7, 4.3, 66.4, 33.6
290, Nick Smith Jr. , CHA, 19, 48, 8, 40, 13.8, 49.8, 50.2, 34.2, 11.4, 61.6, 9.9, 4.2, 16.3, 22.8, 37.8, 62.2, 85.2, 14.8, 63.6, 36.4
290, Shake Milton , NYK, 27, 48, 32, 16, 12.1, 67.2, 32.8, 56.5, 7.4, 25.0, 19.0, 18.5, 23.1, 49.1, 63.9, 36.1, 94.4, 5.6, 70.9, 29.1
290, Talen Horton-Tucker , UTA, 23, 48, 12, 36, 19.1, 60.9, 39.1, 47.4, 2.6, 34.9, 16.4, 17.7, 12.3, 44.8, 24.5, 75.5, 79.6, 20.4, 42.7, 57.3
290, Tristan Thompson , CLE, 33, 48, 28, 20, 11.2, 99.1, 0.9, 90.3, 0.0, 0.0, 2.6, 9.7, 3.9, 90.3, 55.7, 44.3, 0.0, 0.0, 55.7, 44.3
298, Anthony Gill , WAS, 31, 47, 9, 38, 8.4, 75.9, 24.1, 69.6, 0.0, 15.2, 10.1, 15.2, 16.5, 69.6, 67.3, 32.7, 100, 0.0, 71.4, 28.6
298, Cam Reddish , LAL, 24, 47, 27, 20, 20.7, 52.6, 47.4, 41.5, 1.5, 42.7, 19.2, 15.8, 24.6, 40.0, 72.2, 27.8, 100, 0.0, 83.5, 16.5
298, Chimezie Metu , DET, 27, 47, 23, 24, 15.4, 63.2, 36.8, 60.8, 4.2, 20.1, 14.8, 19.1, 22.6, 56.5, 75.6, 24.4, 94.7, 5.3, 79.0, 21.0
298, Evan Mobley , CLE, 22, 47, 27, 20, 30.8, 89.9, 10.1, 76.3, 2.1, 8.0, 8.6, 15.7, 13.5, 74.2, 73.7, 26.3, 100, 0.0, 75.4, 24.6
298, Jae Crowder , MIL, 33, 47, 24, 23, 22.9, 38.9, 61.1, 37.4, 10.4, 55.0, 9.7, 7.6, 14.2, 27.0, 88.9, 11.1, 96.2, 3.8, 92.5, 7.5
298, Jalen McDaniels , TOR, 26, 47, 12, 35, 10.3, 61.0, 39.0, 64.5, 1.3, 21.7, 15.1, 13.8, 17.1, 63.2, 71.4, 28.6, 90.9, 9.1, 75.0, 25.0
298, Johnny Davis , WAS, 22, 47, 8, 39, 11.5, 75.2, 24.8, 69.4, 5.0, 22.3, 25.6, 8.3, 18.2, 64.5, 59.5, 40.5, 100, 0.0, 66.7, 33.3
298, Julian Strawther , DEN, 21, 47, 31, 16, 11.5, 37.6, 62.4, 36.1, 3.5, 54.2, 21.1, 9.7, 12.3, 32.6, 65.9, 34.1, 95.1, 4.9, 80.5, 19.5
306, Anfernee Simons , POR, 24, 46, 11, 35, 34.4, 51.6, 48.4, 39.3, 8.3, 45.0, 13.3, 15.7, 13.7, 31.0, 16.2, 83.8, 62.2, 37.8, 36.1, 63.9
306, Isaiah Stewart , DET, 22, 46, 9, 37, 30.9, 54.2, 45.8, 47.3, 1.2, 40.0, 5.6, 12.7, 11.1, 46.1, 72.3, 27.7, 100, 0.0, 82.3, 17.7
306, Jaden Springer , BOS, 21, 46, 30, 16, 9.8, 67.6, 32.4, 62.0, 7.0, 16.9, 25.4, 21.1, 19.0, 54.9, 45.5, 54.5, 87.5, 12.5, 51.9, 48.1
306, Julius Randle , NYK, 29, 46, 29, 17, 35.4, 70.8, 29.2, 57.9, 6.9, 20.7, 12.7, 21.4, 12.7, 51.0, 42.3, 57.7, 86.8, 13.2, 50.9, 49.1
306, Landry Shamet , WAS, 27, 46, 6, 40, 15.8, 42.7, 57.3, 39.8, 11.0, 48.6, 14.7, 11.6, 13.8, 28.7, 73.8, 26.2, 92.5, 7.5, 82.2, 17.8
306, MarJon Beauchamp , MIL, 23, 46, 30, 16, 12.9, 54.1, 45.9, 47.7, 9.1, 42.6, 18.8, 9.7, 18.3, 38.6, 57.4, 42.6, 96.4, 3.6, 72.0, 28.0
306, OG Anunoby , NYK, 26, 46, 27, 19, 34.0, 52.7, 47.3, 49.5, 6.3, 40.7, 22.4, 9.8, 17.7, 43.2, 69.3, 30.7, 95.6, 4.4, 78.6, 21.4
313, JaVale McGee , SAC, 36, 45, 27, 18, 7.4, 95.2, 4.8, 84.1, 1.1, 1.7, 4.5, 14.2, 18.8, 83.0, 79.7, 20.3, 100, 0.0, 80.0, 20.0
314, Alex Len , SAC, 30, 44, 23, 21, 9.2, 96.2, 3.8, 84.2, 3.5, 0.0, 3.5, 15.8, 7.9, 80.7, 72.9, 27.1, 0.0, 0.0, 72.9, 27.1
314, Chuma Okeke , ORL, 25, 44, 23, 21, 9.6, 26.4, 73.6, 30.5, 1.9, 65.7, 15.2, 3.8, 17.1, 28.6, 75.0, 25.0, 95.7, 4.3, 87.2, 12.8
314, Delon Wright , MIA, 31, 44, 13, 31, 15.3, 66.5, 33.5, 48.6, 4.3, 32.4, 14.1, 19.0, 25.4, 44.3, 37.8, 62.2, 85.0, 15.0, 52.3, 47.7
314, GG Jackson , MEM, 19, 44, 14, 30, 24.7, 48.1, 51.9, 38.6, 2.0, 44.2, 12.2, 17.2, 18.1, 36.5, 62.3, 37.7, 90.8, 9.2, 74.6, 25.4
314, Jericho Sims , NYK, 25, 44, 29, 15, 12.8, 100, 0.0, 84.4, 0.0, 0.0, 0.0, 15.6, 8.9, 84.4, 63.2, 36.8, 0.0, 0.0, 63.2, 36.8
314, Omer Yurtseven , UTA, 25, 44, 15, 29, 10.1, 86.2, 13.8, 83.6, 2.3, 8.5, 1.7, 7.9, 13.0, 81.4, 67.6, 32.4, 100, 0.0, 69.6, 30.4
314, Seth Curry , CHA, 33, 44, 25, 19, 14.0, 47.1, 52.9, 37.2, 18.6, 50.4, 9.3, 12.4, 15.5, 18.6, 50.0, 50.0, 86.8, 13.2, 67.5, 32.5
321, Cam Whitmore , HOU, 19, 43, 16, 27, 18.3, 53.9, 46.1, 46.7, 3.8, 39.8, 22.4, 13.5, 17.3, 42.9, 58.5, 41.5, 92.9, 7.1, 71.0, 29.0
321, Gary Payton II , GSW, 31, 43, 26, 17, 15.5, 70.6, 29.4, 71.0, 0.0, 23.4, 16.5, 5.6, 21.6, 71.0, 81.7, 18.3, 100, 0.0, 85.0, 15.0
321, Ish Smith , CHA, 35, 43, 6, 37, 17.2, 94.9, 5.1, 89.2, 28.8, 8.6, 11.5, 2.2, 14.4, 60.4, 38.7, 61.3, 75.0, 25.0, 40.9, 59.1
321, Josh Richardson , MIA, 30, 43, 24, 19, 25.6, 45.2, 54.8, 41.4, 8.0, 46.6, 11.8, 12.0, 13.9, 33.4, 51.1, 48.9, 97.0, 3.0, 70.8, 29.2
321, Patrick Williams , CHI, 22, 43, 19, 24, 27.3, 58.8, 41.2, 46.6, 11.7, 41.3, 11.4, 12.1, 15.9, 35.0, 55.0, 45.0, 96.6, 3.4, 70.4, 29.6
326, Desmond Bane , MEM, 25, 42, 14, 28, 34.4, 53.6, 46.4, 44.7, 8.4, 41.2, 16.2, 14.1, 17.4, 36.3, 40.4, 59.6, 61.3, 38.7, 48.3, 51.7
326, Killian Hayes , DET, 22, 42, 7, 35, 24.0, 73.9, 26.1, 65.7, 24.2, 22.8, 10.4, 11.5, 13.8, 41.5, 48.4, 51.6, 86.4, 13.6, 55.6, 44.4
326, Mason Plumlee , LAC, 34, 42, 28, 14, 14.1, 98.4, 1.6, 72.5, 0.0, 0.0, 4.6, 27.5, 11.5, 72.5, 74.7, 25.3, 0.0, 0.0, 74.7, 25.3
326, Nassir Little , PHX, 24, 42, 26, 16, 10.7, 42.9, 57.1, 45.2, 2.7, 43.2, 24.7, 11.6, 21.2, 42.5, 78.8, 21.2, 100, 0.0, 87.0, 13.0
326, Nikola Jovic , MIA, 20, 42, 21, 21, 18.8, 42.4, 57.6, 34.2, 2.0, 55.4, 11.4, 10.4, 16.8, 32.2, 66.7, 33.3, 89.1, 10.9, 78.3, 21.7
326, Sandro Mamukelashvili , SAS, 24, 42, 9, 33, 8.2, 58.8, 41.2, 60.0, 4.3, 25.7, 15.0, 14.3, 15.0, 55.7, 61.9, 38.1, 100, 0.0, 70.4, 29.6
332, Bruno Fernando , ATL, 25, 41, 20, 21, 14.5, 97.6, 2.4, 79.5, 0.0, 0.0, 2.5, 20.5, 10.9, 79.5, 78.9, 21.1, 0.0, 0.0, 78.9, 21.1
333, Bol Bol , PHX, 24, 40, 26, 14, 11.3, 65.8, 34.2, 62.7, 8.3, 30.4, 12.4, 6.9, 11.1, 54.4, 77.9, 22.1, 100, 0.0, 83.3, 16.7
333, Cody Zeller , NOP, 31, 40, 24, 16, 7.6, 95.0, 5.0, 64.9, 0.0, 4.1, 8.1, 31.0, 10.8, 64.9, 54.2, 45.8, 100, 0.0, 56.0, 44.0
333, Davis Bertans , CHA, 31, 40, 19, 21, 15.3, 13.9, 86.1, 9.9, 2.3, 79.0, 11.1, 11.1, 21.4, 7.6, 92.3, 7.7, 95.7, 4.3, 95.1, 4.9
333, Eugene Omoruyi , WAS, 27, 40, 5, 35, 8.6, 74.3, 25.7, 70.7, 2.4, 10.8, 20.4, 18.5, 30.5, 68.3, 62.7, 37.3, 100, 0.0, 66.2, 33.8
333, Jalen Wilson , BKN, 23, 40, 13, 27, 14.5, 58.8, 41.2, 46.9, 6.3, 34.4, 9.9, 18.7, 14.1, 40.6, 62.2, 37.8, 100, 0.0, 74.6, 25.4
333, Julian Phillips , CHI, 20, 40, 20, 20, 8.1, 50.6, 49.4, 44.9, 4.5, 40.4, 16.9, 14.7, 14.6, 40.4, 75.0, 25.0, 100, 0.0, 84.4, 15.6
333, Kobe Brown , LAC, 24, 40, 26, 14, 7.7, 41.8, 58.2, 46.4, 2.9, 52.2, 15.9, 1.4, 17.4, 43.5, 68.8, 31.3, 100, 0.0, 82.1, 17.9
333, Maxi Kleber , DAL, 32, 40, 25, 15, 20.5, 37.0, 63.0, 32.7, 4.7, 49.1, 0.6, 18.2, 14.6, 28.1, 89.3, 10.7, 96.4, 3.6, 92.9, 7.1
333, Reggie Bullock Jr. , HOU, 33, 40, 21, 19, 9.7, 18.8, 81.3, 14.6, 4.2, 84.4, 9.4, 1.0, 5.2, 10.4, 100, 0.0, 96.3, 3.7, 97.1, 2.9
333, Richaun Holmes , WAS, 30, 40, 13, 27, 13.9, 98.0, 2.0, 81.4, 1.0, 1.5, 10.6, 17.1, 10.6, 80.4, 71.6, 28.4, 100, 0.0, 72.0, 28.0
333, Sasha Vezenkov , SAC, 28, 40, 21, 19, 12.2, 37.5, 62.5, 34.5, 0.9, 60.0, 7.7, 5.5, 9.5, 33.6, 78.9, 21.1, 97.7, 2.3, 89.0, 11.0
344, Jacob Gilyard , BKN, 25, 39, 12, 27, 17.1, 16.4, 83.6, 10.4, 5.8, 88.4, 9.8, 1.2, 15.0, 4.6, 11.1, 88.9, 82.4, 17.6, 71.7, 28.3
344, Luka Samanic , UTA, 24, 39, 13, 26, 7.2, 56.6, 43.4, 47.0, 1.7, 28.7, 10.4, 24.3, 7.8, 45.2, 77.8, 22.2, 100, 0.0, 84.2, 15.8
344, Luke Kennard , MEM, 27, 39, 15, 24, 25.6, 24.4, 75.6, 15.9, 5.6, 74.8, 13.8, 9.3, 17.9, 10.3, 76.5, 23.5, 94.4, 5.6, 90.1, 9.9
344, Malcolm Brogdon , POR, 31, 39, 15, 24, 28.7, 59.9, 40.1, 44.4, 11.1, 40.1, 9.8, 15.5, 12.1, 33.3, 25.7, 74.3, 75.6, 24.4, 44.5, 55.5
344, Markelle Fultz , ORL, 25, 39, 24, 15, 21.4, 94.6, 5.4, 89.2, 12.5, 3.9, 15.1, 6.9, 18.7, 76.7, 39.0, 61.0, 100, 0.0, 40.7, 59.3
349, A.J. Lawson , DAL, 23, 38, 25, 13, 6.8, 57.0, 43.0, 56.7, 1.7, 32.5, 32.5, 10.8, 21.7, 55.0, 55.9, 44.1, 100, 0.0, 68.1, 31.9
349, Bismack Biyombo , OKC, 31, 38, 18, 20, 20.0, 100, 0.0, 85.2, 0.0, 0.0, 7.4, 14.8, 17.9, 85.2, 76.8, 23.2, 0.0, 0.0, 76.8, 23.2
349, Tyler Herro , MIA, 24, 38, 20, 18, 33.3, 54.9, 45.1, 44.5, 12.7, 46.1, 14.5, 9.4, 12.5, 31.8, 40.6, 59.4, 81.0, 19.0, 57.1, 42.9
352, Damian Jones , CLE, 28, 37, 23, 14, 6.9, 82.4, 17.6, 76.5, 3.9, 5.9, 11.8, 17.6, 18.6, 72.5, 79.5, 20.5, 100, 0.0, 80.5, 19.5
352, Jared Butler , WAS, 23, 37, 6, 31, 13.1, 58.3, 41.7, 57.1, 3.8, 30.0, 20.0, 12.9, 15.2, 53.3, 38.3, 61.7, 66.7, 33.3, 45.7, 54.3
352, Joel Embiid , PHI, 30, 37, 29, 8, 33.6, 84.7, 15.3, 59.5, 19.0, 10.7, 6.2, 29.8, 9.3, 40.5, 53.9, 46.1, 82.6, 17.4, 57.0, 43.0
352, Lamar Stevens , MEM, 26, 37, 22, 15, 14.1, 81.9, 18.1, 71.9, 7.8, 14.1, 15.2, 14.0, 14.8, 64.1, 54.3, 45.7, 100, 0.0, 59.6, 40.4
352, Svi Mykhailiuk , BOS, 26, 37, 30, 7, 8.7, 19.2, 80.8, 17.5, 1.8, 78.9, 19.3, 3.6, 14.0, 15.8, 70.0, 30.0, 93.3, 6.7, 87.5, 12.5
352, Thomas Bryant , MIA, 26, 37, 21, 16, 11.3, 84.9, 15.1, 74.4, 4.0, 6.0, 11.6, 19.6, 16.6, 70.4, 73.0, 27.0, 100, 0.0, 74.4, 25.6
352, Tre Mann , CHA, 23, 37, 19, 18, 23.3, 59.1, 40.9, 52.3, 3.1, 36.9, 9.2, 10.8, 11.7, 49.2, 22.4, 77.6, 77.5, 22.5, 40.0, 60.0
359, De'Anthony Melton , PHI, 25, 36, 23, 13, 27.8, 40.5, 59.5, 29.5, 3.4, 54.5, 20.3, 16.0, 14.3, 26.2, 47.5, 52.5, 80.0, 20.0, 65.4, 34.6
359, DeAndre Jordan , DEN, 35, 36, 24, 12, 11.0, 100, 0.0, 81.7, 0.0, 0.0, 1.4, 18.3, 5.6, 81.7, 72.4, 27.6, 0.0, 0.0, 72.4, 27.6
359, Olivier-Maxence Prosper , DAL, 21, 36, 22, 14, 7.3, 54.7, 45.3, 43.4, 2.4, 28.9, 27.7, 27.7, 13.3, 41.0, 66.7, 33.3, 100, 0.0, 76.9, 23.1
359, Skylar Mays , LAL, 26, 36, 13, 23, 11.9, 65.8, 34.2, 60.6, 11.6, 31.0, 7.1, 8.4, 14.8, 49.0, 27.7, 72.3, 87.5, 12.5, 42.9, 57.1
359, Taylor Hendricks , UTA, 20, 36, 11, 25, 20.9, 40.6, 59.4, 36.8, 1.5, 55.2, 13.8, 8.0, 12.6, 35.2, 60.4, 39.6, 100, 0.0, 80.2, 19.8
359, Trent Forrest , ATL, 25, 36, 18, 18, 10.8, 88.2, 11.8, 75.3, 5.2, 7.8, 15.6, 16.9, 26.0, 70.1, 31.0, 69.0, 100, 0.0, 35.5, 64.5
365, Furkan Korkmaz , PHI, 26, 35, 22, 13, 8.6, 47.4, 52.6, 36.4, 2.3, 47.7, 15.9, 15.9, 35.2, 34.1, 75.0, 25.0, 71.4, 28.6, 73.3, 26.7
365, Jeremiah Robinson-Earl , NOP, 23, 35, 19, 16, 9.2, 58.4, 41.6, 55.6, 9.3, 33.3, 14.8, 11.1, 17.6, 46.3, 76.7, 23.3, 100, 0.0, 83.3, 16.7
365, Lester Quinones , GSW, 23, 35, 22, 13, 10.7, 37.7, 62.3, 28.0, 5.3, 60.0, 14.0, 12.0, 12.0, 22.7, 38.1, 61.9, 93.3, 6.7, 70.6, 29.4
365, Lindy Waters III , OKC, 26, 35, 22, 13, 7.1, 20.2, 79.8, 21.8, 7.3, 76.4, 19.1, 1.8, 16.4, 14.5, 66.7, 33.3, 92.9, 7.1, 85.0, 15.0
365, Patrick Baldwin Jr. , WAS, 21, 35, 6, 29, 10.9, 38.0, 62.0, 32.2, 0.0, 53.4, 13.6, 14.4, 15.3, 32.2, 68.4, 31.6, 100, 0.0, 85.0, 15.0
365, Rayan Rupert , POR, 19, 35, 7, 28, 14.4, 54.7, 45.3, 34.8, 0.0, 52.3, 18.9, 12.9, 11.4, 34.8, 56.5, 43.5, 87.0, 13.0, 71.7, 28.3
365, Wesley Matthews , ATL, 37, 35, 11, 24, 11.7, 28.9, 71.1, 18.5, 1.9, 66.7, 14.8, 14.8, 10.2, 16.7, 90.0, 10.0, 95.8, 4.2, 94.1, 5.9
372, Bones Hyland , LAC, 23, 34, 19, 15, 13.2, 44.9, 55.1, 39.6, 5.2, 53.1, 12.5, 7.3, 16.7, 34.4, 34.2, 65.8, 55.9, 44.1, 44.4, 55.6
372, Danuel House Jr. , PHI, 30, 34, 21, 13, 15.0, 52.4, 47.6, 44.4, 4.2, 31.3, 33.3, 24.3, 20.8, 40.3, 71.9, 28.1, 93.3, 6.7, 78.7, 21.3
372, Yuta Watanabe , MEM, 29, 34, 18, 16, 13.7, 26.7, 73.3, 27.4, 3.4, 64.1, 20.5, 8.5, 22.2, 23.9, 56.3, 43.8, 100, 0.0, 82.9, 17.1
375, Dominick Barlow , SAS, 20, 33, 7, 26, 12.7, 92.0, 8.0, 73.6, 12.5, 6.3, 4.2, 20.1, 9.0, 61.1, 69.8, 30.2, 100, 0.0, 71.4, 28.6
375, Orlando Robinson , MIA, 23, 33, 18, 15, 9.1, 79.2, 20.8, 56.6, 0.0, 24.2, 3.0, 19.2, 21.2, 56.6, 60.7, 39.3, 100, 0.0, 69.4, 30.6
377, Jake LaRavia , MEM, 22, 32, 8, 24, 21.3, 49.2, 50.8, 35.9, 2.1, 39.3, 11.0, 24.8, 13.1, 33.8, 55.8, 44.2, 89.5, 10.5, 70.0, 30.0
377, Maxwell Lewis , LAL, 21, 32, 17, 15, 3.1, 60.0, 40.0, 66.7, 22.2, 33.3, 0.0, 0.0, 22.2, 44.4, 33.3, 66.7, 100, 0.0, 50.0, 50.0
377, Shaedon Sharpe , POR, 20, 32, 8, 24, 33.1, 58.5, 41.5, 45.5, 9.8, 35.3, 13.5, 19.2, 19.2, 35.7, 46.6, 53.4, 71.7, 28.3, 55.1, 44.9
380, Jarace Walker , IND, 20, 31, 16, 15, 10.6, 50.5, 49.5, 39.3, 10.7, 53.6, 7.1, 7.1, 14.3, 28.6, 59.1, 40.9, 85.0, 15.0, 71.4, 28.6
380, Kevin Knox II , DET, 24, 31, 4, 27, 18.1, 49.5, 50.5, 49.3, 6.3, 41.7, 24.7, 9.0, 16.1, 43.0, 78.2, 21.8, 96.8, 3.2, 84.9, 15.1
380, Ousmane Dieng , OKC, 20, 31, 19, 12, 11.0, 35.6, 64.4, 38.3, 6.7, 50.0, 17.5, 11.7, 36.7, 31.7, 91.3, 8.7, 100, 0.0, 95.3, 4.7
380, Terry Taylor , CHI, 24, 31, 12, 19, 6.1, 76.9, 23.1, 78.3, 0.0, 13.0, 17.4, 8.7, 4.3, 78.3, 66.7, 33.3, 100, 0.0, 70.0, 30.0
384, Justin Minaya , POR, 25, 30, 3, 27, 8.8, 34.0, 66.0, 31.1, 0.0, 60.0, 40.0, 8.9, 22.2, 31.1, 42.9, 57.1, 88.9, 11.1, 68.8, 31.3
384, Patty Mills , MIA, 35, 30, 14, 16, 13.2, 34.7, 65.3, 35.0, 18.3, 57.5, 9.2, 7.5, 25.0, 16.7, 52.4, 47.6, 95.7, 4.3, 75.0, 25.0
384, Thaddeus Young , PHX, 35, 30, 10, 20, 13.7, 94.2, 5.8, 93.9, 3.0, 2.3, 9.1, 3.8, 17.4, 90.9, 72.6, 27.4, 100, 0.0, 73.0, 27.0
384, Thanasis Antetokounmpo , MIL, 31, 30, 19, 11, 4.6, 96.2, 3.8, 100, 0.0, 0.0, 23.1, 0.0, 15.4, 100, 76.9, 23.1, 0.0, 0.0, 76.9, 23.1
388, Jarred Vanderbilt , LAL, 25, 29, 14, 15, 20.0, 76.3, 23.7, 68.0, 0.0, 16.0, 24.7, 16.0, 20.0, 68.0, 70.6, 29.4, 100, 0.0, 74.6, 25.4
388, Josh Minott , MIN, 21, 29, 22, 7, 2.9, 71.9, 28.1, 51.2, 0.0, 20.9, 23.3, 27.9, 16.3, 51.2, 54.5, 45.5, 100, 0.0, 64.3, 35.7
388, Monte Morris , MIN, 28, 29, 19, 10, 15.1, 55.3, 44.7, 45.2, 20.6, 46.5, 16.8, 8.3, 16.1, 24.5, 31.4, 68.6, 91.7, 8.3, 55.9, 44.1
388, Ricky Council IV , PHI, 22, 29, 12, 17, 9.3, 72.6, 27.4, 50.3, 2.4, 18.0, 23.4, 31.7, 21.0, 47.9, 66.7, 33.3, 100, 0.0, 73.1, 26.9
388, Robert Covington , PHI, 33, 29, 20, 9, 16.8, 42.9, 57.1, 37.8, 1.6, 44.9, 11.8, 17.3, 24.4, 36.2, 75.0, 25.0, 100, 0.0, 86.0, 14.0
393, Brandon Boston Jr. , LAC, 22, 28, 16, 12, 8.9, 67.9, 32.1, 60.5, 13.4, 25.2, 8.4, 14.3, 16.0, 47.1, 58.3, 41.7, 70.0, 30.0, 60.9, 39.1
393, Brice Sensabaugh , UTA, 20, 28, 6, 22, 17.5, 46.6, 53.4, 44.0, 12.6, 42.4, 19.9, 13.6, 18.3, 31.4, 50.0, 50.0, 77.8, 22.2, 60.9, 39.1
393, Cody Martin , CHA, 28, 28, 7, 21, 26.9, 60.0, 40.0, 52.1, 8.5, 38.4, 16.1, 9.5, 17.5, 43.6, 43.6, 56.4, 70.4, 29.6, 52.4, 47.6
393, Evan Fournier , DET, 31, 28, 7, 21, 17.2, 38.1, 61.9, 36.6, 12.6, 49.7, 14.9, 13.7, 20.0, 24.0, 59.4, 40.6, 86.2, 13.8, 72.1, 27.9
393, P.J. Tucker , LAC, 38, 28, 13, 15, 15.5, 27.3, 72.7, 14.3, 0.0, 78.6, 19.0, 7.1, 4.8, 14.3, 66.7, 33.3, 100, 0.0, 92.9, 7.1
398, Colby Jones , SAC, 21, 27, 14, 13, 6.5, 68.2, 31.8, 85.2, 7.4, 11.1, 7.4, 3.7, 0.0, 77.8, 56.5, 43.5, 100, 0.0, 60.0, 40.0
398, Kira Lewis Jr. , UTA, 23, 27, 10, 17, 8.8, 61.3, 38.8, 63.2, 2.6, 15.8, 26.3, 21.0, 25.0, 60.5, 45.8, 54.2, 75.0, 25.0, 50.0, 50.0
398, Mitchell Robinson , NYK, 26, 27, 15, 12, 26.0, 100, 0.0, 86.3, 0.0, 0.0, 2.0, 13.7, 15.0, 86.3, 51.5, 48.5, 0.0, 0.0, 51.5, 48.5
401, Cory Joseph , GSW, 32, 26, 10, 16, 11.4, 34.4, 65.6, 31.7, 9.5, 61.9, 11.1, 6.4, 17.5, 22.2, 60.0, 40.0, 92.3, 7.7, 78.3, 21.7
401, Jontay Porter , TOR, 24, 26, 6, 20, 13.8, 42.3, 57.7, 34.8, 1.7, 52.2, 5.2, 13.0, 12.2, 33.0, 65.0, 35.0, 100, 0.0, 82.5, 17.5
401, Matt Ryan , NOP, 26, 26, 13, 13, 14.8, 19.5, 80.5, 10.5, 3.9, 80.9, 13.8, 8.6, 11.2, 6.6, 100, 0.0, 92.7, 7.3, 93.9, 6.1
401, Neemias Queta , BOS, 24, 26, 22, 4, 11.4, 100, 0.0, 85.7, 1.7, 0.0, 1.7, 14.3, 10.1, 84.0, 68.6, 31.4, 0.0, 0.0, 68.6, 31.4
405, Jalen Pickett , DEN, 24, 25, 18, 7, 4.8, 28.6, 71.4, 28.6, 14.3, 64.3, 16.7, 7.1, 26.2, 14.3, 50.0, 50.0, 77.8, 22.2, 66.7, 33.3
405, Nathan Mensah , CHA, 25, 25, 3, 22, 12.3, 100, 0.0, 72.7, 6.1, 0.0, 0.0, 27.3, 12.1, 66.7, 66.7, 33.3, 0.0, 0.0, 66.7, 33.3
405, Zach LaVine , CHI, 29, 25, 10, 15, 34.9, 55.1, 44.9, 45.6, 12.3, 36.3, 17.5, 18.1, 16.0, 33.3, 39.6, 60.4, 52.5, 47.5, 44.1, 55.9
408, Aleksej Pokusevski , CHA, 22, 24, 12, 12, 13.7, 53.1, 46.9, 44.8, 1.7, 33.6, 23.3, 21.6, 11.2, 43.1, 76.9, 23.1, 100, 0.0, 84.6, 15.4
408, Collin Gillespie , DEN, 24, 24, 15, 9, 9.4, 44.9, 55.1, 39.1, 11.5, 51.7, 10.3, 9.2, 12.6, 27.6, 35.3, 64.7, 93.3, 6.7, 62.5, 37.5
408, Derrick Rose , MEM, 35, 24, 6, 18, 16.6, 75.2, 24.8, 63.9, 13.6, 23.6, 7.3, 12.5, 16.8, 50.3, 42.6, 57.4, 86.7, 13.3, 51.3, 48.7
408, Garrett Temple , TOR, 37, 24, 5, 19, 9.2, 49.2, 50.8, 42.3, 0.0, 42.3, 29.6, 15.4, 23.9, 42.3, 53.3, 46.7, 100, 0.0, 72.0, 28.0
408, Stanley Umude , DET, 24, 24, 4, 20, 12.8, 36.9, 63.1, 20.5, 3.1, 56.7, 19.7, 22.8, 12.6, 17.3, 84.6, 15.4, 100, 0.0, 94.6, 5.4
413, Isaiah Livers , DET, 25, 23, 1, 22, 20.4, 33.6, 66.4, 31.6, 5.3, 57.9, 15.8, 10.5, 15.8, 26.3, 77.8, 22.2, 100, 0.0, 90.0, 10.0
413, Jamal Cain , MIA, 25, 23, 12, 11, 11.1, 60.8, 39.2, 47.4, 10.3, 34.0, 10.3, 18.6, 15.5, 37.1, 65.2, 34.8, 72.7, 27.3, 67.6, 32.4
413, Leaky Black , CHA, 24, 23, 1, 22, 10.1, 63.4, 36.6, 44.4, 3.7, 38.9, 33.3, 16.7, 14.8, 40.7, 66.7, 33.3, 100, 0.0, 78.9, 21.1
413, Luka Garza , MIN, 25, 23, 17, 6, 5.0, 55.6, 44.4, 53.3, 2.2, 30.0, 5.6, 16.7, 13.3, 51.1, 58.3, 41.7, 100, 0.0, 69.7, 30.3
417, Admiral Schofield , ORL, 27, 22, 15, 7, 3.7, 37.5, 62.5, 34.8, 8.7, 65.2, 0.0, 0.0, 13.0, 26.1, 50.0, 50.0, 100, 0.0, 77.8, 22.2
417, Harry Giles III , LAL, 25, 22, 10, 12, 4.5, 72.0, 28.0, 71.4, 7.1, 16.1, 16.1, 12.5, 16.1, 64.3, 70.0, 30.0, 100, 0.0, 73.9, 26.1
417, LaMelo Ball , CHA, 22, 22, 7, 15, 32.3, 53.4, 46.6, 43.0, 1.5, 39.9, 9.5, 17.1, 14.6, 41.4, 15.9, 84.1, 58.6, 41.4, 32.2, 67.8
417, Markieff Morris , DAL, 34, 22, 13, 9, 7.9, 37.0, 63.0, 25.0, 10.7, 69.6, 5.4, 5.4, 8.9, 14.3, 57.1, 42.9, 84.6, 15.4, 75.0, 25.0
417, Saben Lee , PHX, 24, 22, 13, 9, 8.1, 70.4, 29.6, 49.3, 0.0, 8.7, 26.1, 42.0, 17.4, 49.3, 52.9, 47.1, 100, 0.0, 57.9, 42.1
417, Tari Eason , HOU, 22, 22, 12, 10, 21.8, 73.5, 26.5, 65.1, 6.5, 25.1, 22.8, 9.8, 23.7, 58.6, 47.1, 52.9, 100, 0.0, 58.0, 42.0
417, Wendell Moore Jr. , MIN, 22, 22, 17, 5, 3.0, 66.7, 33.3, 100, 0.0, 0.0, 42.9, 0.0, 28.6, 100, 42.9, 57.1, 0.0, 0.0, 42.9, 57.1
424, Gui Santos , GSW, 21, 21, 15, 6, 7.9, 50.0, 50.0, 38.8, 0.0, 40.3, 20.9, 20.9, 20.9, 38.8, 61.5, 38.5, 88.9, 11.1, 72.7, 27.3
424, Ibou Badji , POR, 21, 21, 5, 16, 10.3, 100, 0.0, 81.3, 12.5, 0.0, 6.3, 18.7, 3.1, 68.8, 46.2, 53.8, 0.0, 0.0, 46.2, 53.8
424, Jalen Hood-Schifino , LAL, 20, 21, 10, 11, 5.2, 66.7, 33.3, 47.1, 23.5, 17.6, 14.7, 35.3, 5.9, 23.5, 62.5, 37.5, 100, 0.0, 70.0, 30.0
424, Jerome Robinson , GSW, 27, 21, 16, 5, 3.6, 45.2, 54.8, 53.8, 0.0, 23.1, 15.4, 23.1, 15.4, 53.8, 100, 0.0, 100, 0.0, 100, 0.0
424, Onuralp Bitim , CHI, 25, 21, 9, 12, 11.5, 48.6, 51.4, 51.4, 10.8, 44.6, 18.9, 4.0, 17.6, 40.5, 73.7, 26.3, 100, 0.0, 83.3, 16.7
424, Trey Jemison , MEM, 24, 21, 5, 16, 20.7, 100, 0.0, 86.5, 2.8, 0.0, 5.0, 13.5, 10.6, 83.7, 55.7, 44.3, 0.0, 0.0, 55.7, 44.3
430, Marcus Smart , MEM, 30, 20, 7, 13, 30.2, 43.5, 56.5, 41.5, 6.2, 43.6, 10.4, 14.9, 15.6, 35.3, 25.0, 75.0, 90.5, 9.5, 52.0, 48.0
430, Moses Brown , POR, 24, 20, 4, 16, 8.5, 100, 0.0, 89.7, 0.0, 0.0, 6.9, 10.3, 15.5, 89.7, 76.9, 23.1, 0.0, 0.0, 76.9, 23.1
430, Nate Williams , HOU, 25, 20, 9, 11, 5.4, 90.2, 9.8, 80.0, 0.0, 6.0, 8.0, 14.0, 12.0, 80.0, 35.0, 65.0, 100, 0.0, 38.1, 61.9
430, Noah Clowney , BKN, 19, 20, 9, 11, 13.1, 66.2, 33.8, 55.1, 0.0, 27.6, 8.2, 17.3, 7.1, 55.1, 74.1, 25.9, 100, 0.0, 80.6, 19.4
430, Ryan Arcidiacono , NYK, 30, 20, 15, 5, 2.3, 0.0, 100, 0.0, 0.0, 0.0, 0.0, 100, 0.0, 0.0, 0.0, 0.0, 0.0, 0.0, 0.0, 0.0
435, Braxton Key , DEN, 27, 19, 13, 6, 3.1, 70.6, 29.4, 50.0, 10.0, 30.0, 25.0, 20.0, 20.0, 40.0, 100, 0.0, 100, 0.0, 100, 0.0
435, Charles Bassey , SAS, 23, 19, 3, 16, 10.8, 97.5, 2.5, 92.1, 0.0, 0.0, 6.3, 7.9, 0.0, 92.1, 79.3, 20.7, 0.0, 0.0, 79.3, 20.7
435, Devonte' Graham , SAS, 29, 19, 5, 14, 11.6, 22.4, 77.6, 23.3, 7.0, 62.8, 32.6, 13.9, 29.1, 16.3, 30.0, 70.0, 72.2, 27.8, 57.1, 42.9
435, Mark Williams , CHA, 22, 19, 7, 12, 26.8, 100, 0.0, 81.0, 0.0, 0.0, 6.6, 19.0, 12.4, 81.0, 63.3, 36.7, 0.0, 0.0, 63.3, 36.7
439, AJ Griffin , ATL, 20, 18, 8, 10, 7.4, 26.7, 73.3, 21.6, 5.4, 73.0, 18.9, 5.4, 5.4, 16.2, 75.0, 25.0, 88.9, 11.1, 84.6, 15.4
439, Ashton Hagans , POR, 24, 18, 3, 15, 16.8, 67.2, 32.8, 53.3, 0.0, 28.0, 4.0, 18.7, 13.3, 53.3, 45.0, 55.0, 100, 0.0, 59.3, 40.7
439, Chris Livingston , MIL, 20, 18, 11, 7, 4.1, 77.8, 22.2, 73.7, 0.0, 15.8, 31.6, 10.5, 21.1, 73.7, 57.1, 42.9, 100, 0.0, 62.5, 37.5
439, Javon Freeman-Liberty , TOR, 24, 18, 3, 15, 16.5, 68.4, 31.6, 62.4, 0.0, 16.5, 26.6, 21.1, 25.7, 62.4, 52.9, 47.1, 100, 0.0, 60.0, 40.0
439, Jay Huff , DEN, 26, 18, 14, 4, 2.6, 40.0, 60.0, 52.2, 0.0, 39.1, 0.0, 8.7, 13.0, 52.2, 100, 0.0, 100, 0.0, 100, 0.0
439, Kenneth Lofton Jr. , UTA, 21, 18, 5, 13, 6.6, 72.0, 28.0, 58.3, 8.3, 25.0, 4.2, 16.7, 14.6, 50.0, 57.1, 42.9, 100, 0.0, 66.7, 33.3
439, Taj Gibson , DET, 38, 18, 7, 11, 10.3, 64.3, 35.7, 66.7, 16.7, 25.0, 0.0, 8.3, 12.5, 50.0, 50.0, 50.0, 100, 0.0, 60.0, 40.0
439, Vit Krejci , ATL, 23, 18, 9, 9, 24.8, 32.9, 67.1, 30.6, 3.6, 64.9, 16.2, 4.5, 10.8, 27.0, 70.6, 29.4, 95.8, 4.2, 85.4, 14.6
447, DaQuan Jeffries , NYK, 26, 17, 11, 6, 2.7, 41.2, 58.8, 57.1, 14.3, 42.9, 0.0, 0.0, 0.0, 42.9, 100, 0.0, 100, 0.0, 100, 0.0
447, Jules Bernard , WAS, 24, 17, 2, 15, 6.9, 51.0, 49.0, 43.6, 3.6, 49.1, 9.1, 7.3, 10.9, 40.0, 41.7, 58.3, 88.9, 11.1, 61.9, 38.1
447, Scotty Pippen Jr. , MEM, 23, 17, 5, 12, 23.8, 62.1, 37.9, 45.9, 4.1, 38.3, 23.0, 15.8, 11.2, 41.8, 37.8, 62.2, 84.0, 16.0, 54.3, 45.7
447, Theo Maledon , PHX, 22, 17, 5, 12, 12.5, 57.1, 42.9, 50.8, 0.0, 25.4, 13.6, 23.8, 20.3, 50.8, 60.0, 40.0, 100, 0.0, 70.0, 30.0
447, Tosan Evbuomwan , DET, 23, 17, 1, 16, 21.6, 54.9, 45.1, 47.5, 0.0, 35.6, 14.9, 16.9, 17.8, 47.5, 83.3, 16.7, 100, 0.0, 88.9, 11.1
452, Dylan Windler , ATL, 27, 16, 9, 7, 5.1, 13.0, 87.0, 12.9, 0.0, 87.1, 0.0, 0.0, 6.5, 12.9, 100, 0.0, 88.9, 11.1, 90.9, 9.1
452, Joe Harris , DET, 32, 16, 4, 12, 10.6, 23.1, 76.9, 20.5, 0.0, 76.9, 20.5, 2.6, 12.8, 20.5, 100, 0.0, 100, 0.0, 100, 0.0
452, Johnny Juzang , UTA, 23, 16, 3, 13, 17.1, 26.7, 73.3, 27.5, 0.0, 68.8, 12.8, 3.7, 16.5, 27.5, 73.3, 26.7, 100, 0.0, 90.0, 10.0
452, Robin Lopez , MIL, 36, 16, 10, 6, 4.0, 57.9, 42.1, 55.6, 0.0, 33.3, 0.0, 11.1, 0.0, 55.6, 80.0, 20.0, 100, 0.0, 85.7, 14.3
452, Udoka Azubuike , PHX, 24, 16, 12, 4, 7.1, 100, 0.0, 91.4, 0.0, 0.0, 5.7, 8.6, 8.6, 91.4, 56.3, 43.8, 0.0, 0.0, 56.3, 43.8
457, Ben Simmons , BKN, 27, 15, 7, 8, 23.9, 100, 0.0, 93.5, 0.0, 0.0, 19.6, 6.5, 27.2, 93.5, 58.1, 41.9, 0.0, 0.0, 58.1, 41.9
457, Cole Swider , MIA, 24, 15, 6, 9, 5.5, 22.2, 77.8, 23.8, 4.8, 71.4, 23.8, 4.8, 19.0, 19.0, 80.0, 20.0, 100, 0.0, 93.3, 6.7
457, Hunter Tyson , DEN, 23, 15, 11, 4, 2.9, 31.6, 68.4, 40.0, 20.0, 60.0, 0.0, 0.0, 30.0, 20.0, 100, 0.0, 100, 0.0, 100, 0.0
457, Jett Howard , ORL, 20, 15, 8, 7, 3.5, 20.8, 79.2, 23.1, 0.0, 69.2, 3.8, 7.7, 23.1, 23.1, 100, 0.0, 66.7, 33.3, 77.8, 22.2
457, Otto Porter Jr. , TOR, 30, 15, 6, 9, 11.6, 30.3, 69.7, 30.8, 10.3, 61.5, 5.1, 7.7, 0.0, 20.5, 100, 0.0, 87.5, 12.5, 92.9, 7.1
462, Colin Castleton , LAL, 23, 14, 8, 6, 4.0, 100, 0.0, 72.7, 9.1, 0.0, 9.1, 27.3, 36.4, 63.6, 62.5, 37.5, 0.0, 0.0, 62.5, 37.5
462, James Bouknight , CHA, 23, 14, 0, 14, 5.8, 26.8, 73.2, 20.0, 0.0, 78.0, 18.0, 2.0, 10.0, 20.0, 40.0, 60.0, 53.8, 46.2, 50.0, 50.0
462, Leonard Miller , MIN, 20, 14, 12, 2, 3.1, 75.0, 25.0, 75.0, 16.7, 25.0, 20.8, 0.0, 12.5, 58.3, 77.8, 22.2, 100, 0.0, 81.8, 18.2
462, Micah Potter , UTA, 26, 14, 2, 12, 11.2, 45.2, 54.8, 34.1, 0.0, 51.2, 7.3, 14.7, 34.1, 34.1, 71.4, 28.6, 100, 0.0, 85.7, 14.3
462, Olivier Sarr , OKC, 25, 14, 7, 7, 6.8, 68.4, 31.6, 52.9, 0.0, 17.6, 0.0, 29.5, 20.6, 52.9, 88.9, 11.1, 100, 0.0, 90.9, 9.1
467, Boban Marjanovic , HOU, 35, 13, 8, 5, 4.5, 92.3, 7.7, 75.0, 6.3, 0.0, 0.0, 25.0, 6.3, 68.8, 66.7, 33.3, 0.0, 0.0, 66.7, 33.3
467, Brandon Williams , DAL, 24, 13, 8, 5, 4.6, 69.6, 30.4, 50.0, 0.0, 25.0, 0.0, 25.0, 4.2, 50.0, 50.0, 50.0, 50.0, 50.0, 50.0, 50.0
467, Daishen Nix , MIN, 22, 13, 10, 3, 3.5, 31.8, 68.2, 27.3, 0.0, 68.2, 31.8, 4.5, 18.2, 27.3, 33.3, 66.7, 60.0, 40.0, 50.0, 50.0
467, Emoni Bates , CLE, 20, 13, 7, 6, 7.8, 24.3, 75.7, 17.6, 5.9, 79.4, 5.9, 3.0, 29.4, 11.8, 33.3, 66.7, 100, 0.0, 83.3, 16.7
467, Jared Rhoden , DET, 24, 13, 1, 12, 11.8, 57.9, 42.1, 56.5, 8.7, 32.6, 13.0, 10.9, 30.4, 47.8, 84.6, 15.4, 100, 0.0, 88.9, 11.1
467, Justin Champagnie , WAS, 22, 13, 3, 10, 15.1, 36.5, 63.5, 35.9, 0.0, 50.0, 20.5, 14.1, 15.4, 35.9, 71.4, 28.6, 100, 0.0, 85.2, 14.8
467, Kendall Brown , IND, 20, 13, 8, 5, 3.9, 90.9, 9.1, 70.6, 0.0, 0.0, 11.8, 29.4, 23.5, 70.6, 66.7, 33.3, 0.0, 0.0, 66.7, 33.3
467, Kobe Bufkin , ATL, 20, 13, 8, 5, 11.2, 49.2, 50.8, 55.2, 31.0, 41.4, 5.2, 3.4, 19.0, 24.1, 31.3, 68.8, 62.5, 37.5, 41.7, 58.3
467, Nate Hinton , HOU, 24, 13, 6, 7, 4.6, 47.8, 52.2, 19.4, 0.0, 67.7, 22.6, 12.9, 6.5, 19.4, 0.0, 100, 71.4, 28.6, 50.0, 50.0
467, Terquavion Smith , PHI, 21, 13, 5, 8, 5.8, 23.3, 76.7, 19.6, 0.0, 76.5, 13.7, 3.9, 17.6, 19.6, 20.0, 80.0, 84.6, 15.4, 66.7, 33.3
467, Trevelin Queen , ORL, 27, 13, 5, 8, 12.5, 55.3, 44.7, 55.0, 5.0, 22.5, 17.5, 22.5, 35.0, 50.0, 72.7, 27.3, 66.7, 33.3, 71.4, 28.6
478, Jermaine Samuels Jr. , HOU, 25, 12, 6, 6, 4.5, 84.6, 15.4, 90.0, 0.0, 0.0, 30.0, 10.0, 0.0, 90.0, 55.6, 44.4, 0.0, 0.0, 55.6, 44.4
479, Jaylen Nowell , DET, 24, 11, 3, 8, 17.7, 62.5, 37.5, 69.3, 32.0, 24.0, 16.0, 6.7, 18.7, 37.3, 50.0, 50.0, 100, 0.0, 59.4, 40.6
479, Juan Toscano-Anderson , SAC, 30, 11, 7, 4, 4.8, 66.7, 33.3, 57.1, 0.0, 42.9, 28.6, 0.0, 0.0, 57.1, 100, 0.0, 100, 0.0, 100, 0.0
479, Moussa Diabate , LAC, 22, 11, 7, 4, 5.8, 100, 0.0, 69.0, 0.0, 0.0, 0.0, 31.0, 0.0, 69.0, 50.0, 50.0, 0.0, 0.0, 50.0, 50.0
479, Ryan Rollins , MIL, 21, 11, 1, 10, 6.1, 88.0, 12.0, 53.7, 4.9, 14.6, 14.6, 31.7, 41.5, 48.8, 9.1, 90.9, 50.0, 50.0, 15.4, 84.6
483, Armoni Brooks , BKN, 25, 10, 3, 7, 10.4, 30.4, 69.6, 19.0, 0.0, 78.6, 19.0, 2.4, 7.1, 19.0, 75.0, 25.0, 90.9, 9.1, 86.7, 13.3
483, Ish Wainright , PHX, 29, 10, 2, 8, 6.1, 16.7, 83.3, 0.0, 0.0, 91.3, 21.7, 8.7, 0.0, 0.0, 0.0, 0.0, 100, 0.0, 100, 0.0
483, Jalen Slawson , SAC, 24, 10, 7, 3, 3.3, 60.0, 40.0, 100, 0.0, 0.0, 66.7, 0.0, 0.0, 100, 66.7, 33.3, 0.0, 0.0, 66.7, 33.3
483, Mouhamadou Gueye , TOR, 25, 10, 0, 10, 9.7, 90.3, 9.7, 87.0, 0.0, 0.0, 17.4, 13.0, 26.1, 87.0, 70.0, 30.0, 0.0, 0.0, 70.0, 30.0
483, T.J. Warren , MIN, 30, 10, 6, 4, 12.3, 68.3, 31.7, 78.0, 29.3, 14.6, 19.5, 7.4, 29.3, 48.8, 81.3, 18.8, 100, 0.0, 83.3, 16.7
483, Xavier Moon , LAC, 29, 10, 6, 4, 3.9, 66.7, 33.3, 90.9, 54.5, 0.0, 0.0, 9.1, 0.0, 36.4, 40.0, 60.0, 0.0, 0.0, 40.0, 60.0
489, DeJon Jarreau , MEM, 26, 9, 2, 7, 16.6, 74.0, 26.0, 60.5, 0.0, 27.9, 4.7, 11.6, 9.3, 60.5, 7.7, 92.3, 100, 0.0, 29.4, 70.6
489, Dru Smith , MIA, 26, 9, 7, 2, 14.5, 48.5, 51.5, 41.0, 0.0, 53.8, 0.0, 5.2, 7.7, 41.0, 50.0, 50.0, 85.7, 14.3, 66.7, 33.3
489, Ja Morant , MEM, 24, 9, 6, 3, 35.3, 70.0, 30.0, 58.4, 3.5, 18.6, 13.3, 23.0, 10.2, 54.9, 28.8, 71.2, 50.0, 50.0, 32.5, 67.5
489, Jacob Toppin , NYK, 23, 9, 2, 7, 4.2, 55.6, 44.4, 61.5, 15.4, 23.1, 30.8, 15.4, 0.0, 46.2, 75.0, 25.0, 100, 0.0, 80.0, 20.0
489, Jeff Dowtin Jr. , PHI, 26, 9, 4, 5, 12.5, 33.3, 66.7, 28.6, 4.8, 64.3, 21.4, 7.1, 19.0, 23.8, 50.0, 50.0, 55.6, 44.4, 53.3, 46.7
489, Keyontae Johnson , OKC, 23, 9, 7, 2, 7.4, 81.3, 18.8, 72.7, 18.2, 27.3, 18.2, 0.0, 0.0, 54.5, 50.0, 50.0, 100, 0.0, 60.0, 40.0
489, Seth Lundy , ATL, 24, 9, 2, 7, 5.8, 23.5, 76.5, 14.3, 14.3, 64.3, 21.4, 21.4, 21.4, 0.0, 100, 0.0, 100, 0.0, 100, 0.0
489, Tristan Vukcevic , WAS, 21, 9, 3, 6, 14.6, 48.2, 51.8, 48.5, 0.0, 36.4, 10.6, 15.1, 7.6, 48.5, 81.3, 18.8, 87.5, 12.5, 83.3, 16.7
497, Amari Bailey , CHA, 20, 8, 0, 8, 3.9, 58.3, 41.7, 85.7, 28.6, 0.0, 28.6, 14.3, 28.6, 57.1, 33.3, 66.7, 0.0, 0.0, 33.3, 66.7
497, Charlie Brown Jr. , NYK, 27, 8, 2, 6, 4.7, 30.0, 70.0, 0.0, 0.0, 100, 50.0, 0.0, 0.0, 0.0, 0.0, 0.0, 100, 0.0, 100, 0.0
497, E.J. Liddell , NOP, 23, 8, 3, 5, 2.9, 16.7, 83.3, 50.0, 0.0, 0.0, 0.0, 50.0, 50.0, 50.0, 100, 0.0, 0.0, 0.0, 100, 0.0
497, Gabe Vincent , LAL, 27, 8, 5, 3, 21.3, 48.7, 51.3, 75.9, 27.6, 20.7, 6.9, 3.4, 6.9, 48.3, 45.5, 54.5, 50.0, 50.0, 46.2, 53.8
497, Isaiah Mobley , CLE, 24, 8, 1, 7, 6.7, 46.2, 53.8, 50.0, 0.0, 50.0, 16.7, 0.0, 0.0, 50.0, 33.3, 66.7, 100, 0.0, 60.0, 40.0
497, James Johnson , IND, 37, 8, 3, 5, 5.0, 77.8, 22.2, 75.0, 25.0, 0.0, 0.0, 25.0, 0.0, 50.0, 33.3, 66.7, 0.0, 0.0, 33.3, 66.7
497, Jordan Miller , LAC, 24, 8, 5, 3, 3.5, 77.8, 22.2, 61.5, 0.0, 23.1, 15.4, 15.4, 0.0, 61.5, 0.0, 100, 100, 0.0, 20.0, 80.0
497, Matt Hurt , MEM, 23, 8, 2, 6, 14.2, 41.2, 58.8, 43.8, 18.8, 46.9, 0.0, 9.3, 28.1, 25.0, 57.1, 42.9, 100, 0.0, 75.0, 25.0
497, Oscar Tshiebwe , IND, 24, 8, 2, 6, 5.2, 100, 0.0, 76.9, 7.7, 0.0, 7.7, 23.1, 11.5, 69.2, 80.0, 20.0, 0.0, 0.0, 80.0, 20.0
497, R.J. Hampton , MIA, 23, 8, 3, 5, 9.5, 42.9, 57.1, 60.0, 0.0, 30.0, 40.0, 10.0, 10.0, 60.0, 33.3, 66.7, 100, 0.0, 50.0, 50.0
497, Sidy Cissoko , SAS, 20, 8, 2, 6, 5.4, 28.6, 71.4, 33.3, 0.0, 0.0, 66.7, 66.7, 33.3, 33.3, 100, 0.0, 0.0, 0.0, 100, 0.0
508, Buddy Boeheim , DET, 24, 7, 0, 7, 9.5, 16.0, 84.0, 7.1, 7.1, 75.0, 0.0, 17.9, 32.1, 0.0, 100, 0.0, 100, 0.0, 100, 0.0
508, D'Moi Hodge , LAL, 25, 7, 1, 6, 5.9, 20.0, 80.0, 28.6, 14.3, 64.3, 21.4, 7.1, 42.9, 14.3, 100, 0.0, 100, 0.0, 100, 0.0
508, Jahmi'us Ramsey , TOR, 22, 7, 0, 7, 17.3, 46.3, 53.7, 51.1, 8.5, 38.3, 31.9, 10.6, 21.3, 42.6, 58.3, 41.7, 100, 0.0, 72.2, 27.8
508, Jordan Walsh , BOS, 20, 7, 7, 0, 6.6, 44.4, 55.6, 100, 0.0, 0.0, 66.7, 0.0, 33.3, 100, 100, 0.0, 0.0, 0.0, 100, 0.0
508, Maozinha Pereira , MEM, 23, 7, 2, 5, 17.4, 62.9, 37.1, 54.2, 0.0, 31.3, 16.7, 14.5, 18.8, 54.2, 69.2, 30.8, 100, 0.0, 77.8, 22.2
508, Marques Bolden , CHA, 25, 7, 3, 4, 7.8, 100, 0.0, 93.3, 0.0, 0.0, 13.3, 6.7, 13.3, 93.3, 71.4, 28.6, 0.0, 0.0, 71.4, 28.6
508, TyTy Washington Jr. , MIL, 22, 7, 3, 4, 4.4, 60.0, 40.0, 0.0, 0.0, 100, 0.0, 0.0, 50.0, 0.0, 0.0, 0.0, 100, 0.0, 100, 0.0
515, Adama Sanogo , CHI, 22, 6, 1, 5, 2.5, 100, 0.0, 80.0, 0.0, 0.0, 0.0, 20.0, 0.0, 80.0, 25.0, 75.0, 0.0, 0.0, 25.0, 75.0
515, Dereon Seabron , NOP, 23, 6, 3, 3, 9.2, 84.6, 15.4, 42.9, 0.0, 21.4, 14.3, 35.7, 0.0, 42.9, 0.0, 100, 100, 0.0, 25.0, 75.0
515, Greg Brown III , DAL, 22, 6, 3, 3, 6.6, 72.7, 27.3, 53.3, 0.0, 20.0, 46.7, 26.7, 13.3, 53.3, 75.0, 25.0, 100, 0.0, 80.0, 20.0
515, JD Davison , BOS, 21, 6, 6, 0, 1.9, 0.0, 100, 0.0, 0.0, 75.0, 0.0, 25.0, 0.0, 0.0, 0.0, 0.0, 100, 0.0, 100, 0.0
515, Jamaree Bouyea , SAS, 24, 6, 0, 6, 9.5, 61.9, 38.1, 100, 20.0, 0.0, 40.0, 0.0, 60.0, 80.0, 40.0, 60.0, 0.0, 0.0, 40.0, 60.0
515, Jordan Ford , SAC, 25, 6, 2, 4, 3.6, 57.1, 42.9, 33.3, 16.7, 50.0, 0.0, 16.7, 33.3, 16.7, 0.0, 100, 50.0, 50.0, 25.0, 75.0
515, Mamadi Diakite , NYK, 27, 6, 5, 1, 4.1, 83.3, 16.7, 66.7, 0.0, 0.0, 16.7, 33.3, 0.0, 66.7, 100, 0.0, 0.0, 0.0, 100, 0.0
515, Pete Nance , CLE, 24, 6, 2, 4, 2.3, 100, 0.0, 0.0, 0.0, 0.0, 0.0, 100, 0.0, 0.0, 0.0, 0.0, 0.0, 0.0, 0.0, 0.0
515, Robert Williams III , POR, 26, 6, 2, 4, 19.8, 100, 0.0, 82.9, 19.5, 0.0, 0.0, 17.1, 0.0, 63.4, 52.9, 47.1, 0.0, 0.0, 52.9, 47.1
524, Brandon Clarke , MEM, 27, 5, 2, 3, 21.5, 89.4, 10.6, 92.6, 11.1, 5.6, 7.4, 1.8, 9.3, 81.5, 76.0, 24.0, 100, 0.0, 76.9, 23.1
524, Darius Bazley , UTA, 23, 5, 0, 5, 14.7, 75.0, 25.0, 55.6, 0.0, 16.7, 11.1, 27.7, 22.2, 55.6, 40.0, 60.0, 100, 0.0, 50.0, 50.0
524, Frank Ntilikina , CHA, 25, 5, 0, 5, 8.6, 11.1, 88.9, 0.0, 0.0, 60.0, 0.0, 40.0, 0.0, 0.0, 0.0, 0.0, 100, 0.0, 100, 0.0
524, Jason Preston , UTA, 24, 5, 1, 4, 9.5, 91.7, 8.3, 100, 20.0, 0.0, 0.0, 0.0, 0.0, 80.0, 40.0, 60.0, 0.0, 0.0, 40.0, 60.0
524, Javonte Green , CHI, 30, 5, 3, 2, 21.2, 68.8, 31.3, 58.2, 0.0, 32.7, 10.9, 9.1, 16.4, 58.2, 68.8, 31.3, 100, 0.0, 77.3, 22.7
524, Wenyen Gabriel , MEM, 27, 5, 1, 4, 16.2, 72.7, 27.3, 82.4, 0.0, 17.6, 11.8, 0.0, 0.0, 82.4, 71.4, 28.6, 100, 0.0, 75.0, 25.0
530, Alex Fudge , DAL, 20, 4, 1, 3, 3.6, 66.7, 33.3, 50.0, 0.0, 0.0, 0.0, 50.0, 0.0, 50.0, 0.0, 100, 0.0, 0.0, 0.0, 100
530, Alondes Williams , MIA, 24, 4, 3, 1, 2.9, 50.0, 50.0, 66.7, 0.0, 0.0, 0.0, 33.3, 0.0, 66.7, 0.0, 100, 0.0, 0.0, 0.0, 100
530, D.J. Carton , TOR, 23, 4, 2, 2, 8.9, 50.0, 50.0, 36.4, 0.0, 27.3, 0.0, 36.3, 0.0, 36.4, 50.0, 50.0, 100, 0.0, 66.7, 33.3
530, Dexter Dennis , DAL, 25, 4, 1, 3, 7.5, 57.9, 42.1, 81.8, 9.1, 13.6, 9.1, 4.6, 9.1, 72.7, 44.4, 55.6, 100, 0.0, 50.0, 50.0
530, Isaiah Thomas , PHX, 35, 4, 3, 1, 3.4, 66.7, 33.3, 40.0, 0.0, 60.0, 0.0, 0.0, 0.0, 40.0, 0.0, 100, 100, 0.0, 50.0, 50.0
530, Keon Johnson , BKN, 22, 4, 0, 4, 12.8, 52.6, 47.4, 21.4, 7.1, 42.9, 0.0, 35.7, 21.4, 14.3, 66.7, 33.3, 100, 0.0, 85.7, 14.3
530, Kobi Simmons , TOR, 26, 4, 0, 4, 16.9, 61.9, 38.1, 70.0, 10.0, 30.0, 35.0, 0.0, 10.0, 60.0, 42.9, 57.1, 100, 0.0, 55.6, 44.4
530, Mason Jones , SAC, 25, 4, 2, 2, 5.5, 14.3, 85.7, 0.0, 0.0, 85.7, 57.1, 14.3, 0.0, 0.0, 0.0, 0.0, 100, 0.0, 100, 0.0
530, Pat Spencer , GSW, 27, 4, 2, 2, 2.2, 100, 0.0, 100, 0.0, 0.0, 100, 0.0, 0.0, 100, 100, 0.0, 0.0, 0.0, 100, 0.0
530, Usman Garuba , GSW, 22, 4, 3, 1, 2.6, 80.0, 20.0, 100, 0.0, 0.0, 0.0, 0.0, 0.0, 100, 0.0, 100, 0.0, 0.0, 0.0, 100
540, Andrew Funk , CHI, 24, 3, 1, 2, 1.3, 100, 0.0, 0.0, 0.0, 0.0, 0.0, 100, 0.0, 0.0, 0.0, 0.0, 0.0, 0.0, 0.0, 0.0
540, Filip Petrusev , SAC, 23, 3, 2, 1, 3.1, 100, 0.0, 66.7, 0.0, 0.0, 0.0, 33.3, 0.0, 66.7, 100, 0.0, 0.0, 0.0, 100, 0.0
540, Lindell Wigginton , MIL, 26, 3, 3, 0, 2.5, 60.0, 40.0, 66.7, 0.0, 0.0, 0.0, 33.3, 0.0, 66.7, 0.0, 100, 0.0, 0.0, 0.0, 100
540, Malik Williams , TOR, 25, 3, 2, 1, 12.7, 71.4, 28.6, 0.0, 0.0, 0.0, 0.0, 100, 0.0, 0.0, 0.0, 0.0, 0.0, 0.0, 0.0, 0.0
540, Mouhamed Gueye , ATL, 21, 3, 2, 1, 2.7, 25.0, 75.0, 0.0, 0.0, 0.0, 0.0, 100, 0.0, 0.0, 0.0, 0.0, 0.0, 0.0, 0.0, 0.0
540, Shaquille Harrison , MEM, 30, 3, 1, 2, 2.0, 100, 0.0, 100, 0.0, 0.0, 0.0, 0.0, 0.0, 100, 100, 0.0, 0.0, 0.0, 100, 0.0
540, Taze Moore , POR, 25, 3, 1, 2, 3.4, 60.0, 40.0, 100, 0.0, 0.0, 33.3, 0.0, 33.3, 100, 0.0, 100, 0.0, 0.0, 0.0, 100
540, Zavier Simpson , MEM, 27, 3, 1, 2, 23.9, 63.6, 36.4, 25.0, 12.5, 56.3, 0.0, 18.7, 18.8, 12.5, 50.0, 50.0, 66.7, 33.3, 60.0, 40.0
548, D.J. Wilson , PHI, 28, 2, 1, 1, 7.7, 66.7, 33.3, 40.0, 0.0, 60.0, 0.0, 0.0, 0.0, 40.0, 100, 0.0, 100, 0.0, 100, 0.0
548, Danny Green , PHI, 36, 2, 1, 1, 9.2, 50.0, 50.0, 0.0, 0.0, 0.0, 0.0, 100, 0.0, 0.0, 0.0, 0.0, 0.0, 0.0, 0.0, 0.0
548, Dariq Whitehead , BKN, 19, 2, 1, 1, 12.0, 40.0, 60.0, 66.7, 0.0, 0.0, 0.0, 33.3, 0.0, 66.7, 100, 0.0, 0.0, 0.0, 100, 0.0
548, Dmytro Skapintsev , NYK, 25, 2, 0, 2, 1.1, 100, 0.0, 0.0, 0.0, 0.0, 0.0, 100, 0.0, 0.0, 0.0, 0.0, 0.0, 0.0, 0.0, 0.0
548, Hamidou Diallo , WAS, 25, 2, 1, 1, 2.4, 100, 0.0, 100, 0.0, 0.0, 0.0, 0.0, 0.0, 100, 0.0, 100, 0.0, 0.0, 0.0, 100
548, Henri Drell , CHI, 23, 2, 0, 2, 2.2, 50.0, 50.0, 100, 0.0, 0.0, 0.0, 0.0, 0.0, 100, 0.0, 100, 0.0, 0.0, 0.0, 100
548, Joshua Primo , LAC, 21, 2, 2, 0, 5.1, 66.7, 33.3, 100, 0.0, 0.0, 0.0, 0.0, 0.0, 100, 100, 0.0, 0.0, 0.0, 100, 0.0
548, Justin Jackson , MIN, 29, 2, 2, 0, 0.4, 0.0, 0.0, 0.0, 0.0, 0.0, 0.0, 100, 0.0, 0.0, 0.0, 0.0, 0.0, 0.0, 0.0, 0.0
548, Kevon Harris , ORL, 26, 2, 1, 1, 3.0, 100, 0.0, 100, 50.0, 0.0, 0.0, 0.0, 0.0, 50.0, 50.0, 50.0, 0.0, 0.0, 50.0, 50.0
548, Ty Jerome , CLE, 26, 2, 1, 1, 7.4, 75.0, 25.0, 100, 50.0, 0.0, 0.0, 0.0, 0.0, 50.0, 0.0, 100, 0.0, 0.0, 0.0, 100
558, Adam Flagler , OKC, 24, 1, 1, 0, 5.5, 0.0, 100, 0.0, 0.0, 0.0, 0.0, 100, 0.0, 0.0, 0.0, 0.0, 0.0, 0.0, 0.0, 0.0
558, Drew Peterson , BOS, 24, 1, 1, 0, 2.6, 0.0, 100, 0.0, 0.0, 100, 0.0, 0.0, 0.0, 0.0, 0.0, 0.0, 100, 0.0, 100, 0.0
558, Isaiah Wong , IND, 23, 1, 1, 0, 4.3, 66.7, 33.3, 100, 100, 0.0, 0.0, 0.0, 0.0, 0.0, 0.0, 100, 0.0, 0.0, 0.0, 100
558, Izaiah Brockington , NOP, 24, 1, 1, 0, 3.4, 80.0, 20.0, 100, 0.0, 0.0, 50.0, 0.0, 0.0, 100, 50.0, 50.0, 0.0, 0.0, 50.0, 50.0
558, Jalen Crutcher , NOP, 24, 1, 1, 0, 2.7, 100, 0.0, 0.0, 0.0, 0.0, 0.0, 100, 0.0, 0.0, 0.0, 0.0, 0.0, 0.0, 0.0, 0.0
558, Javonte Smart , PHI, 24, 1, 1, 0, 0.7, 0.0, 0.0, 0.0, 0.0, 0.0, 0.0, 100, 0.0, 0.0, 0.0, 0.0, 0.0, 0.0, 0.0, 0.0
558, Kaiser Gates , NOP, 27, 1, 0, 1, 7.4, 50.0, 50.0, 0.0, 0.0, 0.0, 0.0, 100, 0.0, 0.0, 0.0, 0.0, 0.0, 0.0, 0.0, 0.0
558, Malcolm Cazalon , DET, 22, 1, 0, 1, 2.6, 0.0, 0.0, 0.0, 0.0, 0.0, 0.0, 100, 0.0, 0.0, 0.0, 0.0, 0.0, 0.0, 0.0, 0.0
558, Markquis Nowell , TOR, 24, 1, 0, 1, 3.5, 100, 0.0, 0.0, 0.0, 0.0, 0.0, 100, 0.0, 0.0, 0.0, 0.0, 0.0, 0.0, 0.0, 0.0
558, Quenton Jackson , IND, 25, 1, 1, 0, 1.8, 0.0, 0.0, 0.0, 0.0, 0.0, 0.0, 100, 0.0, 0.0, 0.0, 0.0, 0.0, 0.0, 0.0, 0.0
558, Ron Harper Jr. , TOR, 23, 1, 1, 0, 3.7, 0.0, 0.0, 0.0, 0.0, 0.0, 0.0, 100, 0.0, 0.0, 0.0, 0.0, 0.0, 0.0, 0.0, 0.0
558, Timmy Allen , MEM, 24, 1, 0, 1, 26.1, 50.0, 50.0, 100, 0.0, 0.0, 0.0, 0.0, 0.0, 100, 100, 0.0, 0.0, 0.0, 100, 0.0