IND, PLAYER, TEAM, AGE, GP, W, L, MIN, PTS_OFF_TO, 2ND_PTS, FBPS, PITP, OPP_PTS_OFF_TO, OPP_2ND_PTS, OPP_FBPS, OPP_PITP, BLK, BLKA, PF, PFD
1, Buddy Hield , PHI, 31, 77, 39, 38, 26.2, 2.5, 1.1, 2.5, 3.2, 8.9, 7.8, 8.0, 31.0, 0.5, 0.4, 2.1, 0.5
2, Andre Drummond , CHI, 30, 75, 36, 39, 17.0, 1.2, 3.3, 0.3, 6.6, 5.5, 4.9, 4.5, 15.3, 0.6, 0.6, 1.8, 2.3
2, Austin Reaves , LAL, 25, 75, 42, 33, 32.2, 1.9, 0.8, 2.3, 6.2, 11.0, 9.6, 11.0, 34.1, 0.3, 0.6, 1.8, 3.0
2, Christian Braun , DEN, 22, 75, 52, 23, 19.6, 1.3, 0.7, 1.7, 3.7, 6.8, 6.1, 4.8, 19.4, 0.4, 0.6, 1.7, 1.0
2, Collin Sexton , UTA, 25, 75, 29, 46, 26.6, 3.0, 2.1, 3.4, 8.9, 10.6, 7.5, 10.1, 28.3, 0.2, 1.4, 2.0, 3.8
2, Dennis Schroder , BKN, 30, 75, 27, 48, 31.0, 1.8, 1.1, 0.9, 4.7, 9.7, 9.0, 9.2, 33.1, 0.2, 0.8, 2.0, 2.3
2, Georges Niang , CLE, 30, 75, 45, 30, 22.6, 0.9, 0.8, 1.0, 2.9, 8.0, 6.3, 6.7, 21.9, 0.2, 0.2, 2.3, 0.7
2, Mikal Bridges , BKN, 27, 75, 29, 46, 35.5, 2.9, 1.9, 2.7, 7.1, 10.9, 10.3, 11.3, 36.2, 0.4, 0.7, 1.5, 3.3
2, Obi Toppin , IND, 26, 75, 42, 33, 21.3, 1.7, 1.3, 2.0, 5.3, 7.3, 6.2, 6.9, 27.5, 0.5, 0.4, 1.7, 1.1
2, Paul Reed , PHI, 24, 75, 40, 35, 19.3, 1.0, 2.1, 0.3, 5.1, 5.5, 5.6, 6.0, 20.6, 1.0, 0.5, 2.4, 1.2
2, Reggie Jackson , DEN, 33, 75, 52, 23, 22.1, 1.4, 0.5, 0.8, 4.3, 7.8, 6.2, 5.6, 22.2, 0.1, 0.4, 1.8, 1.2
12, Bobby Portis , MIL, 29, 74, 47, 27, 24.2, 1.6, 2.2, 1.0, 6.2, 6.7, 6.9, 6.7, 26.1, 0.4, 0.4, 2.4, 1.3
12, Cason Wallace , OKC, 20, 74, 52, 22, 20.6, 1.2, 0.5, 1.5, 2.5, 6.7, 6.9, 4.8, 21.3, 0.4, 0.2, 1.6, 0.5
12, Chet Holmgren , OKC, 21, 74, 52, 22, 29.9, 2.1, 2.2, 1.4, 8.5, 8.4, 10.2, 7.7, 29.2, 2.4, 0.8, 2.4, 3.0
12, Domantas Sabonis , SAC, 27, 74, 43, 31, 35.8, 2.3, 3.5, 1.4, 14.1, 12.3, 7.7, 8.9, 37.1, 0.6, 1.0, 3.1, 4.5
12, Harrison Barnes , SAC, 31, 74, 43, 31, 29.3, 1.6, 1.3, 1.1, 4.3, 10.0, 6.2, 7.3, 31.1, 0.1, 0.3, 1.2, 2.0
12, Jalen Green , HOU, 22, 74, 38, 36, 31.7, 3.1, 1.2, 3.2, 7.3, 9.4, 9.0, 7.7, 32.4, 0.4, 1.4, 1.4, 3.5
12, Jeremy Sochan , SAS, 20, 74, 18, 56, 29.6, 1.4, 1.6, 1.7, 6.9, 11.9, 8.3, 9.0, 34.6, 0.5, 0.9, 2.3, 1.8
12, Jonas Valanciunas , NOP, 31, 74, 45, 29, 24.0, 1.1, 3.0, 0.3, 7.7, 7.3, 6.2, 7.0, 22.5, 0.9, 0.6, 2.7, 2.4
12, Michael Porter Jr. , DEN, 25, 74, 52, 22, 31.7, 2.6, 2.3, 2.5, 4.8, 9.7, 7.9, 9.3, 33.3, 0.6, 0.4, 1.8, 1.2
12, Nickeil Alexander-Walker , MIN, 25, 74, 51, 23, 23.5, 1.1, 0.8, 0.9, 2.1, 7.4, 6.0, 6.1, 21.9, 0.5, 0.3, 1.8, 1.0
12, Payton Pritchard , BOS, 26, 74, 58, 16, 21.5, 1.0, 1.2, 1.1, 2.2, 5.8, 5.6, 5.6, 21.4, 0.1, 0.2, 1.3, 0.7
23, Ayo Dosunmu , CHI, 24, 73, 36, 37, 28.8, 2.3, 1.0, 3.0, 5.6, 9.1, 8.3, 7.9, 27.4, 0.5, 0.8, 2.2, 1.1
23, Cole Anthony , ORL, 23, 73, 43, 30, 22.9, 1.9, 1.0, 1.2, 4.6, 7.8, 6.0, 6.5, 22.3, 0.5, 0.4, 2.3, 2.1
23, Corey Kispert , WAS, 25, 73, 14, 59, 24.7, 1.8, 0.8, 1.8, 4.6, 9.5, 8.4, 7.7, 29.8, 0.2, 0.6, 1.7, 1.4
23, DeMar DeRozan , CHI, 34, 73, 35, 38, 37.6, 3.1, 1.9, 0.9, 8.3, 11.6, 10.3, 9.8, 34.8, 0.6, 1.0, 2.0, 5.5
23, Donte DiVincenzo , NYK, 27, 73, 44, 29, 28.0, 2.5, 1.9, 2.5, 3.5, 8.8, 7.2, 8.5, 27.3, 0.4, 0.4, 2.1, 1.5
23, Jordan Poole , WAS, 24, 73, 14, 59, 29.7, 2.5, 1.0, 2.7, 6.2, 10.2, 10.4, 9.5, 36.7, 0.3, 1.0, 3.2, 2.7
23, Josh Giddey , OKC, 21, 73, 52, 21, 24.8, 1.7, 1.2, 1.9, 7.0, 7.4, 8.4, 6.7, 25.6, 0.6, 0.8, 1.3, 1.1
23, Josh Hart , NYK, 29, 73, 43, 30, 33.0, 1.5, 1.0, 1.8, 4.7, 9.6, 8.2, 9.0, 31.2, 0.3, 0.7, 2.0, 1.5
23, Naz Reid , MIN, 24, 73, 51, 22, 24.0, 1.9, 1.7, 1.5, 5.6, 7.8, 6.5, 6.4, 22.5, 0.9, 0.7, 2.1, 1.3
23, Pascal Siakam , IND, 29, 73, 33, 40, 33.6, 2.5, 2.8, 3.3, 13.1, 10.3, 9.4, 9.0, 38.1, 0.3, 0.6, 2.3, 4.1
23, Peyton Watson , DEN, 21, 73, 51, 22, 18.2, 1.0, 0.5, 1.5, 3.6, 6.6, 5.7, 4.7, 18.7, 1.0, 0.4, 1.7, 1.0
34, Coby White , CHI, 24, 72, 34, 38, 36.7, 3.2, 1.5, 3.2, 6.8, 11.6, 10.3, 9.8, 34.4, 0.2, 0.8, 2.4, 3.9
34, Kelly Olynyk , TOR, 32, 72, 29, 43, 22.0, 1.1, 1.8, 0.9, 4.9, 9.8, 7.5, 7.8, 24.4, 0.4, 0.3, 2.9, 2.4
34, Luguentz Dort , OKC, 24, 72, 50, 22, 28.5, 1.8, 0.9, 1.5, 2.8, 8.6, 9.2, 7.9, 27.5, 0.6, 0.4, 3.0, 2.1
34, Malik Monk , SAC, 26, 72, 42, 30, 26.0, 2.1, 1.3, 2.4, 5.6, 9.0, 6.4, 6.3, 26.3, 0.5, 0.8, 2.2, 2.3
34, Moritz Wagner , ORL, 26, 72, 42, 30, 17.9, 1.7, 1.8, 0.4, 7.3, 6.2, 4.5, 5.6, 17.8, 0.3, 0.5, 2.0, 2.4
34, Nikola Jokic , DEN, 29, 72, 50, 22, 34.5, 2.7, 3.9, 0.9, 16.6, 10.8, 8.3, 10.2, 36.3, 0.9, 0.8, 2.4, 5.4
34, Ochai Agbaji , TOR, 23, 72, 29, 43, 20.2, 0.8, 0.7, 1.3, 2.7, 8.2, 6.9, 6.6, 22.7, 0.5, 0.5, 1.4, 0.6
34, Paolo Banchero , ORL, 21, 72, 42, 30, 34.8, 3.8, 2.2, 2.9, 9.9, 11.8, 9.0, 10.9, 35.1, 0.6, 1.1, 1.9, 4.7
42, Aaron Holiday , HOU, 27, 71, 37, 34, 16.5, 0.9, 0.7, 0.6, 2.0, 5.1, 4.6, 3.9, 16.1, 0.1, 0.2, 1.5, 0.9
42, Anthony Edwards , MIN, 22, 71, 49, 22, 35.2, 4.2, 1.7, 4.0, 10.8, 11.8, 9.0, 9.3, 33.8, 0.6, 0.8, 1.8, 4.2
42, Bogdan Bogdanovic , ATL, 31, 71, 33, 38, 30.2, 2.6, 1.8, 2.7, 4.6, 9.8, 7.9, 9.8, 31.5, 0.3, 0.7, 2.3, 1.6
42, Brook Lopez , MIL, 36, 71, 46, 25, 30.8, 0.8, 1.5, 0.2, 5.1, 9.7, 8.8, 9.5, 32.9, 2.4, 0.2, 2.5, 1.5
42, Cameron Payne , PHI, 29, 71, 39, 32, 16.4, 0.8, 0.4, 0.6, 2.3, 4.4, 4.9, 4.5, 17.4, 0.1, 0.3, 1.6, 0.8
42, Cedi Osman , SAS, 28, 71, 17, 54, 17.6, 0.9, 0.5, 1.3, 2.5, 6.8, 5.6, 5.6, 19.6, 0.2, 0.2, 1.5, 1.0
42, Dejounte Murray , ATL, 27, 71, 32, 39, 35.7, 3.0, 1.7, 2.6, 9.0, 12.5, 10.6, 12.3, 40.6, 0.3, 0.9, 1.7, 2.5
42, Kyle Anderson , MIN, 30, 71, 50, 21, 22.9, 0.7, 0.7, 0.5, 4.4, 7.8, 6.1, 6.0, 21.2, 0.6, 0.3, 1.5, 1.4
42, Malik Beasley , MIL, 27, 71, 44, 27, 29.9, 2.0, 1.5, 1.6, 1.9, 8.9, 8.3, 9.0, 32.0, 0.1, 0.4, 2.0, 0.5
42, Myles Turner , IND, 28, 71, 40, 31, 27.3, 1.6, 2.4, 1.2, 8.1, 8.4, 7.6, 7.2, 33.2, 1.8, 0.6, 3.1, 3.4
42, Royce O'Neale , PHX, 30, 71, 32, 39, 24.8, 1.4, 0.9, 0.9, 1.4, 9.2, 6.8, 7.7, 23.6, 0.6, 0.2, 2.2, 0.6
42, Sam Hauser , BOS, 26, 71, 56, 15, 21.4, 1.0, 1.2, 1.3, 1.0, 6.0, 5.8, 4.9, 21.2, 0.3, 0.1, 1.3, 0.2
42, Shai Gilgeous-Alexander , OKC, 25, 71, 51, 20, 34.4, 5.1, 1.7, 3.5, 14.5, 9.9, 10.9, 8.6, 33.0, 0.9, 1.0, 2.5, 6.5
42, Taurean Prince , LAL, 30, 71, 39, 32, 27.6, 1.2, 0.3, 1.3, 2.6, 9.5, 8.9, 9.9, 30.1, 0.5, 0.3, 2.0, 0.9
42, Tim Hardaway Jr. , DAL, 32, 71, 44, 27, 27.5, 2.1, 1.7, 2.3, 2.8, 8.3, 8.9, 8.7, 30.1, 0.1, 0.4, 1.4, 2.1
57, Aaron Wiggins , OKC, 25, 70, 50, 20, 14.8, 1.1, 1.1, 0.9, 3.3, 4.2, 5.2, 3.3, 14.8, 0.2, 0.3, 1.1, 0.7
57, Anthony Davis , LAL, 31, 70, 40, 30, 35.9, 3.4, 4.5, 1.8, 15.8, 12.0, 10.8, 11.8, 36.9, 2.4, 1.1, 2.3, 5.3
57, Grant Williams , CHA, 25, 70, 32, 38, 27.5, 1.4, 1.4, 1.0, 3.3, 9.1, 8.0, 8.9, 30.9, 0.5, 0.4, 2.9, 2.1
57, Isaiah Joe , OKC, 24, 70, 49, 21, 18.4, 1.5, 0.8, 1.2, 1.2, 6.3, 5.5, 4.3, 16.6, 0.3, 0.2, 1.1, 1.2
57, Jarrett Allen , CLE, 25, 70, 43, 27, 31.6, 1.8, 3.0, 1.1, 12.6, 11.3, 8.5, 9.1, 30.9, 1.1, 0.9, 2.0, 4.4
57, Jeff Green , HOU, 37, 70, 36, 34, 16.6, 0.8, 0.6, 0.5, 2.5, 4.9, 4.6, 4.0, 17.3, 0.4, 0.2, 1.3, 1.4
57, Jonathan Kuminga , GSW, 21, 70, 36, 34, 26.3, 2.3, 1.7, 2.7, 10.2, 8.8, 7.3, 8.1, 27.6, 0.5, 1.0, 2.3, 3.0
57, Klay Thompson , GSW, 34, 70, 36, 34, 29.6, 2.3, 2.1, 2.1, 2.9, 10.4, 8.3, 9.2, 32.3, 0.4, 0.3, 1.7, 1.2
57, Malaki Branham , SAS, 20, 70, 16, 54, 20.4, 1.5, 0.7, 1.0, 3.9, 8.1, 6.3, 6.3, 23.7, 0.1, 0.5, 1.2, 0.8
57, Nikola Vucevic , CHI, 33, 70, 34, 36, 34.2, 2.0, 2.6, 0.3, 10.3, 10.9, 9.6, 9.3, 32.1, 0.8, 0.6, 2.5, 1.9
57, Norman Powell , LAC, 30, 70, 44, 26, 26.1, 2.1, 1.4, 1.8, 4.7, 8.7, 7.8, 8.2, 27.1, 0.3, 0.5, 1.8, 2.0
57, Toumani Camara , POR, 23, 70, 19, 51, 24.8, 1.2, 2.2, 1.2, 3.9, 9.8, 7.1, 8.8, 26.5, 0.5, 0.4, 2.5, 1.6
57, Tre Jones , SAS, 24, 70, 17, 53, 27.2, 1.5, 0.9, 1.7, 5.6, 10.4, 7.9, 7.4, 30.4, 0.1, 0.4, 1.2, 1.8
70, D'Angelo Russell , LAL, 28, 69, 41, 28, 32.4, 2.4, 1.0, 2.6, 5.7, 10.0, 10.6, 10.6, 35.7, 0.5, 0.5, 2.1, 2.3
70, Derrick Jones Jr. , DAL, 27, 69, 42, 27, 23.3, 1.4, 1.0, 1.4, 4.1, 7.6, 6.8, 7.9, 25.4, 0.6, 0.3, 1.6, 1.6
70, Giannis Antetokounmpo , MIL, 29, 69, 44, 25, 35.2, 3.9, 3.6, 5.6, 20.3, 10.7, 9.5, 9.1, 37.0, 1.0, 1.2, 2.9, 8.4
70, Jaden Ivey , DET, 22, 69, 13, 56, 28.6, 1.9, 1.3, 3.2, 6.7, 11.8, 8.0, 8.4, 32.8, 0.6, 1.1, 2.8, 3.0
70, Jalen Brunson , NYK, 27, 69, 43, 26, 35.1, 3.5, 2.1, 2.5, 11.1, 10.2, 9.1, 10.9, 34.9, 0.2, 0.8, 1.9, 6.0
70, Jayson Tatum , BOS, 26, 69, 54, 15, 35.9, 4.2, 2.1, 3.1, 9.6, 9.7, 10.3, 9.4, 35.9, 0.6, 0.9, 2.0, 4.7
70, Jusuf Nurkic , PHX, 29, 69, 42, 27, 27.1, 1.3, 2.3, 0.2, 8.0, 10.0, 6.7, 8.1, 28.3, 1.0, 0.8, 3.3, 3.0
70, Keegan Murray , SAC, 23, 69, 40, 29, 33.3, 2.5, 2.2, 2.4, 5.4, 11.4, 7.1, 7.7, 34.0, 0.7, 0.5, 2.7, 1.3
70, Kentavious Caldwell-Pope , DEN, 31, 69, 49, 20, 31.8, 1.7, 0.7, 2.0, 2.3, 10.0, 8.4, 9.2, 33.7, 0.5, 0.2, 2.0, 1.4
70, Kyle Kuzma , WAS, 28, 69, 13, 56, 32.5, 3.5, 1.4, 3.9, 11.4, 10.8, 11.7, 10.4, 41.5, 0.7, 0.8, 2.2, 2.8
70, Mike Conley , MIN, 36, 69, 49, 20, 28.9, 1.4, 0.7, 1.4, 2.7, 10.1, 8.0, 7.8, 28.1, 0.2, 0.2, 1.7, 1.5
70, Spencer Dinwiddie , LAL, 30, 69, 33, 36, 28.9, 0.7, 0.8, 1.0, 3.3, 8.4, 8.6, 8.8, 30.2, 0.3, 0.3, 1.9, 1.9
82, Aaron Gordon , DEN, 28, 68, 46, 22, 31.5, 1.5, 2.5, 1.7, 9.6, 10.4, 8.0, 9.1, 34.3, 0.6, 0.8, 1.9, 3.0
82, Damian Lillard , MIL, 33, 68, 46, 22, 35.3, 2.6, 1.5, 1.9, 6.9, 10.9, 9.8, 10.8, 38.6, 0.2, 1.2, 1.8, 4.8
82, Deni Avdija , WAS, 23, 68, 13, 55, 29.6, 1.8, 1.3, 2.6, 7.8, 11.0, 10.0, 9.4, 36.7, 0.4, 1.0, 2.5, 3.2
82, Derrick White , BOS, 29, 68, 55, 13, 32.7, 1.8, 1.6, 1.9, 4.9, 8.6, 9.4, 8.6, 32.5, 1.2, 0.4, 2.1, 2.2
82, Devin Vassell , SAS, 23, 68, 17, 51, 33.1, 2.2, 1.2, 3.0, 6.7, 13.5, 9.7, 10.1, 39.5, 0.3, 0.5, 1.1, 2.2
82, Drew Eubanks , PHX, 27, 68, 37, 31, 15.7, 0.4, 1.0, 0.1, 4.1, 5.8, 5.1, 5.2, 15.1, 0.9, 0.3, 1.5, 1.2
82, Grayson Allen , PHX, 28, 68, 40, 28, 33.6, 1.6, 1.4, 1.8, 3.5, 12.8, 10.0, 9.9, 35.9, 0.6, 0.3, 2.1, 1.8
82, Herbert Jones , NOP, 25, 68, 42, 26, 30.0, 2.3, 1.4, 2.4, 4.5, 9.3, 7.7, 8.0, 28.3, 0.9, 0.5, 2.9, 1.8
82, Isaiah Hartenstein , NYK, 25, 68, 42, 26, 25.0, 0.9, 2.2, 0.4, 5.9, 7.0, 6.1, 7.4, 24.1, 1.1, 0.4, 2.8, 1.8
82, Jabari Smith Jr. , HOU, 20, 68, 36, 32, 31.7, 1.6, 2.3, 1.8, 4.8, 9.3, 9.1, 7.3, 31.6, 0.8, 0.8, 2.7, 1.8
82, John Collins , UTA, 26, 68, 27, 41, 28.0, 1.8, 2.9, 1.5, 8.6, 10.6, 7.8, 11.3, 31.0, 0.9, 1.1, 2.8, 2.4
82, Kawhi Leonard , LAC, 32, 68, 44, 24, 34.3, 3.8, 2.4, 2.9, 10.6, 10.0, 9.5, 9.3, 33.4, 0.9, 0.4, 1.4, 4.2
82, Keldon Johnson , SAS, 24, 68, 17, 51, 29.6, 2.1, 2.1, 2.2, 7.2, 10.6, 9.2, 8.9, 33.5, 0.3, 0.8, 2.1, 2.4
82, Keyonte George , UTA, 20, 68, 25, 43, 26.8, 1.7, 0.8, 1.6, 3.5, 10.8, 7.9, 11.3, 29.6, 0.1, 0.7, 1.2, 2.7
82, Pat Connaughton , MIL, 31, 68, 43, 25, 21.7, 0.9, 0.4, 0.4, 1.7, 6.4, 6.2, 6.3, 22.9, 0.2, 0.1, 1.2, 0.8
82, Patrick Beverley , MIL, 35, 68, 41, 27, 19.6, 0.8, 0.7, 0.4, 2.5, 5.8, 6.0, 5.3, 18.6, 0.4, 0.2, 1.8, 1.3
82, Paul George , LAC, 33, 68, 44, 24, 34.2, 3.2, 1.6, 2.4, 5.8, 10.1, 9.4, 9.5, 33.4, 0.5, 0.8, 2.8, 3.0
82, Rudy Gobert , MIN, 31, 68, 48, 20, 34.1, 2.0, 4.2, 0.7, 10.5, 11.8, 8.7, 9.0, 30.9, 2.1, 0.8, 3.1, 5.1
82, Stephen Curry , GSW, 36, 68, 39, 29, 32.7, 3.5, 2.6, 2.4, 5.9, 11.9, 8.9, 10.9, 34.6, 0.3, 0.7, 1.6, 3.7
101, Brandon Miller , CHA, 21, 67, 16, 51, 32.2, 2.4, 1.2, 2.6, 5.4, 11.2, 9.3, 8.9, 36.7, 0.6, 0.6, 2.5, 2.6
101, Daniel Gafford , DAL, 25, 67, 25, 42, 24.7, 1.5, 2.7, 0.9, 9.1, 7.9, 8.8, 7.8, 28.0, 2.1, 0.5, 3.1, 2.2
101, Fred VanVleet , HOU, 30, 67, 37, 30, 36.6, 2.6, 1.5, 2.6, 2.9, 10.8, 9.8, 7.8, 36.0, 0.9, 0.4, 2.4, 2.5
101, Jaime Jaquez Jr. , MIA, 23, 67, 39, 28, 29.0, 2.0, 1.2, 1.9, 7.2, 9.5, 8.2, 7.7, 28.1, 0.2, 0.9, 2.3, 1.8
101, Jalen Suggs , ORL, 22, 67, 39, 28, 26.8, 2.7, 1.4, 2.1, 4.0, 10.0, 6.4, 8.4, 26.6, 0.6, 0.3, 2.7, 2.3
101, Jalen Williams , OKC, 22, 67, 47, 20, 31.7, 3.8, 1.7, 2.9, 10.1, 9.1, 10.4, 8.0, 31.7, 0.6, 0.7, 2.6, 2.7
101, James Harden , LAC, 34, 67, 43, 24, 34.8, 2.0, 1.0, 1.9, 3.9, 10.6, 9.5, 9.8, 35.2, 0.9, 0.6, 1.8, 3.3
101, Jevon Carter , CHI, 28, 67, 33, 34, 13.7, 0.8, 0.4, 0.6, 0.7, 3.8, 4.1, 3.5, 12.1, 0.2, 0.1, 1.0, 0.2
101, Julian Champagnie , SAS, 22, 67, 15, 52, 18.5, 0.8, 0.6, 0.8, 1.3, 7.3, 5.0, 5.5, 21.2, 0.5, 0.3, 1.0, 0.8
101, Kevin Durant , PHX, 35, 67, 38, 29, 37.1, 3.7, 2.3, 3.4, 9.0, 14.3, 11.3, 11.5, 39.9, 1.3, 0.7, 1.7, 5.0
101, Kevon Looney , GSW, 28, 67, 38, 29, 16.5, 0.5, 1.4, 0.1, 3.7, 6.3, 4.1, 5.6, 16.6, 0.3, 0.3, 2.2, 1.0
101, Precious Achiuwa , NYK, 24, 67, 35, 32, 22.7, 1.4, 2.3, 0.9, 6.0, 7.6, 6.4, 6.7, 23.0, 1.0, 0.5, 1.9, 1.3
101, Terance Mann , LAC, 27, 67, 43, 24, 25.3, 1.3, 1.0, 2.0, 4.2, 8.7, 7.0, 7.4, 26.2, 0.2, 0.4, 1.9, 1.0
114, Alex Caruso , CHI, 30, 66, 32, 34, 28.2, 1.8, 0.9, 1.6, 3.1, 8.7, 8.0, 7.3, 25.1, 1.0, 0.3, 2.6, 1.9
114, Brandin Podziemski , GSW, 21, 66, 35, 31, 26.7, 1.5, 1.1, 1.2, 4.7, 9.0, 8.0, 7.7, 27.0, 0.2, 0.4, 1.7, 1.7
114, Clint Capela , ATL, 29, 66, 31, 35, 25.5, 1.6, 4.0, 0.8, 9.6, 8.6, 7.4, 9.4, 28.9, 1.5, 1.0, 2.3, 2.3
114, De'Aaron Fox , SAC, 26, 66, 39, 27, 35.7, 3.9, 2.3, 3.5, 11.5, 12.0, 7.8, 8.9, 36.2, 0.4, 1.0, 2.6, 4.6
114, Franz Wagner , ORL, 22, 66, 40, 26, 32.7, 3.4, 2.1, 2.6, 11.5, 10.3, 7.4, 9.9, 31.3, 0.4, 1.1, 2.3, 3.8
114, Gary Trent Jr. , TOR, 25, 66, 22, 44, 27.8, 2.2, 1.0, 2.8, 3.2, 9.3, 9.0, 8.3, 32.5, 0.2, 0.4, 1.3, 1.1
114, Jaylen Brown , BOS, 27, 66, 50, 16, 33.6, 3.5, 2.1, 4.4, 11.5, 9.5, 9.8, 9.6, 33.5, 0.5, 1.0, 2.6, 3.5
114, P.J. Washington , DAL, 25, 66, 25, 41, 30.1, 2.0, 1.6, 1.5, 5.8, 10.1, 8.6, 8.6, 31.8, 0.8, 0.6, 2.4, 1.7
114, Simone Fontecchio , DET, 28, 66, 29, 37, 24.9, 1.5, 1.4, 1.3, 3.3, 8.7, 6.5, 9.2, 27.2, 0.3, 0.5, 1.7, 0.9
114, Tobias Harris , PHI, 31, 66, 37, 29, 33.9, 2.5, 1.8, 3.0, 9.1, 9.4, 9.2, 10.9, 36.1, 0.6, 1.1, 1.7, 2.4
114, Tyus Jones , WAS, 27, 66, 11, 55, 29.3, 2.0, 0.7, 2.1, 5.5, 10.1, 10.8, 10.1, 38.6, 0.3, 0.3, 0.7, 0.7
114, Victor Wembanyama , SAS, 20, 66, 16, 50, 29.2, 3.2, 2.9, 2.6, 10.1, 11.4, 7.7, 8.5, 31.2, 3.4, 0.4, 2.2, 5.3
126, Aaron Nesmith , IND, 24, 65, 36, 29, 27.7, 2.2, 1.4, 2.0, 4.2, 8.6, 8.5, 6.8, 31.9, 0.7, 0.8, 3.3, 2.0
126, Andrew Wiggins , GSW, 29, 65, 33, 32, 27.0, 1.4, 1.6, 1.4, 6.1, 10.2, 8.4, 8.2, 28.4, 0.5, 0.6, 2.1, 2.2
126, Anthony Black , ORL, 20, 65, 37, 28, 17.4, 1.0, 0.7, 0.9, 2.1, 6.7, 4.3, 5.9, 18.1, 0.3, 0.2, 1.7, 1.2
126, Dillon Brooks , HOU, 28, 65, 34, 31, 30.8, 1.5, 1.3, 2.1, 4.7, 10.0, 8.9, 6.9, 31.0, 0.1, 0.4, 3.2, 1.6
126, Dorian Finney-Smith , BKN, 30, 65, 26, 39, 28.5, 1.3, 1.1, 1.4, 2.8, 8.6, 8.0, 8.4, 28.9, 0.6, 0.3, 2.2, 0.7
126, Isaac Okoro , CLE, 23, 65, 39, 26, 27.4, 1.6, 1.0, 2.7, 4.3, 9.9, 6.9, 7.8, 26.9, 0.5, 0.6, 2.1, 1.7
126, Jabari Walker , POR, 21, 65, 16, 49, 22.6, 1.3, 2.1, 0.7, 5.0, 9.2, 6.9, 8.5, 25.6, 0.3, 0.8, 2.4, 1.8
126, Jaden Hardy , DAL, 21, 65, 39, 26, 13.6, 1.2, 0.6, 1.2, 2.5, 4.9, 4.5, 4.6, 14.8, 0.1, 0.4, 1.1, 1.1
126, LeBron James , LAL, 39, 65, 36, 29, 35.2, 3.6, 1.5, 5.1, 13.1, 12.3, 11.0, 11.5, 37.3, 0.6, 0.8, 1.1, 4.2
126, Luka Doncic , DAL, 25, 65, 42, 23, 37.4, 4.6, 2.5, 3.0, 11.3, 11.4, 10.5, 12.6, 40.0, 0.5, 0.7, 2.1, 6.9
126, Matisse Thybulle , POR, 27, 65, 18, 47, 22.9, 0.9, 0.7, 1.0, 1.4, 9.0, 7.5, 8.3, 26.0, 0.8, 0.2, 1.4, 0.6
126, Nic Claxton , BKN, 24, 65, 24, 41, 29.8, 1.5, 2.7, 1.0, 10.2, 9.4, 8.6, 10.5, 30.0, 2.0, 0.6, 2.5, 3.3
126, Tyrese Maxey , PHI, 23, 65, 38, 27, 37.5, 4.5, 1.5, 3.9, 10.6, 10.5, 10.8, 12.4, 40.1, 0.5, 1.3, 2.1, 4.1
139, Davion Mitchell , SAC, 25, 64, 38, 26, 14.2, 0.5, 0.3, 0.7, 1.9, 5.3, 3.5, 3.4, 14.5, 0.0, 0.1, 1.2, 0.7
139, Duncan Robinson , MIA, 29, 64, 36, 28, 28.5, 2.3, 1.0, 1.7, 3.4, 9.0, 7.8, 7.7, 27.4, 0.3, 0.4, 2.4, 1.2
139, Jaden McDaniels , MIN, 23, 64, 43, 21, 29.4, 1.8, 0.9, 1.6, 5.4, 9.6, 8.0, 7.4, 28.1, 0.6, 0.4, 3.1, 1.3
139, Jae'Sean Tate , HOU, 28, 64, 32, 32, 16.1, 0.7, 0.8, 0.4, 2.7, 4.7, 4.6, 3.6, 15.2, 0.2, 0.3, 2.1, 0.9
139, Jaren Jackson Jr. , MEM, 24, 64, 20, 44, 32.1, 3.6, 2.1, 0.8, 11.4, 11.3, 9.6, 10.1, 31.4, 1.6, 1.8, 3.6, 5.7
139, Kevin Huerter , SAC, 25, 64, 37, 27, 24.4, 1.6, 0.8, 1.7, 3.6, 7.8, 5.7, 5.9, 26.8, 0.4, 0.2, 2.1, 0.7
139, Kris Dunn , UTA, 30, 64, 25, 39, 18.8, 0.8, 0.6, 0.6, 3.1, 7.1, 5.2, 7.4, 19.8, 0.4, 0.3, 2.0, 0.5
139, Marcus Sasser , DET, 23, 64, 10, 54, 17.8, 0.9, 0.5, 0.8, 2.3, 7.5, 5.0, 5.5, 19.6, 0.1, 0.3, 1.5, 1.0
139, Nick Richards , CHA, 26, 64, 13, 51, 26.6, 1.0, 2.9, 0.8, 7.6, 9.6, 7.0, 8.1, 30.2, 1.2, 0.6, 2.6, 2.4
139, T.J. McConnell , IND, 32, 64, 35, 29, 18.0, 1.2, 0.4, 0.6, 6.9, 6.2, 5.4, 5.1, 21.8, 0.1, 0.5, 1.0, 1.5
149, Alperen Sengun , HOU, 21, 63, 29, 34, 32.5, 2.8, 3.2, 1.0, 14.7, 9.3, 9.2, 7.3, 31.8, 0.7, 1.2, 3.3, 5.2
149, Ausar Thompson , DET, 21, 63, 10, 53, 25.1, 1.4, 1.4, 1.7, 6.2, 9.8, 6.9, 7.7, 26.3, 0.9, 0.5, 2.8, 1.9
149, Bam Adebayo , MIA, 26, 63, 35, 28, 34.3, 2.5, 2.7, 1.6, 13.1, 10.4, 9.7, 9.5, 32.5, 1.0, 0.7, 2.3, 5.0
149, Bilal Coulibaly , WAS, 19, 63, 11, 52, 27.2, 1.4, 0.6, 1.7, 3.7, 9.9, 10.0, 8.8, 34.6, 0.8, 0.7, 2.2, 1.6
149, Brandon Ingram , NOP, 26, 63, 38, 25, 33.0, 2.9, 1.4, 1.6, 7.7, 10.6, 8.7, 9.5, 32.1, 0.6, 0.7, 2.3, 3.8
149, Jaxson Hayes , LAL, 23, 63, 36, 27, 12.0, 0.5, 0.8, 0.4, 3.3, 4.7, 4.2, 4.2, 13.1, 0.4, 0.2, 1.7, 1.1
149, Jordan Hawkins , NOP, 21, 63, 37, 26, 17.9, 1.2, 0.6, 1.4, 1.2, 5.9, 5.3, 5.5, 17.8, 0.1, 0.3, 1.1, 0.7
149, Jrue Holiday , BOS, 33, 63, 49, 14, 33.2, 1.4, 1.2, 1.8, 4.8, 9.3, 9.5, 8.9, 32.1, 0.8, 0.4, 1.6, 1.3
149, Max Strus , CLE, 28, 63, 40, 23, 31.9, 2.3, 1.6, 2.0, 3.8, 11.3, 8.8, 9.3, 30.5, 0.4, 0.6, 2.5, 1.7
149, Miles Bridges , CHA, 26, 63, 15, 48, 37.7, 3.1, 1.9, 2.1, 10.3, 12.7, 10.7, 11.1, 41.9, 0.5, 0.9, 1.8, 2.5
149, Saddiq Bey , ATL, 24, 63, 28, 35, 32.7, 2.3, 3.1, 2.0, 5.3, 11.1, 9.7, 10.9, 38.1, 0.2, 0.8, 1.4, 2.2
149, Walker Kessler , UTA, 22, 63, 26, 37, 23.6, 0.9, 2.3, 0.7, 7.0, 10.1, 7.4, 9.3, 23.7, 2.4, 0.5, 2.1, 1.3
149, Zion Williamson , NOP, 23, 63, 38, 25, 31.2, 3.6, 2.8, 3.0, 17.6, 10.4, 8.6, 9.7, 30.3, 0.6, 1.7, 2.3, 5.1
162, Alec Burks , NYK, 32, 62, 16, 46, 19.0, 1.0, 1.3, 0.9, 1.8, 7.9, 5.6, 5.5, 21.3, 0.2, 0.3, 1.2, 2.0
162, Amir Coffey , LAC, 26, 62, 42, 20, 19.6, 1.0, 0.4, 1.4, 2.3, 7.3, 5.4, 7.1, 22.2, 0.2, 0.2, 1.4, 0.7
162, Bruce Brown , TOR, 27, 62, 25, 37, 28.2, 1.7, 1.2, 2.5, 6.0, 10.9, 9.6, 8.4, 35.3, 0.3, 0.6, 2.2, 1.5
162, Caris LeVert , CLE, 29, 62, 35, 27, 28.7, 2.4, 1.1, 1.8, 6.0, 9.4, 8.1, 8.0, 27.8, 0.5, 0.7, 1.8, 2.2
162, Dario Saric , GSW, 29, 62, 33, 29, 17.4, 0.9, 1.0, 0.4, 3.1, 6.5, 4.4, 5.1, 18.5, 0.1, 0.4, 1.8, 1.5
162, David Roddy , PHX, 23, 62, 22, 40, 18.9, 1.1, 0.9, 1.0, 3.7, 7.0, 5.9, 5.2, 19.7, 0.2, 0.5, 1.1, 0.9
162, Immanuel Quickley , TOR, 24, 62, 26, 36, 28.9, 2.7, 1.2, 3.2, 5.0, 8.7, 8.0, 7.9, 30.0, 0.1, 0.6, 1.6, 2.6
162, Ivica Zubac , LAC, 27, 62, 38, 24, 26.5, 1.3, 2.6, 0.5, 9.8, 8.1, 7.1, 7.5, 24.9, 1.2, 0.6, 2.7, 2.1
162, Naji Marshall , NOP, 26, 62, 40, 22, 19.3, 1.2, 0.8, 1.0, 3.1, 6.0, 5.1, 5.7, 18.0, 0.2, 0.3, 1.4, 1.0
162, Russell Westbrook , LAC, 35, 62, 41, 21, 22.3, 1.5, 1.6, 2.0, 6.9, 7.4, 7.0, 8.2, 24.1, 0.3, 0.6, 1.7, 1.8
162, Tyrese Haliburton , IND, 24, 62, 35, 27, 32.2, 2.5, 1.3, 2.3, 6.5, 9.7, 10.3, 9.4, 40.9, 0.7, 0.8, 1.1, 2.4
162, Zach Collins , SAS, 26, 62, 15, 47, 22.3, 1.3, 1.5, 0.4, 6.2, 9.2, 6.5, 7.0, 25.5, 0.7, 0.5, 3.1, 2.2
174, Andrew Nembhard , IND, 24, 61, 36, 25, 24.7, 1.3, 1.0, 1.3, 4.5, 7.9, 7.5, 6.8, 28.2, 0.1, 0.3, 2.1, 1.3
174, Cade Cunningham , DET, 22, 61, 9, 52, 33.4, 2.3, 1.0, 1.9, 9.2, 14.0, 9.0, 9.5, 37.1, 0.3, 1.4, 2.5, 3.1
174, Eric Gordon , PHX, 35, 61, 36, 25, 28.6, 1.7, 1.4, 1.3, 3.8, 11.4, 9.1, 8.4, 30.3, 0.5, 0.6, 1.2, 1.0
174, Jaylin Williams , OKC, 21, 61, 43, 18, 12.6, 0.6, 0.4, 0.2, 0.9, 4.1, 3.4, 2.8, 11.5, 0.4, 0.1, 1.4, 0.8
174, Kelly Oubre Jr. , PHI, 28, 61, 33, 28, 29.8, 2.6, 2.0, 2.9, 7.7, 8.8, 8.9, 9.8, 30.6, 0.6, 1.3, 2.9, 2.6
174, Kenrich Williams , OKC, 29, 61, 44, 17, 14.4, 0.8, 0.6, 0.5, 1.9, 4.6, 4.3, 3.5, 13.8, 0.1, 0.2, 1.4, 0.5
174, Malachi Flynn , DET, 25, 61, 27, 34, 11.8, 1.0, 0.4, 0.6, 1.3, 4.6, 4.0, 3.3, 13.0, 0.1, 0.2, 0.9, 0.7
174, Max Christie , LAL, 21, 61, 34, 27, 14.9, 0.5, 0.2, 0.5, 1.4, 5.7, 4.7, 5.2, 15.6, 0.3, 0.3, 0.9, 0.4
174, Miles McBride , NYK, 23, 61, 37, 24, 18.5, 1.5, 1.1, 1.2, 2.0, 5.8, 4.5, 4.7, 17.1, 0.1, 0.3, 1.6, 0.9
174, Rui Hachimura , LAL, 26, 61, 35, 26, 26.5, 1.9, 1.0, 2.1, 6.6, 8.4, 8.2, 8.4, 28.7, 0.3, 0.6, 1.5, 1.4
184, Al Horford , BOS, 37, 60, 47, 13, 27.2, 0.8, 1.1, 0.8, 2.9, 7.7, 6.9, 6.5, 26.7, 1.0, 0.2, 1.5, 0.5
184, Devin Booker , PHX, 27, 60, 37, 23, 35.7, 3.0, 1.8, 3.9, 9.0, 13.0, 10.6, 10.3, 35.9, 0.4, 0.8, 3.1, 5.1
184, Duop Reath , POR, 27, 60, 15, 45, 18.2, 1.1, 2.0, 0.7, 4.2, 6.8, 5.8, 6.6, 20.6, 0.6, 0.5, 2.5, 1.3
184, Joe Ingles , ORL, 36, 60, 38, 22, 17.2, 0.5, 0.5, 0.4, 0.9, 5.7, 4.7, 5.2, 17.6, 0.1, 0.1, 1.4, 0.5
184, Karl-Anthony Towns , MIN, 28, 60, 41, 19, 32.8, 3.1, 2.5, 1.1, 10.1, 11.0, 8.5, 8.8, 32.3, 0.7, 1.1, 3.3, 4.3
184, Santi Aldama , MEM, 23, 60, 22, 38, 26.6, 1.2, 1.3, 1.1, 4.4, 10.1, 7.9, 8.3, 26.2, 0.9, 0.4, 1.5, 1.5
184, Scottie Barnes , TOR, 22, 60, 22, 38, 34.9, 2.6, 2.8, 3.1, 10.1, 11.4, 10.8, 9.0, 38.8, 1.5, 0.8, 2.0, 3.6
184, Trayce Jackson-Davis , GSW, 24, 60, 33, 27, 15.7, 1.0, 1.9, 0.6, 6.5, 5.5, 4.9, 4.3, 16.5, 1.1, 0.5, 1.7, 1.3
192, Bennedict Mathurin , IND, 21, 59, 33, 26, 26.1, 2.5, 1.5, 2.3, 6.1, 9.9, 9.0, 7.7, 33.4, 0.2, 1.3, 2.0, 2.8
192, Cam Thomas , BKN, 22, 59, 20, 39, 31.0, 2.3, 1.8, 2.3, 7.8, 9.6, 8.8, 10.8, 32.5, 0.2, 1.2, 2.1, 4.1
194, CJ McCollum , NOP, 32, 58, 38, 20, 31.9, 3.1, 1.7, 3.2, 5.4, 9.5, 8.2, 8.9, 31.0, 0.6, 0.6, 2.0, 1.7
194, Doug McDermott , IND, 32, 58, 18, 40, 14.4, 0.8, 0.8, 0.7, 0.7, 4.9, 4.6, 4.4, 15.6, 0.0, 0.1, 1.0, 0.3
194, Dwight Powell , DAL, 32, 58, 36, 22, 13.2, 0.5, 0.9, 0.1, 2.3, 4.0, 4.2, 4.3, 13.6, 0.3, 0.2, 1.8, 1.7
194, Garrison Mathews , ATL, 27, 58, 27, 31, 14.2, 0.8, 0.4, 0.2, 0.3, 5.3, 3.9, 4.7, 14.8, 0.1, 0.1, 1.8, 1.0
194, Haywood Highsmith , MIA, 27, 58, 34, 24, 19.9, 1.1, 0.6, 0.9, 2.0, 7.1, 5.7, 5.6, 18.8, 0.4, 0.2, 1.7, 0.6
194, Moses Moody , GSW, 21, 58, 32, 26, 17.2, 1.2, 1.4, 0.9, 3.5, 5.7, 4.4, 5.7, 17.0, 0.4, 0.5, 1.3, 1.2
200, Day'Ron Sharpe , BKN, 22, 57, 23, 34, 15.1, 0.8, 2.6, 0.6, 5.5, 4.9, 4.0, 4.3, 14.3, 0.7, 0.5, 2.2, 1.8
200, Goga Bitadze , ORL, 24, 57, 32, 25, 16.4, 0.9, 2.0, 0.2, 4.3, 5.4, 4.5, 4.7, 16.8, 1.2, 0.3, 1.8, 1.3
200, Sam Merrill , CLE, 27, 57, 35, 22, 17.8, 1.3, 0.9, 1.0, 0.5, 6.2, 4.3, 5.1, 17.1, 0.1, 0.2, 1.2, 0.8
200, Terry Rozier , MIA, 30, 57, 20, 37, 33.8, 2.7, 1.7, 2.4, 7.7, 10.7, 9.8, 10.1, 34.9, 0.4, 0.9, 1.7, 2.9
204, Caleb Houstan , ORL, 21, 56, 30, 26, 14.1, 0.6, 0.3, 0.7, 0.3, 4.8, 3.9, 4.4, 14.1, 0.1, 0.0, 1.1, 0.3
204, Caleb Martin , MIA, 28, 56, 31, 25, 27.1, 1.1, 1.5, 1.3, 4.2, 8.3, 7.3, 6.6, 24.0, 0.4, 0.6, 2.0, 1.7
204, Cameron Johnson , BKN, 28, 56, 19, 37, 27.7, 1.9, 1.2, 2.0, 4.0, 7.8, 8.2, 8.7, 27.6, 0.3, 0.6, 1.8, 1.6
204, Dennis Smith Jr. , BKN, 26, 56, 19, 37, 18.9, 1.3, 1.1, 1.1, 3.8, 5.9, 5.2, 4.9, 17.6, 0.2, 0.4, 2.2, 0.9
204, JT Thor , CHA, 21, 56, 13, 43, 11.8, 0.4, 0.5, 0.4, 1.1, 4.1, 3.2, 3.2, 12.2, 0.4, 0.3, 0.9, 0.2
204, Jalen Duren , DET, 20, 56, 13, 43, 29.7, 1.5, 3.5, 1.4, 11.6, 12.3, 7.8, 8.6, 33.3, 0.8, 0.8, 3.3, 2.4
204, Josh Okogie , PHX, 25, 56, 34, 22, 16.9, 0.9, 1.1, 0.5, 2.0, 6.9, 5.3, 5.2, 17.9, 0.4, 0.3, 1.2, 1.8
204, KJ Martin , PHI, 23, 56, 29, 27, 11.9, 1.0, 0.6, 0.9, 2.8, 4.0, 4.2, 3.3, 13.4, 0.2, 0.4, 1.7, 0.5
204, Trendon Watford , BKN, 23, 56, 22, 34, 12.0, 0.7, 1.2, 0.8, 3.8, 4.3, 3.5, 3.7, 10.9, 0.3, 0.3, 1.6, 1.0
213, Amen Thompson , HOU, 21, 55, 27, 28, 21.4, 1.5, 1.7, 2.2, 6.9, 7.0, 5.4, 6.2, 22.0, 0.6, 0.6, 2.3, 2.1
213, Daniel Theis , LAC, 31, 55, 37, 18, 16.6, 0.6, 1.1, 0.5, 4.1, 5.2, 5.2, 5.5, 18.0, 0.8, 0.5, 2.1, 0.9
213, Dereck Lively II , DAL, 20, 55, 35, 20, 23.5, 0.9, 1.7, 0.9, 8.0, 7.1, 6.4, 8.3, 24.8, 1.4, 0.4, 2.6, 1.4
213, Isaiah Jackson , IND, 22, 55, 33, 22, 12.8, 1.1, 1.6, 0.7, 5.1, 4.9, 4.5, 3.6, 15.0, 1.0, 0.4, 2.4, 1.6
213, James Wiseman , DET, 23, 55, 8, 47, 16.1, 0.9, 1.8, 0.8, 5.6, 6.9, 5.3, 5.2, 18.2, 0.6, 0.3, 2.2, 1.2
213, John Konchar , MEM, 28, 55, 18, 37, 21.3, 0.9, 0.6, 0.8, 1.8, 8.5, 5.7, 6.1, 21.9, 0.9, 0.2, 1.4, 0.7
213, Jordan Clarkson , UTA, 31, 55, 22, 33, 30.6, 1.7, 1.9, 1.5, 7.7, 12.2, 9.1, 11.6, 33.0, 0.1, 0.9, 1.5, 2.5
213, Kyle Lowry , PHI, 38, 55, 27, 28, 28.4, 1.2, 0.7, 1.0, 1.9, 9.6, 7.3, 9.0, 27.2, 0.4, 0.3, 2.4, 1.8
213, Larry Nance Jr. , NOP, 31, 55, 32, 23, 19.7, 0.8, 1.1, 0.3, 3.5, 6.7, 5.0, 5.8, 18.7, 0.3, 0.3, 1.5, 1.2
213, Lauri Markkanen , UTA, 26, 55, 22, 33, 33.1, 2.5, 3.2, 2.0, 8.3, 12.8, 9.4, 12.1, 35.9, 0.5, 0.8, 1.8, 4.4
213, Luke Kornet , BOS, 28, 55, 42, 13, 15.5, 0.5, 1.7, 0.4, 4.3, 4.5, 4.0, 4.4, 14.9, 1.0, 0.2, 1.3, 1.1
213, Onyeka Okongwu , ATL, 23, 55, 23, 32, 25.5, 1.1, 2.3, 0.4, 7.2, 8.7, 7.5, 8.3, 28.8, 1.1, 0.5, 2.9, 1.7
213, Scoot Henderson , POR, 20, 55, 16, 39, 27.5, 1.9, 1.1, 1.7, 5.6, 11.5, 8.4, 10.3, 31.2, 0.2, 0.8, 3.1, 3.3
226, Blake Wesley , SAS, 21, 54, 15, 39, 13.5, 1.2, 0.5, 1.1, 2.7, 4.6, 4.1, 4.1, 14.9, 0.2, 0.2, 1.4, 0.8
226, Chris Duarte , SAC, 26, 54, 32, 22, 12.8, 0.8, 0.7, 0.5, 1.1, 5.0, 3.0, 3.2, 12.9, 0.1, 0.2, 1.4, 0.8
226, Dean Wade , CLE, 27, 54, 36, 18, 20.5, 0.9, 0.6, 0.7, 0.5, 7.1, 4.6, 5.8, 20.1, 0.5, 0.1, 1.7, 0.7
226, Jalen Smith , IND, 24, 54, 31, 23, 17.5, 1.1, 2.1, 1.0, 5.3, 5.9, 5.8, 5.5, 21.2, 0.6, 0.2, 2.1, 1.6
226, Jamal Murray , DEN, 27, 54, 40, 14, 32.1, 2.9, 1.4, 2.1, 7.0, 11.2, 9.3, 9.7, 35.0, 0.6, 0.9, 1.8, 2.8
226, Jerami Grant , POR, 30, 54, 17, 37, 33.9, 3.4, 2.4, 2.2, 7.6, 12.4, 10.1, 11.5, 39.5, 0.6, 1.2, 2.2, 3.9
226, Josh Green , DAL, 23, 54, 31, 23, 26.6, 1.3, 0.6, 2.2, 3.5, 9.2, 8.3, 8.9, 29.0, 0.2, 0.5, 1.9, 1.4
226, Kris Murray , POR, 23, 54, 10, 44, 19.7, 1.2, 0.8, 1.0, 2.9, 8.2, 5.1, 7.5, 20.3, 0.3, 0.4, 1.3, 0.8
234, Bryce McGowens , CHA, 21, 53, 9, 44, 15.1, 0.8, 0.4, 0.9, 2.0, 5.1, 4.4, 3.6, 15.8, 0.1, 0.3, 1.4, 1.3
234, Dyson Daniels , NOP, 21, 53, 30, 23, 21.7, 1.3, 0.5, 0.7, 2.9, 6.9, 6.3, 5.8, 21.0, 0.4, 0.2, 1.6, 0.7
234, Gradey Dick , TOR, 20, 53, 16, 37, 20.0, 1.2, 1.0, 1.5, 2.3, 8.1, 7.0, 6.7, 23.4, 0.0, 0.4, 1.5, 0.8
234, Keita Bates-Diop , BKN, 28, 53, 29, 24, 12.5, 0.4, 0.5, 0.5, 1.8, 4.7, 3.1, 3.9, 12.5, 0.4, 0.3, 0.7, 0.5
234, Lonnie Walker IV , BKN, 25, 53, 22, 31, 16.8, 1.8, 0.9, 1.8, 2.7, 6.3, 4.8, 5.2, 16.6, 0.3, 0.4, 1.3, 0.8
234, Mo Bamba , PHI, 25, 53, 26, 27, 13.3, 0.6, 1.4, 0.3, 2.5, 3.8, 3.4, 4.8, 12.4, 1.0, 0.2, 1.8, 0.8
234, Nicolas Batum , PHI, 35, 53, 29, 24, 24.9, 0.6, 0.8, 0.2, 1.3, 7.5, 7.0, 7.1, 26.9, 0.7, 0.0, 1.9, 0.5
234, RJ Barrett , TOR, 23, 53, 24, 29, 31.6, 3.0, 1.7, 4.0, 10.8, 10.5, 9.6, 10.7, 34.9, 0.4, 1.5, 2.2, 3.4
234, Vasilije Micic , CHA, 30, 53, 31, 22, 18.8, 0.9, 0.4, 0.5, 3.1, 6.5, 6.3, 5.2, 19.5, 0.1, 0.6, 1.1, 1.1
234, Zeke Nnaji , DEN, 23, 53, 37, 16, 9.8, 0.4, 1.0, 0.3, 2.1, 3.7, 3.6, 1.8, 10.0, 0.7, 0.4, 1.4, 1.4
244, Dalen Terry , CHI, 21, 52, 24, 28, 10.7, 0.6, 0.4, 0.5, 1.4, 3.6, 2.7, 2.7, 9.3, 0.2, 0.1, 1.3, 0.5
244, Jimmy Butler , MIA, 34, 52, 28, 24, 33.9, 3.2, 2.2, 2.6, 9.7, 10.7, 9.4, 9.6, 33.0, 0.3, 1.1, 1.2, 5.3
244, Kristaps Porzingis , BOS, 28, 52, 39, 13, 29.8, 1.8, 2.4, 1.1, 8.7, 8.4, 8.8, 8.8, 28.8, 1.9, 0.3, 2.8, 5.0
244, Kyrie Irving , DAL, 32, 52, 34, 18, 34.5, 3.0, 2.2, 3.4, 9.6, 9.8, 10.5, 9.9, 36.3, 0.4, 0.7, 1.9, 3.0
244, Vince Williams Jr. , MEM, 23, 52, 18, 34, 27.6, 1.9, 1.5, 1.3, 3.3, 9.9, 7.9, 7.9, 28.8, 0.7, 0.4, 2.6, 2.6
249, Darius Garland , CLE, 24, 51, 28, 23, 33.2, 2.4, 1.6, 2.0, 6.8, 11.7, 9.6, 9.2, 31.8, 0.1, 0.8, 1.7, 2.8
249, Donovan Mitchell , CLE, 27, 51, 34, 17, 35.2, 4.0, 2.3, 4.7, 8.8, 11.7, 9.8, 10.0, 34.2, 0.5, 1.0, 2.2, 4.3
249, Jalen Johnson , ATL, 22, 51, 25, 26, 34.0, 2.8, 1.8, 2.9, 9.8, 11.3, 9.9, 12.7, 37.6, 0.9, 0.9, 2.5, 2.3
249, Jonathan Isaac , ORL, 26, 51, 31, 20, 15.3, 1.0, 1.7, 0.5, 3.3, 4.6, 3.3, 4.1, 12.9, 1.2, 0.3, 1.1, 1.3
249, Jose Alvarado , NOP, 25, 51, 34, 17, 17.8, 1.1, 1.2, 0.9, 2.2, 5.8, 4.8, 5.1, 16.5, 0.3, 0.4, 1.5, 0.8
249, Justin Holiday , DEN, 34, 51, 33, 18, 14.6, 0.7, 0.5, 0.7, 0.7, 5.1, 3.9, 4.7, 15.6, 0.1, 0.0, 1.2, 0.2
249, Quentin Grimes , DET, 23, 51, 32, 19, 20.1, 1.1, 1.0, 1.7, 1.5, 6.1, 5.7, 6.2, 20.4, 0.1, 0.3, 1.5, 0.7
249, Trae Young , ATL, 25, 51, 22, 29, 36.5, 3.6, 1.3, 2.4, 7.7, 12.3, 11.8, 13.7, 43.6, 0.2, 1.0, 2.1, 6.5
249, Troy Brown Jr. , DET, 24, 51, 29, 22, 12.4, 0.6, 0.6, 0.4, 0.8, 5.2, 3.3, 3.6, 14.1, 0.0, 0.2, 0.7, 0.5
249, Ziaire Williams , MEM, 22, 51, 20, 31, 20.3, 1.1, 1.4, 1.0, 3.0, 7.8, 6.4, 6.6, 21.3, 0.2, 0.5, 1.7, 1.5
259, AJ Green , MIL, 24, 50, 33, 17, 10.2, 0.4, 0.4, 0.3, 0.2, 3.3, 3.1, 1.9, 8.8, 0.1, 0.1, 0.9, 0.3
259, Andre Jackson Jr. , MIL, 22, 50, 31, 19, 10.3, 0.4, 0.4, 0.6, 1.1, 3.3, 3.3, 3.1, 11.7, 0.1, 0.0, 1.7, 0.2
259, Ben Sheppard , IND, 22, 50, 27, 23, 13.3, 0.8, 0.5, 1.0, 1.3, 4.1, 4.0, 4.4, 15.9, 0.0, 0.2, 1.5, 0.4
259, Chris Boucher , TOR, 31, 50, 16, 34, 14.1, 1.0, 1.7, 1.2, 3.1, 4.3, 4.8, 4.1, 14.1, 0.5, 0.3, 1.4, 1.7
259, Chris Paul , GSW, 38, 50, 27, 23, 26.3, 1.3, 1.2, 0.3, 1.8, 8.6, 7.9, 7.0, 25.9, 0.1, 0.2, 1.8, 1.1
259, Christian Wood , LAL, 28, 50, 28, 22, 17.4, 0.7, 0.9, 0.7, 3.3, 6.6, 5.3, 6.0, 17.1, 0.7, 0.2, 1.4, 1.6
259, De'Andre Hunter , ATL, 26, 50, 24, 26, 29.0, 2.3, 1.6, 1.5, 4.7, 10.0, 8.8, 9.3, 32.0, 0.3, 0.5, 2.5, 3.4
259, Jakob Poeltl , TOR, 28, 50, 21, 29, 26.4, 1.3, 2.3, 0.8, 9.6, 8.5, 7.2, 7.4, 27.8, 1.5, 0.7, 3.0, 2.0
259, Jordan Goodwin , MEM, 25, 50, 27, 23, 16.7, 1.1, 1.0, 0.6, 2.5, 6.6, 4.1, 4.6, 16.8, 0.4, 0.4, 1.2, 0.7
259, Trey Lyles , SAC, 28, 50, 30, 20, 19.7, 0.7, 1.3, 0.4, 1.9, 7.0, 5.0, 5.0, 19.0, 0.3, 0.2, 1.6, 1.2
269, Bojan Bogdanovic , NYK, 34, 49, 14, 35, 27.3, 1.9, 1.5, 2.4, 4.5, 11.2, 7.8, 7.5, 31.9, 0.1, 0.8, 1.8, 2.1
269, Draymond Green , GSW, 34, 49, 29, 20, 26.7, 1.1, 1.1, 0.6, 4.9, 8.9, 7.1, 8.3, 26.1, 0.8, 0.3, 3.0, 2.3
269, Keon Ellis , SAC, 24, 49, 30, 19, 15.8, 0.6, 0.4, 1.1, 0.9, 5.2, 3.5, 3.3, 15.6, 0.5, 0.1, 1.7, 0.8
269, Khris Middleton , MIL, 32, 49, 30, 19, 27.0, 1.6, 1.5, 1.3, 4.0, 7.8, 8.4, 7.2, 28.2, 0.3, 0.4, 2.6, 2.0
269, Marvin Bagley III , WAS, 25, 49, 6, 43, 21.3, 1.8, 3.4, 0.8, 8.9, 7.7, 5.9, 6.4, 25.2, 0.7, 0.7, 1.7, 2.2
269, Trey Murphy III , NOP, 23, 49, 31, 18, 28.4, 2.1, 1.1, 2.9, 3.4, 8.1, 6.9, 7.6, 27.1, 0.6, 0.3, 1.2, 1.6
275, Craig Porter Jr. , CLE, 24, 48, 29, 19, 13.3, 1.0, 0.5, 0.7, 3.3, 5.6, 3.0, 3.8, 12.6, 0.3, 0.3, 0.8, 1.0
275, Dante Exum , DAL, 28, 48, 31, 17, 19.3, 1.3, 0.7, 1.3, 4.0, 5.0, 5.6, 5.5, 19.9, 0.1, 0.3, 1.6, 1.4
275, Deandre Ayton , POR, 25, 48, 12, 36, 32.1, 2.3, 3.4, 0.9, 11.2, 13.1, 8.9, 11.1, 36.4, 0.8, 0.8, 2.1, 1.4
275, Jock Landale , HOU, 28, 48, 25, 23, 12.1, 0.7, 1.2, 0.2, 2.6, 4.2, 3.2, 3.5, 11.7, 0.6, 0.4, 1.3, 0.9
275, Jordan McLaughlin , MIN, 27, 48, 30, 18, 10.5, 0.9, 0.6, 0.2, 0.8, 2.7, 2.6, 2.7, 9.5, 0.1, 0.1, 0.5, 0.5
275, Kessler Edwards , SAC, 23, 48, 29, 19, 5.1, 0.4, 0.4, 0.2, 0.5, 1.9, 1.1, 1.3, 4.7, 0.1, 0.1, 0.5, 0.3
275, Oshae Brissett , BOS, 25, 48, 40, 8, 11.7, 0.6, 0.8, 0.6, 1.8, 3.4, 3.1, 3.4, 12.6, 0.1, 0.1, 1.0, 1.0
282, Dalano Banton , POR, 24, 47, 22, 25, 17.0, 1.3, 1.0, 2.1, 4.3, 7.3, 4.8, 6.2, 17.7, 0.3, 0.6, 1.2, 1.3
282, Gary Harris , ORL, 29, 47, 31, 16, 23.0, 0.8, 0.5, 0.8, 1.9, 7.4, 6.3, 6.5, 22.9, 0.3, 0.1, 1.7, 0.7
282, Kevin Love , MIA, 35, 47, 26, 21, 17.5, 1.5, 1.6, 0.5, 2.4, 5.8, 3.9, 4.2, 17.2, 0.2, 0.2, 1.8, 2.0
282, Shake Milton , NYK, 27, 47, 31, 16, 12.4, 1.1, 0.6, 0.9, 2.3, 4.4, 3.7, 3.9, 12.6, 0.1, 0.4, 1.1, 0.9
282, Wendell Carter Jr. , ORL, 24, 47, 26, 21, 25.9, 1.3, 2.3, 0.5, 5.6, 9.1, 6.0, 8.1, 24.0, 0.5, 0.4, 2.1, 2.7
282, Xavier Tillman , BOS, 25, 47, 25, 22, 18.9, 0.9, 0.7, 0.3, 3.7, 6.9, 5.5, 5.9, 19.3, 0.9, 0.4, 1.5, 0.9
288, Anfernee Simons , POR, 24, 46, 11, 35, 34.4, 3.1, 1.0, 3.0, 7.0, 14.0, 9.8, 12.1, 39.2, 0.1, 1.1, 2.1, 2.8
288, Cam Reddish , LAL, 24, 46, 27, 19, 20.9, 1.4, 0.5, 1.0, 2.2, 8.4, 6.5, 7.0, 22.2, 0.3, 0.4, 1.3, 1.0
288, Isaiah Stewart , DET, 22, 46, 9, 37, 30.9, 1.2, 2.2, 0.6, 5.0, 12.7, 8.7, 8.2, 34.3, 0.8, 0.4, 2.2, 1.8
288, Julius Randle , NYK, 29, 46, 29, 17, 35.4, 3.0, 4.0, 3.0, 12.2, 11.7, 8.8, 11.7, 35.7, 0.3, 1.4, 2.7, 4.8
288, Landry Shamet , WAS, 27, 46, 6, 40, 15.8, 1.0, 0.6, 1.0, 2.0, 5.2, 4.7, 4.6, 19.4, 0.2, 0.5, 1.7, 1.0
288, MarJon Beauchamp , MIL, 23, 46, 30, 16, 12.9, 0.8, 0.6, 0.8, 1.7, 4.5, 4.4, 3.6, 13.8, 0.1, 0.3, 1.2, 0.4
288, Mike Muscala , OKC, 32, 46, 13, 33, 11.8, 0.3, 0.4, 0.1, 0.9, 4.3, 3.4, 3.6, 14.0, 0.3, 0.2, 1.0, 0.6
288, Nick Smith Jr. , CHA, 19, 46, 8, 38, 14.0, 0.9, 0.4, 0.5, 1.2, 4.9, 3.9, 3.8, 14.0, 0.2, 0.2, 1.2, 0.3
288, Talen Horton-Tucker , UTA, 23, 46, 12, 34, 19.1, 1.2, 0.7, 1.5, 4.3, 8.0, 5.7, 6.0, 19.0, 0.3, 0.5, 1.7, 1.6
288, Torrey Craig , CHI, 33, 46, 19, 27, 20.3, 0.7, 0.9, 0.7, 1.8, 5.8, 5.5, 5.4, 19.7, 0.4, 0.2, 2.2, 0.7
298, Bradley Beal , PHX, 30, 45, 27, 18, 33.0, 2.9, 1.4, 1.8, 8.0, 12.8, 9.7, 11.0, 34.3, 0.4, 0.6, 2.4, 2.0
298, Danilo Gallinari , MIL, 35, 45, 15, 30, 13.1, 0.5, 0.8, 0.3, 1.5, 4.2, 4.2, 3.0, 15.1, 0.1, 0.2, 1.0, 1.7
298, Gordon Hayward , OKC, 34, 45, 22, 23, 25.0, 2.1, 1.0, 1.6, 4.4, 9.5, 8.0, 7.7, 27.9, 0.3, 0.4, 1.4, 2.0
298, Jaden Springer , BOS, 21, 45, 29, 16, 10.0, 0.6, 0.7, 0.8, 1.7, 2.6, 2.8, 2.9, 10.8, 0.3, 0.3, 1.3, 0.7
298, Jordan Nwora , TOR, 25, 45, 13, 32, 12.9, 1.2, 0.8, 1.2, 3.3, 5.0, 4.1, 5.1, 15.2, 0.2, 0.3, 1.0, 0.8
298, Julian Strawther , DEN, 21, 45, 30, 15, 11.7, 0.6, 0.4, 1.0, 1.6, 4.7, 3.5, 3.3, 12.1, 0.2, 0.2, 1.2, 0.8
298, Tristan Thompson , CLE, 33, 45, 27, 18, 11.8, 0.1, 1.4, 0.1, 3.1, 4.2, 2.9, 3.7, 10.9, 0.3, 0.2, 1.3, 1.2
305, Anthony Gill , WAS, 31, 44, 8, 36, 7.0, 0.5, 0.7, 0.2, 1.9, 2.5, 2.1, 1.6, 7.0, 0.2, 0.1, 0.7, 0.4
305, Delon Wright , MIA, 31, 44, 13, 31, 15.3, 1.1, 0.3, 0.6, 1.9, 5.4, 4.5, 4.1, 16.3, 0.2, 0.3, 0.7, 0.9
305, Johnny Davis , WAS, 22, 44, 7, 37, 11.3, 0.4, 0.4, 0.7, 1.7, 3.3, 3.5, 3.1, 12.8, 0.2, 0.2, 0.9, 0.4
305, Marcus Morris Sr. , CLE, 34, 44, 25, 19, 17.2, 0.9, 1.1, 0.4, 1.5, 5.4, 4.8, 5.7, 17.4, 0.3, 0.1, 1.5, 0.8
305, OG Anunoby , NYK, 26, 44, 26, 18, 34.1, 2.6, 1.4, 3.4, 6.4, 10.9, 9.3, 9.7, 34.8, 0.7, 0.8, 2.3, 1.6
305, Seth Curry , CHA, 33, 44, 25, 19, 14.0, 0.8, 0.9, 0.5, 1.0, 4.8, 4.3, 4.4, 14.2, 0.1, 0.2, 0.9, 0.6
311, Chimezie Metu , DET, 27, 43, 23, 20, 14.0, 1.3, 0.4, 0.9, 2.9, 5.7, 3.6, 4.1, 14.0, 0.3, 0.2, 1.3, 0.9
311, Chuma Okeke , ORL, 25, 43, 22, 21, 9.8, 0.4, 0.3, 0.4, 0.7, 4.1, 2.2, 2.8, 10.1, 0.2, 0.0, 0.4, 0.1
311, Evan Mobley , CLE, 22, 43, 26, 17, 30.7, 2.1, 2.9, 1.4, 11.8, 10.9, 9.0, 8.9, 29.2, 1.5, 0.8, 2.8, 2.8
311, Ish Smith , CHA, 35, 43, 6, 37, 17.2, 0.5, 0.2, 0.4, 2.0, 6.5, 4.3, 4.9, 19.5, 0.1, 0.2, 1.1, 0.3
311, JaVale McGee , SAC, 36, 43, 26, 17, 7.6, 0.8, 0.8, 0.2, 3.4, 3.5, 2.1, 2.3, 7.6, 0.5, 0.1, 1.0, 0.9
311, Jae Crowder , MIL, 33, 43, 24, 19, 23.2, 1.0, 0.8, 0.6, 1.6, 6.5, 5.6, 7.2, 24.8, 0.2, 0.1, 1.6, 0.7
311, Jalen McDaniels , TOR, 26, 43, 10, 33, 9.9, 0.6, 0.4, 0.5, 2.0, 4.3, 3.6, 3.3, 10.9, 0.1, 0.3, 1.0, 0.4
311, Jericho Sims , NYK, 25, 43, 28, 15, 13.1, 0.2, 0.7, 0.0, 1.8, 4.4, 3.6, 3.0, 12.3, 0.4, 0.0, 1.0, 0.6
311, Josh Richardson , MIA, 30, 43, 24, 19, 25.6, 1.4, 0.7, 1.2, 3.3, 8.9, 7.3, 6.1, 25.9, 0.3, 0.2, 1.8, 1.2
311, Patrick Williams , CHI, 22, 43, 19, 24, 27.3, 1.6, 1.3, 1.1, 3.5, 8.9, 7.3, 8.4, 26.5, 0.8, 0.7, 2.0, 1.2
321, Desmond Bane , MEM, 25, 42, 14, 28, 34.4, 4.1, 2.4, 3.9, 8.6, 13.5, 9.9, 10.9, 32.3, 0.5, 1.5, 2.9, 3.0
321, Killian Hayes , DET, 22, 42, 7, 35, 24.0, 1.0, 0.4, 0.7, 2.9, 9.8, 7.2, 6.8, 28.3, 0.5, 0.3, 1.8, 1.3
323, Omer Yurtseven , UTA, 25, 41, 15, 26, 9.2, 0.5, 1.3, 0.1, 2.8, 3.6, 2.2, 3.4, 10.5, 0.4, 0.1, 1.1, 0.6
324, Alex Len , SAC, 30, 40, 21, 19, 9.2, 0.2, 0.8, 0.1, 2.2, 2.5, 2.0, 1.8, 7.7, 0.7, 0.3, 1.3, 0.6
324, Cody Zeller , NOP, 31, 40, 24, 16, 7.6, 0.2, 0.8, 0.2, 1.2, 2.4, 2.3, 2.1, 7.6, 0.1, 0.3, 1.1, 0.9
324, GG Jackson , MEM, 19, 40, 11, 29, 24.1, 2.4, 1.7, 1.8, 4.7, 10.6, 7.5, 8.8, 25.7, 0.5, 0.7, 1.3, 2.1
324, Julian Phillips , CHI, 20, 40, 20, 20, 8.1, 0.3, 0.4, 0.4, 0.9, 2.1, 2.3, 2.4, 8.2, 0.2, 0.2, 1.0, 0.5
324, Nassir Little , PHX, 24, 40, 24, 16, 11.1, 0.8, 0.1, 0.9, 1.6, 4.0, 3.6, 3.1, 11.9, 0.3, 0.2, 1.0, 0.5
324, Richaun Holmes , WAS, 30, 40, 13, 27, 13.9, 0.5, 1.6, 0.5, 4.0, 5.2, 3.9, 4.6, 15.3, 0.5, 0.5, 1.9, 0.9
330, Cam Whitmore , HOU, 19, 39, 16, 23, 18.0, 2.0, 1.6, 2.7, 5.2, 5.7, 4.6, 5.0, 17.6, 0.3, 0.7, 1.3, 1.6
330, Gary Payton II , GSW, 31, 39, 23, 16, 15.3, 1.2, 1.0, 0.7, 3.5, 5.1, 3.8, 4.7, 15.4, 0.4, 0.3, 1.6, 0.6
330, Jacob Gilyard , BKN, 25, 39, 12, 27, 17.1, 0.7, 0.6, 0.4, 0.2, 5.9, 5.3, 4.5, 17.9, 0.1, 0.1, 0.9, 0.4
330, Malcolm Brogdon , POR, 31, 39, 15, 24, 28.7, 1.9, 1.4, 1.5, 5.2, 11.0, 8.8, 9.1, 33.4, 0.2, 0.7, 1.5, 2.4
330, Mason Plumlee , LAC, 34, 39, 25, 14, 14.3, 0.6, 1.0, 0.3, 3.8, 5.1, 4.4, 5.3, 16.1, 0.4, 0.3, 1.4, 1.9
330, Sandro Mamukelashvili , SAS, 24, 39, 8, 31, 6.9, 0.5, 0.4, 0.4, 1.6, 2.5, 2.1, 1.5, 6.2, 0.2, 0.2, 0.6, 0.4
336, Kobe Brown , LAC, 24, 38, 25, 13, 7.9, 0.3, 0.1, 0.3, 0.7, 3.4, 2.6, 2.7, 9.0, 0.1, 0.1, 1.1, 0.1
336, Nikola Jovic , MIA, 20, 38, 19, 19, 18.6, 1.2, 0.2, 0.6, 2.1, 5.6, 5.2, 4.3, 18.8, 0.3, 0.2, 1.8, 1.2
338, Bismack Biyombo , OKC, 31, 37, 18, 19, 20.5, 0.8, 1.1, 0.3, 3.7, 7.9, 5.6, 6.0, 19.7, 0.9, 0.4, 2.4, 1.2
338, Bruno Fernando , ATL, 25, 37, 18, 19, 14.0, 0.6, 1.5, 0.1, 4.6, 4.9, 3.9, 4.1, 13.4, 0.7, 0.4, 2.1, 1.4
338, Luke Kennard , MEM, 27, 37, 13, 24, 25.3, 1.9, 1.2, 1.5, 1.2, 9.7, 8.2, 8.9, 27.4, 0.1, 0.3, 1.1, 0.8
338, Maxi Kleber , DAL, 32, 37, 23, 14, 20.3, 0.6, 0.6, 0.0, 1.2, 6.9, 5.4, 6.1, 21.2, 0.6, 0.1, 1.9, 1.1
338, Thomas Bryant , MIA, 26, 37, 21, 16, 11.3, 0.9, 1.3, 0.6, 3.8, 4.1, 2.9, 3.2, 12.3, 0.4, 0.2, 1.2, 0.8
343, A.J. Lawson , DAL, 23, 36, 23, 13, 7.0, 0.7, 0.6, 1.1, 1.8, 2.4, 2.2, 2.9, 7.7, 0.1, 0.2, 0.6, 0.3
343, Bol Bol , PHX, 24, 36, 23, 13, 11.3, 0.5, 1.1, 0.6, 3.1, 4.3, 3.4, 4.1, 10.1, 0.6, 0.1, 1.1, 0.3
343, Davis Bertans , CHA, 31, 36, 18, 18, 14.3, 1.5, 0.6, 0.8, 0.3, 5.5, 3.1, 3.8, 14.1, 0.2, 0.2, 1.1, 0.6
343, De'Anthony Melton , PHI, 25, 36, 23, 13, 27.8, 1.6, 1.5, 2.3, 3.0, 8.4, 7.1, 8.6, 30.9, 0.4, 0.6, 2.3, 1.6
343, Eugene Omoruyi , WAS, 27, 36, 4, 32, 7.9, 1.3, 0.9, 0.8, 2.8, 4.0, 2.6, 2.8, 8.6, 0.1, 0.3, 1.5, 1.0
343, Jalen Wilson , BKN, 23, 36, 11, 25, 13.8, 0.8, 1.1, 0.4, 1.9, 4.7, 3.5, 4.5, 13.7, 0.0, 0.3, 1.0, 0.6
343, Luka Samanic , UTA, 24, 36, 13, 23, 7.0, 0.3, 0.3, 0.3, 1.3, 2.8, 1.7, 2.5, 6.9, 0.2, 0.2, 0.7, 0.6
343, Reggie Bullock Jr. , HOU, 33, 36, 21, 15, 9.6, 0.1, 0.3, 0.3, 0.2, 3.0, 2.6, 3.1, 10.1, 0.1, 0.1, 0.6, 0.1
343, Sasha Vezenkov , SAC, 28, 36, 19, 17, 12.5, 0.6, 0.8, 0.5, 2.0, 4.9, 3.3, 3.4, 12.9, 0.2, 0.3, 1.0, 0.4
343, Trent Forrest , ATL, 25, 36, 18, 18, 10.8, 0.6, 0.2, 0.3, 1.5, 3.6, 2.9, 3.7, 12.1, 0.1, 0.1, 0.7, 0.4
343, Tyler Herro , MIA, 24, 36, 19, 17, 33.6, 2.7, 1.4, 3.0, 6.5, 11.8, 10.1, 10.6, 35.9, 0.1, 1.1, 1.4, 1.9
354, Furkan Korkmaz , PHI, 26, 35, 22, 13, 8.6, 0.9, 0.3, 0.4, 0.9, 2.7, 2.7, 2.6, 9.5, 0.1, 0.1, 0.5, 0.5
354, Markelle Fultz , ORL, 25, 35, 21, 14, 21.5, 1.5, 0.7, 1.3, 6.0, 6.7, 5.6, 6.5, 21.1, 0.3, 0.6, 1.5, 1.0
354, Olivier-Maxence Prosper , DAL, 21, 35, 21, 14, 7.5, 0.3, 0.3, 0.7, 1.0, 2.2, 2.3, 3.0, 8.3, 0.1, 0.1, 0.5, 0.6
354, Skylar Mays , LAL, 26, 35, 13, 22, 12.2, 0.7, 0.8, 0.3, 2.2, 4.5, 3.3, 5.1, 14.2, 0.1, 0.3, 0.7, 0.5
358, Damian Jones , CLE, 28, 34, 22, 12, 7.3, 0.6, 0.4, 0.4, 2.1, 3.1, 1.7, 2.4, 5.8, 0.4, 0.1, 0.8, 0.6
358, Danuel House Jr. , PHI, 30, 34, 21, 13, 15.0, 0.9, 0.7, 1.4, 1.7, 4.2, 4.2, 6.1, 15.1, 0.1, 0.2, 1.3, 1.1
358, DeAndre Jordan , DEN, 35, 34, 23, 11, 11.3, 0.2, 1.2, 0.1, 3.4, 4.6, 3.5, 3.5, 11.0, 0.5, 0.3, 1.6, 1.4
358, Joel Embiid , PHI, 30, 34, 26, 8, 34.0, 3.2, 4.4, 2.1, 14.6, 10.1, 9.4, 11.1, 35.9, 1.8, 1.4, 2.9, 7.7
358, Lamar Stevens , MEM, 26, 34, 19, 15, 13.1, 0.9, 0.9, 1.0, 4.1, 5.4, 4.3, 4.1, 12.1, 0.5, 0.4, 1.1, 1.0
358, Yuta Watanabe , MEM, 29, 34, 18, 16, 13.7, 0.8, 0.4, 0.7, 0.8, 5.1, 4.6, 3.5, 13.9, 0.2, 0.2, 1.1, 0.4
364, Dominick Barlow , SAS, 20, 33, 7, 26, 12.7, 0.4, 0.9, 0.2, 2.7, 3.3, 4.5, 3.4, 15.3, 0.4, 0.2, 1.4, 0.9
364, Jared Butler , WAS, 23, 33, 5, 28, 12.4, 0.8, 0.2, 0.9, 2.8, 4.6, 3.4, 2.5, 11.3, 0.2, 0.2, 1.2, 1.0
364, Jeremiah Robinson-Earl , NOP, 23, 33, 18, 15, 9.3, 0.6, 0.6, 0.5, 1.5, 4.2, 3.1, 2.7, 10.5, 0.1, 0.1, 0.7, 0.4
364, Lester Quinones , GSW, 23, 33, 20, 13, 11.2, 0.5, 0.5, 0.6, 1.0, 3.9, 2.3, 3.7, 11.9, 0.1, 0.2, 1.2, 1.0
364, Orlando Robinson , MIA, 23, 33, 18, 15, 9.1, 0.6, 0.5, 0.1, 1.7, 3.5, 2.8, 2.2, 8.2, 0.2, 0.2, 1.1, 0.8
364, Svi Mykhailiuk , BOS, 26, 33, 26, 7, 8.9, 0.5, 0.3, 0.7, 0.4, 3.3, 2.3, 2.6, 9.2, 0.0, 0.1, 0.4, 0.3
364, Taylor Hendricks , UTA, 20, 33, 11, 22, 20.8, 0.8, 1.5, 0.9, 2.5, 8.7, 6.4, 8.6, 21.9, 0.8, 0.3, 2.1, 0.5
364, Tre Mann , CHA, 23, 33, 18, 15, 22.3, 1.2, 0.5, 0.9, 4.2, 6.9, 6.4, 6.1, 22.7, 0.0, 0.4, 1.2, 1.6
364, Wesley Matthews , ATL, 37, 33, 10, 23, 12.0, 0.3, 0.6, 0.5, 0.5, 3.2, 3.9, 4.3, 12.4, 0.3, 0.2, 1.2, 0.6
373, Bones Hyland , LAC, 23, 32, 18, 14, 13.6, 1.0, 0.4, 0.8, 1.9, 5.7, 4.3, 4.9, 14.6, 0.1, 0.5, 1.3, 0.9
373, Patrick Baldwin Jr. , WAS, 21, 32, 6, 26, 10.3, 0.5, 0.5, 0.3, 0.9, 3.9, 2.7, 3.5, 10.1, 0.3, 0.1, 1.2, 0.5
373, Shaedon Sharpe , POR, 20, 32, 8, 24, 33.1, 3.1, 2.1, 2.2, 5.7, 12.2, 10.3, 11.5, 39.2, 0.4, 1.0, 2.8, 3.6
376, Kevin Knox II , DET, 24, 31, 4, 27, 18.1, 1.2, 0.5, 1.8, 3.1, 7.0, 4.2, 5.6, 21.0, 0.2, 0.4, 1.6, 0.7
376, Lindy Waters III , OKC, 26, 31, 21, 10, 6.4, 0.4, 0.3, 0.5, 0.1, 2.1, 1.9, 2.3, 5.7, 0.2, 0.0, 0.6, 0.0
376, Ousmane Dieng , OKC, 20, 31, 19, 12, 11.0, 1.4, 0.4, 0.7, 1.2, 4.1, 2.9, 2.9, 11.0, 0.1, 0.1, 0.6, 0.5
376, Rayan Rupert , POR, 19, 31, 5, 26, 12.0, 0.5, 0.3, 0.6, 1.4, 5.3, 3.3, 4.3, 12.1, 0.1, 0.4, 1.2, 0.5
380, Jarace Walker , IND, 20, 30, 15, 15, 10.5, 0.5, 0.2, 0.3, 0.9, 3.7, 3.0, 3.7, 12.1, 0.4, 0.0, 0.9, 0.4
380, Patty Mills , MIA, 35, 30, 14, 16, 13.2, 1.0, 0.2, 0.4, 0.7, 3.9, 3.2, 3.0, 13.4, 0.0, 0.1, 1.0, 0.6
380, Terry Taylor , CHI, 24, 30, 12, 18, 5.9, 0.0, 0.4, 0.2, 1.1, 1.8, 2.0, 1.4, 5.0, 0.1, 0.1, 0.6, 0.1
383, Jake LaRavia , MEM, 22, 29, 5, 24, 20.6, 1.3, 1.5, 1.0, 3.1, 9.5, 6.9, 7.0, 19.7, 0.3, 0.6, 1.9, 1.9
383, Jarred Vanderbilt , LAL, 24, 29, 14, 15, 20.0, 1.0, 0.6, 1.3, 3.5, 7.8, 5.9, 7.0, 19.9, 0.2, 0.4, 1.5, 1.4
383, Robert Covington , PHI, 33, 29, 20, 9, 16.8, 1.1, 0.8, 0.5, 1.6, 6.1, 5.0, 5.6, 16.0, 0.6, 0.2, 1.9, 0.7
383, Thaddeus Young , PHX, 35, 29, 9, 20, 14.0, 0.8, 1.1, 0.4, 4.1, 3.9, 4.8, 3.9, 16.1, 0.2, 0.3, 1.5, 0.4
383, Thanasis Antetokounmpo , MIL, 31, 29, 19, 10, 4.7, 0.1, 0.1, 0.2, 0.9, 2.5, 1.8, 1.7, 3.7, 0.1, 0.1, 0.8, 0.2
388, Cody Martin , CHA, 28, 28, 7, 21, 26.9, 1.3, 0.7, 1.2, 3.3, 8.6, 7.3, 7.2, 28.6, 0.6, 0.7, 1.7, 1.5
388, Justin Minaya , POR, 25, 28, 2, 26, 7.7, 0.4, 0.2, 0.5, 0.4, 3.2, 2.1, 2.2, 6.4, 0.3, 0.1, 0.6, 0.3
388, Maxwell Lewis , LAL, 21, 28, 14, 14, 3.2, 0.1, 0.0, 0.0, 0.1, 1.7, 1.4, 1.0, 3.6, 0.0, 0.1, 0.1, 0.0
391, Ricky Council IV , PHI, 22, 27, 10, 17, 8.7, 1.0, 1.0, 1.4, 2.7, 2.4, 2.4, 2.8, 9.8, 0.0, 0.2, 0.5, 1.6
392, Brandon Boston Jr. , LAC, 22, 26, 15, 11, 8.5, 0.7, 0.7, 0.4, 1.8, 3.9, 3.1, 3.4, 11.1, 0.3, 0.3, 1.0, 0.6
392, Cory Joseph , GSW, 32, 26, 10, 16, 11.4, 0.4, 0.2, 0.3, 0.5, 3.9, 2.8, 3.2, 11.7, 0.1, 0.1, 1.0, 0.3
392, Jontay Porter , TOR, 24, 26, 6, 20, 13.8, 0.5, 0.9, 0.2, 1.5, 5.1, 3.3, 3.8, 16.5, 0.8, 0.1, 1.3, 0.4
392, Josh Minott , MIN, 21, 26, 20, 6, 2.7, 0.2, 0.2, 0.3, 0.8, 0.6, 0.8, 0.9, 2.9, 0.2, 0.1, 0.3, 0.3
392, Neemias Queta , BOS, 24, 26, 22, 4, 11.4, 0.5, 2.1, 0.1, 3.8, 2.5, 2.8, 3.1, 9.4, 0.6, 0.3, 1.8, 0.8
397, Brice Sensabaugh , UTA, 20, 25, 6, 19, 16.8, 0.9, 1.0, 1.2, 2.2, 7.2, 4.7, 7.2, 17.7, 0.1, 0.3, 1.1, 0.8
397, Evan Fournier , DET, 31, 25, 7, 18, 17.4, 1.4, 0.6, 0.9, 1.6, 7.4, 4.3, 5.5, 18.6, 0.1, 0.2, 1.6, 0.6
397, Kira Lewis Jr. , UTA, 22, 25, 10, 15, 8.1, 0.6, 0.1, 0.7, 1.6, 2.9, 2.2, 1.9, 8.0, 0.1, 0.2, 0.4, 0.5
397, Monte Morris , MIN, 28, 25, 16, 9, 14.6, 0.8, 0.5, 0.7, 1.4, 4.2, 2.8, 5.4, 15.0, 0.2, 0.2, 0.4, 0.6
397, Nathan Mensah , CHA, 25, 25, 3, 22, 12.3, 0.2, 0.4, 0.0, 0.9, 4.3, 3.6, 4.2, 11.8, 0.6, 0.1, 2.6, 0.8
397, P.J. Tucker , LAC, 38, 25, 10, 15, 15.6, 0.1, 0.2, 0.3, 0.2, 5.7, 3.8, 6.8, 16.3, 0.3, 0.1, 1.9, 0.4
397, Zach LaVine , CHI, 29, 25, 10, 15, 34.9, 3.1, 1.5, 3.4, 6.5, 9.8, 11.2, 9.8, 30.7, 0.3, 0.8, 2.3, 2.8
404, Collin Gillespie , DEN, 24, 24, 15, 9, 9.4, 0.5, 0.4, 0.4, 1.0, 2.8, 2.5, 1.9, 9.8, 0.0, 0.1, 1.0, 0.5
404, Derrick Rose , MEM, 35, 24, 6, 18, 16.6, 1.3, 0.5, 0.6, 4.0, 5.5, 5.8, 3.5, 16.3, 0.1, 0.6, 0.9, 1.3
404, Jalen Pickett , DEN, 24, 24, 17, 7, 4.8, 0.3, 0.0, 0.2, 0.3, 1.7, 1.2, 1.3, 4.7, 0.0, 0.0, 0.5, 0.1
404, Matt Ryan , NOP, 26, 24, 13, 11, 15.6, 0.7, 1.3, 0.9, 0.4, 6.3, 5.3, 4.5, 16.9, 0.0, 0.0, 1.3, 0.7
404, Stanley Umude , DET, 24, 24, 4, 20, 12.8, 0.7, 0.2, 1.0, 0.9, 5.8, 2.8, 4.3, 13.7, 0.3, 0.2, 1.7, 0.9
409, Colby Jones , SAC, 21, 23, 12, 11, 6.3, 0.0, 0.3, 0.1, 1.5, 2.7, 1.7, 1.8, 5.6, 0.0, 0.1, 0.8, 0.2
409, Isaiah Livers , WAS, 25, 23, 1, 22, 20.4, 0.8, 0.3, 0.8, 1.3, 8.1, 6.8, 5.8, 24.5, 0.2, 0.3, 1.9, 0.7
409, Mitchell Robinson , NYK, 26, 23, 13, 10, 28.1, 0.9, 3.1, 0.1, 5.6, 9.7, 7.0, 9.4, 27.7, 1.3, 0.5, 1.9, 1.9
412, Harry Giles III , LAL, 25, 22, 10, 12, 4.5, 0.4, 0.4, 0.4, 1.6, 1.5, 1.5, 1.8, 4.7, 0.1, 0.1, 0.7, 0.5
412, Jamal Cain , MIA, 25, 22, 11, 11, 11.5, 0.7, 0.7, 0.5, 1.6, 4.5, 2.8, 3.1, 11.8, 0.2, 0.1, 1.0, 0.7
412, LaMelo Ball , CHA, 22, 22, 7, 15, 32.3, 3.5, 2.6, 2.3, 9.9, 10.5, 8.6, 10.8, 36.0, 0.2, 0.6, 3.6, 4.1
412, Leaky Black , CHA, 24, 22, 1, 21, 9.9, 0.3, 0.5, 0.8, 0.9, 3.5, 2.5, 3.3, 10.9, 0.3, 0.2, 0.7, 0.5
412, Markieff Morris , DAL, 34, 22, 13, 9, 7.9, 0.2, 0.1, 0.1, 0.4, 2.8, 3.0, 3.5, 9.5, 0.0, 0.1, 0.5, 0.3
412, Tari Eason , HOU, 22, 22, 12, 10, 21.8, 2.3, 2.0, 2.2, 5.7, 6.4, 6.5, 3.9, 20.4, 0.9, 0.8, 2.3, 1.1
418, Admiral Schofield , ORL, 27, 21, 14, 7, 3.8, 0.1, 0.2, 0.0, 0.3, 2.2, 1.4, 1.4, 4.2, 0.0, 0.1, 0.4, 0.1
418, Garrett Temple , TOR, 37, 21, 4, 17, 7.1, 0.8, 0.3, 0.7, 1.0, 3.1, 3.1, 2.7, 7.9, 0.0, 0.1, 0.7, 0.5
418, Ibou Badji , POR, 21, 21, 5, 16, 10.3, 0.0, 0.8, 0.1, 1.0, 4.6, 3.6, 3.5, 9.9, 1.0, 0.1, 2.1, 0.6
418, Jalen Hood-Schifino , LAL, 20, 21, 10, 11, 5.2, 0.1, 0.0, 0.2, 0.4, 2.0, 1.6, 2.1, 4.7, 0.1, 0.2, 0.6, 0.5
418, Saben Lee , PHX, 24, 21, 12, 9, 8.5, 0.6, 0.2, 0.9, 1.5, 3.7, 2.0, 2.6, 7.7, 0.1, 0.3, 0.6, 1.2
423, Aleksej Pokusevski , CHA, 22, 20, 11, 9, 12.7, 0.5, 0.8, 0.8, 1.9, 5.7, 3.3, 4.2, 13.0, 0.4, 0.2, 0.7, 0.7
423, Gui Santos , GSW, 21, 20, 14, 6, 7.9, 0.7, 1.0, 0.7, 1.3, 2.8, 2.0, 2.8, 8.3, 0.1, 0.2, 1.0, 0.5
423, Luka Garza , MIN, 25, 20, 15, 5, 5.0, 0.4, 0.7, 0.1, 1.5, 1.8, 1.2, 1.9, 5.8, 0.1, 0.2, 1.0, 0.8
423, Marcus Smart , MEM, 30, 20, 7, 13, 30.2, 2.3, 1.3, 1.5, 5.1, 10.9, 8.6, 9.8, 27.5, 0.3, 0.3, 2.7, 2.9
423, Ryan Arcidiacono , NYK, 30, 20, 15, 5, 2.3, 0.0, 0.0, 0.0, 0.0, 0.8, 0.7, 0.2, 2.2, 0.0, 0.0, 0.3, 0.1
428, Braxton Key , DEN, 27, 19, 13, 6, 3.1, 0.2, 0.0, 0.3, 0.4, 0.8, 0.7, 0.7, 2.8, 0.1, 0.1, 0.3, 0.2
428, Charles Bassey , SAS, 23, 19, 3, 16, 10.8, 0.0, 0.7, 0.2, 3.1, 4.7, 3.3, 5.1, 11.2, 0.9, 0.1, 1.6, 0.5
428, Jerome Robinson , GSW, 27, 19, 14, 5, 3.6, 0.2, 0.2, 0.2, 0.7, 0.8, 0.4, 1.4, 3.1, 0.2, 0.0, 0.3, 0.3
428, Mark Williams , CHA, 22, 19, 7, 12, 26.8, 1.6, 3.5, 0.8, 10.3, 9.4, 8.9, 8.9, 30.6, 1.1, 0.9, 2.6, 2.8
428, Moses Brown , POR, 24, 19, 4, 15, 8.8, 0.5, 0.7, 0.2, 2.5, 3.8, 1.5, 3.1, 8.9, 0.4, 0.5, 1.2, 1.2
428, Wendell Moore Jr. , MIN, 22, 19, 15, 4, 2.8, 0.2, 0.0, 0.2, 0.5, 0.9, 0.7, 1.1, 3.4, 0.1, 0.0, 0.2, 0.0
434, AJ Griffin , ATL, 20, 18, 8, 10, 7.4, 0.1, 0.0, 0.4, 0.3, 2.6, 1.6, 2.2, 8.8, 0.1, 0.1, 0.3, 0.1
434, Nate Williams , HOU, 25, 18, 9, 9, 5.5, 0.2, 0.4, 0.2, 1.9, 0.9, 1.6, 1.2, 5.8, 0.0, 0.3, 0.6, 0.4
434, Onuralp Bitim , CHI, 25, 18, 8, 10, 12.5, 0.6, 0.7, 0.7, 1.4, 4.7, 4.5, 2.9, 11.9, 0.1, 0.2, 1.1, 0.4
434, Trey Jemison , MEM, 24, 18, 3, 15, 19.5, 0.7, 2.3, 0.4, 5.2, 9.4, 4.2, 7.5, 20.6, 0.9, 0.5, 2.7, 1.2
438, Chris Livingston , MIL, 20, 17, 11, 6, 4.2, 0.2, 0.1, 0.4, 0.8, 2.2, 1.4, 1.5, 3.8, 0.0, 0.2, 0.6, 0.1
438, Jay Huff , DEN, 26, 17, 13, 4, 2.6, 0.2, 0.1, 0.0, 0.5, 1.1, 0.7, 0.5, 3.4, 0.1, 0.0, 0.5, 0.1
438, Kenneth Lofton Jr. , UTA, 21, 17, 5, 12, 6.3, 0.4, 0.2, 0.1, 1.3, 2.0, 2.1, 1.7, 6.2, 0.2, 0.4, 0.9, 0.6
438, Taj Gibson , DET, 38, 17, 7, 10, 10.4, 0.0, 0.4, 0.0, 0.6, 2.7, 1.8, 3.2, 8.9, 0.4, 0.1, 1.7, 0.2
438, Theo Maledon , PHX, 22, 17, 5, 12, 12.5, 0.7, 0.4, 0.5, 1.8, 6.4, 3.0, 4.2, 12.0, 0.0, 0.4, 1.2, 1.2
443, Ashton Hagans , POR, 24, 16, 2, 14, 17.3, 0.6, 0.4, 0.2, 2.5, 7.1, 4.6, 4.9, 15.6, 0.6, 0.5, 2.3, 1.0
443, DaQuan Jeffries , NYK, 26, 16, 10, 6, 2.8, 0.0, 0.0, 0.0, 0.4, 0.9, 0.9, 0.1, 1.9, 0.1, 0.1, 0.1, 0.1
443, Devonte' Graham , SAS, 29, 16, 4, 12, 8.9, 1.1, 0.3, 1.1, 0.5, 1.9, 2.8, 2.8, 8.9, 0.1, 0.1, 0.4, 0.4
443, Dylan Windler , ATL, 27, 16, 9, 7, 5.1, 0.1, 0.1, 0.0, 0.3, 1.2, 1.9, 1.4, 5.5, 0.0, 0.0, 0.3, 0.1
443, Joe Harris , DET, 32, 16, 4, 12, 10.6, 0.3, 0.4, 0.5, 0.5, 4.7, 4.1, 2.6, 12.3, 0.1, 0.3, 1.2, 0.3
443, Noah Clowney , BKN, 19, 16, 7, 9, 10.3, 0.3, 0.8, 0.1, 1.8, 2.8, 4.6, 2.6, 9.5, 0.2, 0.2, 0.8, 0.6
443, Robin Lopez , MIL, 36, 16, 10, 6, 4.0, 0.0, 0.0, 0.0, 0.6, 1.6, 1.9, 1.3, 3.6, 0.2, 0.1, 0.4, 0.3
450, Ben Simmons , BKN, 27, 15, 7, 8, 23.9, 1.7, 1.4, 1.2, 5.7, 8.1, 5.7, 8.3, 25.5, 0.6, 0.2, 2.4, 1.4
450, Cole Swider , MIA, 24, 15, 6, 9, 5.5, 0.5, 0.0, 0.7, 0.5, 2.1, 1.6, 1.1, 5.2, 0.1, 0.0, 0.1, 0.1
450, Jules Bernard , WAS, 24, 15, 2, 13, 7.4, 0.4, 0.9, 0.3, 1.5, 3.0, 2.6, 2.1, 7.3, 0.1, 0.1, 0.7, 0.8
450, Otto Porter Jr. , TOR, 30, 15, 6, 9, 11.6, 0.0, 0.0, 0.1, 0.5, 3.9, 3.2, 3.3, 10.9, 0.3, 0.1, 1.3, 0.1
454, Hunter Tyson , DEN, 23, 14, 10, 4, 2.9, 0.4, 0.0, 0.0, 0.1, 0.8, 0.6, 0.9, 3.0, 0.0, 0.0, 0.7, 0.0
454, James Bouknight , CHA, 23, 14, 0, 14, 5.8, 0.4, 0.3, 0.6, 0.7, 2.1, 1.9, 1.3, 5.7, 0.1, 0.1, 0.2, 0.2
454, Javon Freeman-Liberty , TOR, 24, 14, 1, 13, 16.9, 1.7, 0.8, 1.5, 3.7, 8.4, 6.1, 5.3, 17.7, 0.1, 0.5, 1.2, 1.4
454, Jett Howard , ORL, 20, 14, 7, 7, 3.7, 0.4, 0.1, 0.1, 0.4, 1.7, 1.0, 1.1, 4.0, 0.1, 0.0, 0.2, 0.1
454, Johnny Juzang , UTA, 23, 14, 3, 11, 15.0, 0.9, 0.4, 0.6, 1.7, 4.7, 4.9, 5.4, 13.0, 0.0, 0.1, 1.2, 0.3
454, Olivier Sarr , OKC, 25, 14, 7, 7, 6.8, 0.5, 0.8, 0.0, 1.3, 3.6, 1.8, 2.2, 4.9, 0.5, 0.0, 1.3, 0.7
454, Tosan Evbuomwan , DET, 23, 14, 1, 13, 19.7, 1.1, 0.4, 0.9, 2.4, 8.1, 5.5, 6.6, 22.3, 0.1, 0.3, 1.4, 1.1
454, Udoka Azubuike , PHX, 24, 14, 10, 4, 7.7, 0.2, 0.7, 0.1, 2.3, 4.3, 3.1, 2.0, 7.1, 0.4, 0.2, 1.2, 0.6
454, Vit Krejci , ATL, 23, 14, 7, 7, 25.8, 0.6, 0.9, 1.3, 1.9, 9.4, 6.6, 8.5, 28.3, 0.4, 0.2, 2.4, 0.5
463, Emoni Bates , CLE, 20, 13, 7, 6, 7.8, 0.8, 0.0, 0.2, 0.3, 3.7, 2.4, 2.9, 6.5, 0.2, 0.2, 0.4, 0.4
463, Scotty Pippen Jr. , MEM, 23, 13, 2, 11, 23.4, 1.7, 1.5, 2.8, 4.2, 10.8, 6.8, 10.3, 22.6, 0.5, 0.5, 2.7, 2.8
463, Trevelin Queen , ORL, 27, 13, 5, 8, 12.5, 1.1, 0.3, 0.5, 1.5, 5.2, 3.9, 3.0, 14.8, 0.4, 0.0, 1.2, 0.8
466, Boban Marjanovic , HOU, 35, 12, 8, 4, 4.6, 0.2, 0.8, 0.0, 1.7, 2.1, 1.0, 2.3, 4.5, 0.1, 0.1, 0.4, 0.8
466, Brandon Williams , DAL, 24, 12, 7, 5, 4.9, 0.1, 0.0, 0.0, 1.0, 1.7, 1.8, 2.0, 6.0, 0.1, 0.2, 0.2, 0.9
466, Daishen Nix , MIN, 22, 12, 9, 3, 3.3, 0.3, 0.0, 0.6, 0.5, 0.4, 1.2, 1.2, 3.2, 0.0, 0.2, 0.1, 0.2
466, Kendall Brown , IND, 20, 12, 7, 5, 3.6, 0.3, 0.2, 0.2, 1.0, 1.3, 0.7, 1.5, 3.5, 0.0, 0.0, 0.4, 0.5
466, Micah Potter , UTA, 25, 12, 2, 10, 10.6, 1.0, 0.2, 0.3, 0.8, 3.0, 3.7, 3.3, 7.0, 0.2, 0.0, 0.4, 0.3
466, Terquavion Smith , PHI, 21, 12, 4, 8, 5.8, 0.6, 0.5, 0.4, 0.7, 2.2, 2.3, 1.8, 6.8, 0.0, 0.3, 0.3, 0.3
472, Jermaine Samuels Jr. , HOU, 25, 11, 6, 5, 4.8, 0.0, 0.2, 0.5, 1.5, 1.2, 1.2, 1.2, 5.3, 0.1, 0.1, 0.4, 0.3
472, Juan Toscano-Anderson , SAC, 30, 11, 7, 4, 4.8, 0.0, 0.0, 0.2, 0.4, 1.8, 1.5, 0.8, 3.6, 0.1, 0.2, 1.0, 0.0
472, Leonard Miller , MIN, 20, 11, 10, 1, 3.0, 0.0, 0.2, 0.0, 0.9, 0.6, 0.5, 1.1, 3.3, 0.1, 0.1, 0.4, 0.0
472, Moussa Diabate , LAC, 22, 11, 7, 4, 5.8, 0.0, 1.1, 0.0, 1.8, 3.4, 2.3, 1.3, 5.5, 0.1, 0.3, 0.4, 0.9
472, Nate Hinton , HOU, 24, 11, 6, 5, 5.2, 0.2, 0.5, 0.6, 0.5, 1.3, 0.9, 1.5, 5.1, 0.2, 0.2, 0.9, 0.3
477, Armoni Brooks , BKN, 25, 10, 3, 7, 10.4, 0.3, 0.8, 0.8, 0.8, 2.3, 3.9, 2.1, 9.0, 0.1, 0.4, 0.3, 0.1
477, Colin Castleton , LAL, 23, 10, 5, 5, 4.5, 0.4, 0.2, 0.2, 1.2, 1.9, 2.0, 0.4, 5.4, 0.0, 0.1, 1.0, 0.2
477, Ish Wainright , PHX, 29, 10, 2, 8, 6.1, 0.0, 0.0, 0.5, 0.0, 2.0, 0.5, 2.0, 3.4, 0.1, 0.0, 0.8, 0.2
477, Jared Rhoden , DET, 24, 10, 1, 9, 9.9, 0.8, 0.6, 0.4, 1.6, 3.9, 3.1, 2.0, 9.8, 0.4, 0.1, 1.2, 0.2
477, Justin Champagnie , WAS, 22, 10, 3, 7, 15.1, 1.2, 0.6, 1.0, 2.0, 4.7, 5.0, 4.1, 14.2, 0.6, 0.4, 1.2, 0.7
477, Ryan Rollins , MIL, 21, 10, 1, 9, 6.6, 1.7, 0.7, 0.6, 2.0, 1.5, 1.8, 1.6, 4.8, 0.3, 0.2, 0.7, 1.4
483, DeJon Jarreau , MEM, 26, 9, 2, 7, 16.6, 0.4, 1.1, 0.2, 2.9, 5.1, 3.4, 6.3, 14.4, 0.2, 0.1, 1.6, 0.9
483, Dru Smith , MIA, 26, 9, 7, 2, 14.5, 0.3, 0.7, 0.0, 1.8, 4.9, 5.4, 4.0, 13.3, 0.3, 0.1, 1.3, 0.7
483, Ja Morant , MEM, 24, 9, 6, 3, 35.3, 2.6, 1.7, 3.3, 13.8, 13.0, 10.3, 11.7, 38.0, 0.6, 1.8, 2.1, 5.3
483, Jacob Toppin , NYK, 23, 9, 2, 7, 4.2, 0.0, 0.2, 0.4, 0.7, 2.3, 0.6, 1.6, 3.3, 0.1, 0.1, 0.3, 0.1
483, Jalen Slawson , SAC, 24, 9, 6, 3, 3.5, 0.0, 0.0, 0.4, 0.7, 2.4, 1.4, 1.1, 4.4, 0.1, 0.0, 0.8, 0.1
483, Jaylen Nowell , MEM, 24, 9, 3, 6, 17.3, 0.6, 0.4, 0.4, 2.0, 4.0, 5.6, 4.4, 18.2, 0.0, 0.0, 1.4, 0.4
483, Keyontae Johnson , OKC, 23, 9, 7, 2, 7.4, 0.0, 0.2, 0.2, 0.7, 3.7, 0.8, 3.2, 6.9, 0.0, 0.2, 0.6, 0.0
483, Kobe Bufkin , ATL, 20, 9, 6, 3, 9.9, 0.9, 0.6, 0.3, 1.1, 2.8, 2.6, 3.1, 10.2, 0.1, 0.4, 0.7, 0.2
483, Seth Lundy , ATL, 23, 9, 2, 7, 5.8, 0.3, 0.3, 0.3, 0.0, 3.6, 1.9, 1.8, 8.0, 0.0, 0.2, 0.7, 0.3
483, Xavier Moon , LAC, 29, 9, 5, 4, 4.1, 0.0, 0.2, 0.0, 0.4, 2.1, 1.1, 1.6, 5.6, 0.1, 0.0, 0.4, 0.3
493, Amari Bailey , CHA, 20, 8, 0, 8, 3.9, 0.3, 0.5, 0.3, 0.5, 1.6, 0.5, 1.0, 2.8, 0.0, 0.0, 0.0, 0.1
493, Charlie Brown Jr. , NYK, 27, 8, 2, 6, 4.7, 0.0, 0.0, 0.4, 0.0, 1.8, 0.5, 0.8, 3.0, 0.3, 0.1, 0.6, 0.1
493, E.J. Liddell , NOP, 23, 8, 3, 5, 2.9, 0.3, 0.0, 0.0, 0.3, 1.4, 1.4, 0.8, 3.3, 0.3, 0.0, 0.3, 0.1
493, James Johnson , IND, 37, 8, 3, 5, 5.0, 0.0, 0.0, 0.0, 0.5, 1.9, 2.0, 1.9, 4.5, 0.1, 0.3, 0.9, 0.3
493, Jordan Miller , LAC, 24, 8, 5, 3, 3.5, 0.0, 0.5, 0.3, 1.0, 2.0, 2.1, 1.8, 5.3, 0.0, 0.3, 0.3, 0.1
493, Matt Hurt , MEM, 23, 8, 2, 6, 14.2, 1.1, 0.9, 0.0, 1.0, 6.1, 5.8, 2.8, 14.8, 0.4, 0.1, 1.0, 0.6
493, Mouhamadou Gueye , TOR, 25, 8, 0, 8, 8.0, 0.3, 0.9, 0.0, 1.5, 5.0, 4.4, 3.1, 9.8, 1.1, 0.4, 0.8, 1.0
493, Oscar Tshiebwe , IND, 24, 8, 2, 6, 5.2, 0.4, 0.3, 0.3, 2.3, 1.5, 0.9, 2.9, 4.8, 0.1, 0.5, 0.4, 0.6
493, R.J. Hampton , MIA, 23, 8, 3, 5, 9.5, 0.1, 0.0, 0.5, 0.8, 4.3, 2.5, 3.6, 9.8, 0.0, 0.1, 1.0, 0.1
493, T.J. Warren , MIN, 30, 8, 5, 3, 13.2, 0.8, 0.9, 0.3, 1.5, 4.3, 2.6, 4.4, 15.5, 0.1, 0.1, 1.4, 0.1
503, D'Moi Hodge , LAL, 25, 7, 1, 6, 5.9, 0.9, 0.0, 0.4, 0.3, 4.0, 3.1, 0.9, 7.1, 0.1, 0.0, 0.6, 0.1
503, Jahmi'us Ramsey , TOR, 22, 7, 0, 7, 17.3, 1.4, 0.4, 2.1, 2.9, 7.3, 6.1, 7.7, 19.7, 0.0, 0.3, 1.4, 0.7
503, Jeff Dowtin Jr. , PHI, 26, 7, 2, 5, 12.3, 0.9, 1.4, 1.3, 0.9, 3.3, 4.1, 1.9, 12.0, 0.1, 0.1, 0.1, 0.3
506, Dereon Seabron , NOP, 23, 6, 3, 3, 9.2, 0.0, 0.3, 0.3, 1.0, 4.0, 2.2, 1.8, 8.7, 0.2, 0.2, 0.7, 0.7
506, Gabe Vincent , LAL, 27, 6, 3, 3, 23.6, 0.3, 0.0, 0.3, 2.3, 9.0, 8.0, 3.7, 16.7, 0.0, 0.2, 2.3, 0.5
506, Greg Brown III , DAL, 22, 6, 3, 3, 6.6, 0.3, 0.3, 1.2, 1.3, 3.5, 2.3, 5.8, 12.3, 0.7, 0.2, 0.8, 0.8
506, Isaiah Mobley , CLE, 24, 6, 1, 5, 8.5, 0.0, 0.0, 0.3, 1.0, 2.3, 1.8, 1.3, 4.7, 0.0, 0.0, 0.8, 0.0
506, JD Davison , BOS, 21, 6, 6, 0, 1.9, 0.0, 0.3, 0.0, 0.0, 0.0, 0.5, 0.3, 2.0, 0.0, 0.0, 0.2, 0.2
506, Jamaree Bouyea , SAS, 24, 6, 0, 6, 9.5, 1.0, 0.3, 0.7, 1.3, 3.2, 2.0, 3.3, 9.0, 0.0, 0.3, 0.5, 0.2
506, Jordan Ford , SAC, 25, 6, 2, 4, 3.6, 0.7, 0.0, 0.0, 0.3, 0.3, 1.2, 0.0, 3.3, 0.0, 0.0, 0.0, 0.2
506, Jordan Walsh , BOS, 20, 6, 6, 0, 6.7, 0.3, 0.0, 0.7, 1.0, 1.3, 1.2, 2.2, 4.3, 0.2, 0.0, 1.0, 0.0
506, Robert Williams III , POR, 26, 6, 2, 4, 19.8, 0.0, 3.0, 0.0, 4.3, 7.5, 4.3, 8.2, 20.7, 1.2, 0.7, 2.8, 1.3
506, Sidy Cissoko , SAS, 19, 6, 1, 5, 5.3, 0.3, 0.0, 0.7, 0.3, 2.0, 1.7, 2.0, 5.0, 0.0, 0.2, 0.3, 0.3
516, Buddy Boeheim , DET, 24, 5, 0, 5, 9.8, 1.8, 0.6, 0.0, 0.0, 1.6, 3.0, 3.2, 9.2, 0.2, 0.2, 0.6, 0.4
516, Frank Ntilikina , CHA, 25, 5, 0, 5, 8.6, 0.0, 0.0, 0.0, 0.0, 2.6, 2.6, 1.6, 10.4, 0.0, 0.0, 0.8, 0.2
516, Mamadi Diakite , NYK, 27, 5, 4, 1, 4.8, 0.0, 0.2, 0.4, 1.6, 1.4, 1.4, 1.2, 3.2, 0.2, 0.0, 0.4, 0.6
516, Maozinha Pereira , MEM, 23, 5, 1, 4, 11.0, 0.4, 1.4, 0.4, 2.4, 4.0, 1.4, 3.8, 7.6, 0.6, 0.2, 1.2, 0.8
516, Tristan Vukcevic , WAS, 21, 5, 2, 3, 6.4, 0.6, 0.6, 0.0, 0.0, 1.0, 1.0, 1.4, 5.6, 0.2, 0.2, 1.2, 0.2
516, TyTy Washington Jr. , MIL, 22, 5, 3, 2, 4.1, 0.6, 0.0, 0.0, 0.0, 2.6, 0.4, 1.4, 1.6, 0.0, 0.0, 0.0, 0.2
516, Wenyen Gabriel , MEM, 27, 5, 1, 4, 16.2, 0.0, 0.8, 0.4, 2.8, 7.6, 3.2, 4.6, 12.8, 0.4, 0.4, 2.0, 1.2
523, Adama Sanogo , CHI, 22, 4, 1, 3, 2.9, 0.0, 1.0, 0.0, 2.0, 0.5, 0.0, 0.5, 0.5, 0.0, 0.0, 0.0, 0.5
523, Alex Fudge , DAL, 20, 4, 1, 3, 3.6, 0.0, 0.5, 0.0, 0.5, 3.8, 1.3, 0.5, 4.0, 0.0, 0.3, 0.3, 0.3
523, Alondes Williams , MIA, 24, 4, 3, 1, 2.9, 0.0, 0.0, 0.0, 0.5, 3.0, 0.3, 2.8, 3.5, 0.0, 0.3, 0.0, 0.3
523, D.J. Carton , TOR, 23, 4, 2, 2, 8.9, 0.0, 0.0, 0.0, 1.0, 3.5, 7.5, 0.5, 10.5, 0.0, 0.0, 0.8, 0.8
523, Dexter Dennis , DAL, 25, 4, 1, 3, 7.5, 0.5, 0.0, 0.5, 4.0, 3.8, 3.3, 5.8, 12.0, 0.3, 0.0, 0.3, 0.8
523, Jason Preston , UTA, 24, 4, 1, 3, 7.6, 0.0, 1.0, 0.0, 1.0, 2.3, 1.0, 1.3, 6.5, 0.0, 0.0, 0.3, 0.0
523, Keon Johnson , BKN, 22, 4, 0, 4, 12.8, 1.5, 1.3, 0.0, 1.0, 2.3, 5.8, 5.0, 15.0, 0.3, 0.3, 1.0, 1.8
523, Marques Bolden , CHA, 25, 4, 2, 2, 3.9, 0.0, 0.0, 0.0, 0.0, 1.3, 0.8, 1.8, 4.0, 0.0, 0.0, 0.5, 0.3
523, Pete Nance , CLE, 24, 4, 2, 2, 2.6, 0.0, 0.0, 0.0, 0.0, 0.0, 0.0, 0.0, 1.5, 0.0, 0.0, 0.3, 0.0
532, Darius Bazley , UTA, 23, 3, 0, 3, 3.3, 0.0, 0.0, 0.0, 0.0, 2.3, 0.0, 1.3, 4.7, 0.0, 0.3, 0.0, 0.0
532, Filip Petrusev , SAC, 23, 3, 2, 1, 3.1, 0.0, 0.0, 0.0, 0.7, 0.7, 0.7, 0.0, 2.7, 0.0, 0.0, 0.3, 0.3
532, Javonte Green , CHI, 30, 3, 2, 1, 17.0, 1.3, 1.0, 0.7, 2.0, 4.0, 4.0, 1.3, 12.7, 0.7, 0.0, 1.0, 0.0
532, Kobi Simmons , TOR, 26, 3, 0, 3, 19.1, 0.7, 0.0, 2.3, 3.3, 8.3, 7.3, 9.7, 19.3, 0.3, 0.7, 1.3, 0.7
532, Lindell Wigginton , MIL, 26, 3, 3, 0, 2.5, 0.0, 0.0, 0.0, 1.3, 2.7, 1.7, 3.3, 4.0, 0.0, 0.0, 0.3, 0.3
532, Mason Jones , SAC, 25, 3, 1, 2, 6.8, 0.0, 0.0, 1.3, 0.0, 2.7, 0.7, 1.3, 3.3, 0.0, 0.3, 0.3, 0.7
532, Pat Spencer , GSW, 27, 3, 1, 2, 2.0, 0.0, 0.0, 0.7, 0.7, 0.0, 1.3, 0.0, 1.3, 0.0, 0.0, 0.0, 0.0
532, Shaquille Harrison , MEM, 30, 3, 1, 2, 2.0, 0.0, 0.0, 0.0, 0.7, 0.0, 0.3, 1.0, 2.7, 0.3, 0.0, 0.0, 0.0
532, Taze Moore , POR, 25, 3, 1, 2, 3.4, 0.7, 0.0, 0.7, 2.0, 2.0, 0.7, 1.3, 2.7, 0.0, 0.0, 0.7, 0.3
532, Usman Garuba , GSW, 22, 3, 2, 1, 2.6, 0.0, 0.0, 0.0, 0.0, 1.0, 1.3, 1.7, 2.7, 0.0, 0.3, 0.7, 0.0
542, Andrew Funk , CHI, 24, 2, 1, 1, 1.3, 0.0, 0.0, 0.0, 0.0, 0.0, 0.0, 0.0, 0.0, 0.0, 0.5, 0.0, 0.0
542, Brandon Clarke , MEM, 27, 2, 0, 2, 20.3, 0.0, 1.0, 1.0, 8.0, 9.5, 6.0, 8.0, 14.0, 0.5, 0.0, 1.5, 1.5
542, D.J. Wilson , PHI, 28, 2, 1, 1, 7.7, 0.0, 0.0, 0.0, 2.0, 1.0, 2.0, 1.0, 10.0, 1.0, 0.5, 0.5, 0.0
542, Danny Green , PHI, 36, 2, 1, 1, 9.2, 0.0, 0.0, 0.0, 0.0, 4.0, 2.5, 2.5, 9.0, 0.0, 0.0, 0.5, 0.0
542, Dariq Whitehead , BKN, 19, 2, 1, 1, 12.0, 0.0, 1.0, 0.0, 1.0, 1.5, 7.0, 3.5, 14.0, 0.5, 0.5, 0.0, 0.5
542, Dmytro Skapintsev , NYK, 25, 2, 0, 2, 1.1, 0.0, 0.0, 0.0, 0.0, 0.0, 0.0, 0.0, 1.0, 0.0, 0.0, 0.0, 0.0
542, Hamidou Diallo , WAS, 25, 2, 1, 1, 2.4, 0.0, 1.0, 0.0, 1.0, 0.0, 0.0, 0.0, 1.0, 0.0, 0.0, 0.5, 0.0
542, Isaiah Thomas , PHX, 35, 2, 1, 1, 4.7, 0.0, 0.0, 0.0, 1.0, 0.0, 1.5, 1.0, 4.0, 0.0, 0.5, 0.0, 1.0
542, Joshua Primo , LAC, 21, 2, 2, 0, 5.1, 0.0, 0.0, 0.0, 1.0, 4.0, 3.5, 1.0, 9.0, 0.5, 0.5, 0.0, 0.0
542, Justin Jackson , MIN, 29, 2, 2, 0, 0.4, 0.0, 0.0, 0.0, 0.0, 0.0, 0.0, 0.0, 0.0, 0.0, 0.0, 0.0, 0.0
542, Kevon Harris , ORL, 26, 2, 1, 1, 3.0, 0.0, 0.0, 0.0, 1.0, 1.0, 2.0, 1.0, 4.0, 0.0, 0.0, 1.5, 0.0
542, Mouhamed Gueye , ATL, 21, 2, 2, 0, 2.2, 0.0, 0.0, 0.0, 0.0, 1.5, 0.0, 0.0, 3.0, 0.0, 0.0, 0.5, 0.0
542, Ty Jerome , CLE, 26, 2, 1, 1, 7.4, 0.0, 0.0, 0.0, 1.0, 3.5, 2.0, 5.5, 12.0, 0.0, 0.0, 1.0, 0.0
555, Adam Flagler , OKC, 24, 1, 1, 0, 5.5, 0.0, 0.0, 0.0, 0.0, 2.0, 0.0, 4.0, 10.0, 0.0, 0.0, 0.0, 0.0
555, Drew Peterson , BOS, 24, 1, 1, 0, 2.6, 0.0, 0.0, 0.0, 0.0, 0.0, 2.0, 0.0, 4.0, 0.0, 0.0, 1.0, 0.0
555, Henri Drell , CHI, 23, 1, 0, 1, 2.9, 0.0, 2.0, 0.0, 2.0, 0.0, 0.0, 0.0, 2.0, 0.0, 0.0, 0.0, 0.0
555, Izaiah Brockington , NOP, 24, 1, 1, 0, 3.4, 0.0, 0.0, 2.0, 4.0, 0.0, 3.0, 2.0, 8.0, 0.0, 1.0, 0.0, 0.0
555, Jalen Crutcher , NOP, 24, 1, 1, 0, 2.7, 0.0, 0.0, 0.0, 0.0, 2.0, 0.0, 0.0, 4.0, 0.0, 0.0, 0.0, 0.0
555, Javonte Smart , PHI, 24, 1, 1, 0, 0.7, 0.0, 0.0, 0.0, 0.0, 0.0, 3.0, 0.0, 0.0, 0.0, 0.0, 0.0, 0.0
555, Kaiser Gates , NOP, 27, 1, 0, 1, 7.4, 0.0, 0.0, 0.0, 0.0, 3.0, 4.0, 0.0, 6.0, 0.0, 1.0, 0.0, 0.0
555, Malcolm Cazalon , DET, 22, 1, 0, 1, 2.6, 0.0, 0.0, 0.0, 0.0, 0.0, 2.0, 0.0, 6.0, 0.0, 0.0, 0.0, 0.0
555, Markquis Nowell , TOR, 24, 1, 0, 1, 3.5, 0.0, 0.0, 0.0, 0.0, 0.0, 0.0, 0.0, 2.0, 0.0, 1.0, 0.0, 1.0
555, Quenton Jackson , IND, 25, 1, 1, 0, 1.8, 0.0, 0.0, 0.0, 0.0, 4.0, 0.0, 2.0, 2.0, 0.0, 0.0, 0.0, 0.0
555, Ron Harper Jr. , TOR, 23, 1, 1, 0, 3.7, 0.0, 0.0, 0.0, 0.0, 5.0, 5.0, 1.0, 10.0, 0.0, 0.0, 2.0, 0.0
555, Zavier Simpson , MEM, 27, 1, 0, 1, 8.9, 0.0, 0.0, 0.0, 0.0, 2.0, 2.0, 0.0, 6.0, 0.0, 0.0, 1.0, 0.0
