IND, PLAYER, TEAM, AGE, GP, W, L, MIN, OFFRTG, DEFRTG, NETRTG, AST%, AST/TO, AST_RATIO, OREB%, DREB%, REB%, TO_RATIO, EFG%, TS%, USG%, PACE, PIE, POSS
1, Buddy Hield , PHI, 31, 73, 38, 35, 26.3, 117.3, 116.9, 0.4, 14.7, 2.40, 20.2, 2.4, 9.9, 6.0, 8.4, 56.8, 57.9, 18.5, 102.02, 8.2, 4090
2, Obi Toppin , IND, 26, 72, 40, 32, 21.5, 119.7, 117.2, 2.5, 8.5, 1.78, 15.0, 4.8, 13.4, 9.1, 8.4, 65.1, 66.6, 15.7, 105.25, 9.4, 3398
3, Andre Drummond , CHI, 30, 71, 34, 37, 17.0, 113.5, 114.2, -0.7, 4.2, 0.44, 5.3, 18.5, 32.1, 25.1, 12.0, 55.0, 56.9, 20.2, 97.91, 14.9, 2462
3, Austin Reaves , LAL, 25, 71, 39, 32, 31.8, 115.1, 116.7, -1.6, 23.8, 2.57, 27.1, 2.1, 10.6, 6.6, 10.6, 57.4, 62.2, 19.8, 101.81, 10.7, 4796
3, Bobby Portis , MIL, 29, 71, 46, 25, 24.3, 117.6, 117.0, 0.6, 7.1, 1.14, 8.5, 6.8, 22.6, 14.8, 7.5, 55.5, 57.6, 22.1, 100.79, 11.6, 3621
3, Christian Braun , DEN, 22, 71, 50, 21, 19.4, 109.1, 110.4, -1.3, 10.1, 2.17, 16.9, 4.2, 12.9, 8.7, 7.8, 52.0, 55.0, 15.3, 98.89, 8.2, 2820
3, Collin Sexton , UTA, 25, 71, 29, 42, 26.1, 117.7, 119.6, -1.9, 28.0, 2.40, 22.1, 3.3, 6.5, 4.9, 9.2, 55.6, 61.3, 26.4, 102.12, 12.3, 3951
3, Dennis Schroder , BKN, 30, 71, 24, 47, 30.8, 112.5, 116.4, -3.8, 27.6, 3.09, 29.6, 1.3, 7.7, 4.5, 9.6, 51.2, 55.1, 19.9, 98.76, 9.1, 4502
3, Georges Niang , CLE, 30, 71, 43, 28, 22.5, 113.9, 113.5, 0.5, 7.7, 1.38, 12.2, 1.4, 14.1, 7.9, 8.9, 55.9, 57.7, 17.2, 98.55, 7.0, 3278
3, Jeremy Sochan , SAS, 20, 71, 15, 56, 29.6, 108.0, 115.3, -7.3, 16.5, 1.79, 20.7, 6.0, 14.9, 10.4, 11.6, 48.0, 51.0, 18.6, 101.95, 7.9, 4463
3, Jonas Valanciunas , NOP, 31, 71, 44, 27, 24.3, 118.4, 113.1, 5.3, 12.2, 1.58, 15.6, 10.4, 27.0, 19.0, 9.9, 59.1, 62.6, 20.2, 98.68, 13.6, 3544
3, Mikal Bridges , BKN, 27, 71, 26, 45, 35.2, 111.3, 114.5, -3.2, 16.4, 1.76, 15.5, 2.3, 11.0, 6.5, 8.8, 52.0, 56.1, 24.5, 98.71, 10.7, 5147
3, Nickeil Alexander-Walker , MIN, 25, 71, 49, 22, 23.6, 113.1, 106.2, 6.9, 14.6, 2.74, 25.1, 2.0, 6.6, 4.4, 9.2, 55.2, 57.0, 13.8, 100.07, 6.8, 3502
3, Paul Reed , PHI, 24, 71, 39, 32, 19.1, 115.9, 113.3, 2.6, 9.4, 1.77, 15.9, 11.9, 19.2, 15.4, 9.0, 55.5, 57.4, 15.4, 97.59, 10.1, 2744
3, Payton Pritchard , BOS, 26, 71, 57, 14, 21.5, 122.2, 109.1, 13.2, 19.2, 4.34, 27.4, 3.9, 10.6, 7.2, 6.3, 57.2, 58.6, 16.0, 97.14, 9.7, 3073
3, Reggie Jackson , DEN, 33, 71, 50, 21, 21.8, 112.9, 111.2, 1.6, 23.9, 2.92, 25.7, 1.5, 6.6, 4.2, 8.8, 50.7, 52.7, 20.7, 99.49, 8.3, 3213
17, Cason Wallace , OKC, 20, 70, 49, 21, 20.6, 114.4, 111.0, 3.4, 8.8, 2.72, 18.8, 3.4, 7.6, 5.6, 6.9, 60.8, 61.7, 12.5, 101.37, 7.0, 3043
17, Chet Holmgren , OKC, 21, 70, 49, 21, 30.1, 118.5, 109.6, 8.9, 11.7, 1.69, 15.0, 5.6, 19.4, 13.0, 8.9, 60.6, 63.8, 20.8, 102.97, 13.5, 4502
17, Cole Anthony , ORL, 23, 70, 42, 28, 23.0, 112.2, 109.9, 2.3, 20.1, 1.88, 19.6, 3.9, 14.0, 8.9, 10.4, 49.1, 54.4, 23.0, 97.73, 10.8, 3282
17, Domantas Sabonis , SAC, 27, 70, 41, 29, 35.9, 116.5, 115.8, 0.8, 33.3, 2.53, 30.9, 9.5, 29.8, 19.3, 12.2, 62.5, 65.1, 21.8, 100.15, 17.2, 5254
17, Harrison Barnes , SAC, 31, 70, 41, 29, 29.3, 114.1, 116.6, -2.5, 5.1, 1.61, 9.7, 2.5, 7.6, 5.0, 6.0, 59.2, 62.5, 15.1, 101.30, 7.1, 4327
17, Jalen Green , HOU, 22, 70, 35, 35, 31.3, 114.3, 113.6, 0.8, 16.2, 1.56, 14.4, 1.5, 13.8, 7.7, 9.3, 50.0, 54.4, 26.9, 100.37, 11.1, 4589
17, Michael Porter Jr. , DEN, 25, 70, 50, 20, 31.8, 120.1, 112.2, 7.9, 6.3, 1.32, 9.0, 4.3, 17.7, 11.1, 6.9, 59.6, 61.1, 20.1, 97.77, 10.8, 4556
17, Naz Reid , MIN, 24, 70, 49, 21, 23.6, 111.6, 104.6, 7.0, 8.0, 0.94, 9.1, 4.1, 16.4, 10.4, 9.7, 58.7, 60.6, 21.6, 100.15, 11.7, 3459
17, Ochai Agbaji , TOR, 23, 70, 29, 41, 20.3, 109.9, 117.4, -7.5, 6.7, 1.31, 13.5, 4.2, 8.4, 6.3, 10.3, 49.2, 50.4, 13.2, 101.46, 4.7, 3003
17, Pascal Siakam , IND, 29, 70, 31, 39, 33.7, 116.8, 115.7, 1.1, 19.7, 2.49, 18.5, 4.9, 15.8, 10.4, 7.5, 57.0, 60.1, 24.8, 100.95, 13.2, 4965
27, Ayo Dosunmu , CHI, 24, 69, 34, 35, 28.5, 111.8, 115.1, -3.3, 15.8, 2.45, 21.9, 2.4, 7.3, 4.8, 8.9, 57.7, 59.7, 16.7, 98.17, 8.2, 4021
27, Corey Kispert , WAS, 25, 69, 13, 56, 23.9, 108.2, 119.8, -11.6, 10.9, 1.53, 13.5, 1.3, 8.9, 5.1, 8.8, 60.1, 61.9, 19.3, 103.89, 8.3, 3579
27, DeMar DeRozan , CHI, 34, 69, 33, 36, 37.6, 113.1, 114.9, -1.8, 21.9, 3.51, 20.0, 1.5, 10.1, 5.8, 5.7, 50.4, 58.4, 24.3, 98.12, 12.8, 5301
27, Donte DiVincenzo , NYK, 27, 69, 42, 27, 27.2, 116.4, 113.6, 2.8, 14.3, 2.00, 16.2, 2.9, 10.1, 6.4, 8.1, 57.4, 58.7, 21.2, 97.47, 9.8, 3809
27, Jonathan Kuminga , GSW, 21, 69, 35, 34, 26.3, 114.7, 112.1, 2.5, 11.9, 1.26, 12.1, 4.6, 12.5, 8.6, 9.6, 55.8, 59.6, 24.0, 102.22, 10.9, 3863
27, Jordan Poole , WAS, 24, 69, 13, 56, 29.3, 109.2, 120.3, -11.1, 19.0, 1.69, 17.9, 1.3, 7.1, 4.2, 10.6, 48.5, 52.4, 25.3, 104.91, 7.0, 4425
27, Josh Giddey , OKC, 21, 69, 49, 20, 24.6, 119.3, 111.6, 7.6, 23.7, 2.29, 26.0, 5.8, 18.3, 12.4, 11.4, 51.1, 53.3, 21.9, 102.40, 11.5, 3625
27, Josh Hart , NYK, 29, 69, 41, 28, 32.6, 115.2, 110.3, 5.0, 15.4, 2.71, 26.6, 4.4, 20.2, 12.1, 9.8, 48.2, 50.7, 13.3, 95.98, 9.6, 4495
27, Kelly Olynyk , TOR, 32, 69, 29, 40, 21.7, 110.9, 118.0, -7.1, 27.7, 2.35, 32.7, 6.1, 16.6, 11.4, 13.9, 60.8, 65.2, 16.8, 102.08, 11.4, 3182
27, Malik Monk , SAC, 26, 69, 41, 28, 26.3, 115.5, 115.1, 0.4, 29.3, 2.49, 24.9, 1.4, 9.9, 5.5, 10.0, 53.1, 56.9, 24.8, 102.03, 11.1, 3865
27, Moritz Wagner , ORL, 26, 69, 41, 28, 17.9, 113.8, 111.2, 2.6, 10.7, 0.99, 11.4, 8.5, 17.1, 12.8, 11.5, 63.2, 67.5, 21.9, 99.25, 13.8, 2559
27, Paolo Banchero , ORL, 21, 69, 41, 28, 34.8, 112.4, 112.2, 0.1, 25.2, 1.74, 18.6, 3.0, 17.3, 10.0, 10.7, 51.0, 55.4, 29.0, 98.36, 13.6, 4925
27, Peyton Watson , DEN, 21, 69, 49, 20, 18.2, 109.7, 110.8, -1.2, 7.5, 1.36, 12.5, 3.5, 11.5, 7.7, 9.2, 51.6, 53.9, 16.3, 98.95, 7.2, 2575
27, Shai Gilgeous-Alexander , OKC, 25, 69, 49, 20, 34.4, 121.1, 110.4, 10.7, 29.3, 2.83, 19.6, 2.5, 13.1, 8.0, 6.9, 57.4, 64.1, 31.8, 102.27, 18.9, 5051
41, Anthony Edwards , MIN, 22, 68, 47, 21, 35.3, 116.5, 108.1, 8.4, 23.9, 1.66, 16.7, 1.8, 13.4, 7.9, 10.0, 52.7, 57.8, 31.6, 98.21, 14.7, 4917
41, Brook Lopez , MIL, 35, 68, 45, 23, 30.7, 118.0, 111.4, 6.7, 7.4, 1.84, 13.2, 4.8, 11.3, 8.2, 7.2, 57.8, 60.3, 15.4, 102.86, 8.4, 4474
41, Coby White , CHI, 24, 68, 32, 36, 36.6, 115.0, 115.5, -0.5, 21.0, 2.40, 21.8, 1.5, 11.4, 6.4, 9.1, 54.1, 57.7, 22.4, 97.55, 10.2, 5062
41, Kyle Anderson , MIN, 30, 68, 48, 20, 22.9, 110.3, 105.2, 5.1, 26.1, 3.60, 36.2, 3.7, 11.9, 7.9, 10.1, 48.0, 52.1, 13.8, 100.26, 9.8, 3239
41, Luguentz Dort , OKC, 24, 68, 47, 21, 28.3, 119.9, 111.8, 8.2, 5.9, 1.58, 12.2, 3.7, 8.9, 6.4, 7.7, 56.5, 59.9, 14.8, 102.14, 6.0, 4089
41, Malik Beasley , MIL, 27, 68, 43, 25, 29.6, 119.4, 111.7, 7.7, 5.9, 2.00, 12.3, 2.0, 10.1, 6.2, 6.1, 61.7, 62.1, 14.0, 102.91, 6.8, 4319
41, Myles Turner , IND, 28, 68, 38, 30, 27.3, 120.3, 115.9, 4.3, 6.4, 0.91, 8.0, 5.7, 19.4, 12.7, 8.8, 57.9, 61.9, 23.3, 102.69, 11.2, 3968
41, Nikola Jokic , DEN, 29, 68, 48, 20, 34.4, 122.3, 111.1, 11.2, 39.4, 3.09, 28.1, 8.8, 27.1, 18.3, 9.1, 60.9, 64.9, 28.7, 98.05, 21.0, 4794
41, Royce O'Neale , PHX, 30, 68, 31, 37, 24.9, 113.6, 111.4, 2.2, 15.2, 2.94, 26.0, 2.9, 15.3, 9.1, 8.8, 53.8, 54.5, 13.5, 101.04, 7.9, 3566
41, Sam Hauser , BOS, 26, 68, 55, 13, 21.4, 121.0, 107.3, 13.7, 5.8, 2.10, 11.6, 2.5, 12.3, 7.5, 5.5, 65.4, 66.0, 13.9, 98.65, 8.8, 2981
41, Toumani Camara , POR, 23, 68, 19, 49, 24.6, 107.1, 111.7, -4.6, 7.3, 1.09, 13.6, 7.3, 12.1, 9.6, 12.5, 50.7, 53.9, 13.3, 99.28, 6.4, 3451
52, Aaron Holiday , HOU, 27, 67, 34, 33, 16.4, 110.0, 107.1, 2.9, 15.8, 2.60, 22.4, 1.4, 7.8, 4.5, 8.6, 55.2, 58.0, 15.6, 102.41, 7.9, 2351
52, Aaron Wiggins , OKC, 25, 67, 48, 19, 14.5, 115.0, 110.2, 4.7, 8.6, 1.36, 15.0, 5.4, 9.8, 7.7, 11.1, 65.8, 67.5, 15.4, 100.82, 9.1, 2018
52, Anthony Davis , LAL, 31, 67, 38, 29, 35.6, 116.7, 115.3, 1.4, 15.6, 1.83, 14.4, 9.1, 25.0, 17.4, 7.9, 56.8, 62.0, 25.8, 101.98, 16.6, 5070
52, Bogdan Bogdanovic , ATL, 31, 67, 30, 37, 29.6, 117.4, 114.7, 2.7, 14.5, 2.28, 16.0, 2.0, 9.1, 5.4, 7.0, 53.4, 56.2, 21.8, 101.68, 9.0, 4221
52, Cameron Payne , PHI, 29, 67, 38, 29, 16.4, 112.5, 114.2, -1.7, 22.1, 3.11, 25.8, 1.2, 7.2, 4.2, 8.3, 54.5, 57.5, 18.9, 100.53, 8.5, 2299
52, Cedi Osman , SAS, 28, 67, 14, 53, 17.3, 105.5, 119.4, -13.9, 13.1, 2.48, 20.8, 1.8, 12.3, 6.8, 8.4, 57.8, 59.0, 14.6, 104.51, 7.6, 2531
52, Dejounte Murray , ATL, 27, 67, 29, 38, 35.3, 117.1, 119.7, -2.5, 26.1, 2.47, 21.6, 1.9, 13.0, 7.2, 8.7, 53.3, 56.4, 25.4, 101.60, 12.3, 5014
52, Jaden Ivey , DET, 22, 67, 12, 55, 28.6, 111.4, 118.9, -7.5, 18.7, 1.49, 18.3, 4.1, 8.0, 6.0, 12.3, 50.1, 54.6, 24.0, 101.88, 7.6, 4068
52, Jusuf Nurkic , PHX, 29, 67, 42, 25, 27.3, 121.1, 112.0, 9.1, 17.6, 1.64, 23.3, 11.5, 28.2, 20.3, 14.2, 53.7, 56.5, 19.1, 100.13, 12.0, 3816
52, Klay Thompson , GSW, 34, 67, 33, 34, 29.6, 115.4, 117.5, -2.1, 10.8, 1.52, 11.9, 1.5, 9.5, 5.4, 7.8, 53.9, 56.5, 23.0, 101.95, 8.6, 4218
52, Kyle Kuzma , WAS, 28, 67, 13, 54, 32.3, 110.0, 121.1, -11.2, 20.1, 1.53, 15.4, 2.8, 16.7, 9.7, 10.1, 52.5, 55.2, 29.7, 103.75, 11.5, 4666
52, Taurean Prince , LAL, 30, 67, 36, 31, 28.0, 114.0, 117.6, -3.6, 7.3, 1.88, 15.5, 0.9, 9.3, 5.2, 8.3, 56.6, 57.8, 13.1, 102.19, 5.5, 4001
52, Tim Hardaway Jr. , DAL, 32, 67, 40, 27, 27.6, 116.4, 116.4, 0.0, 8.7, 1.81, 10.2, 1.0, 10.6, 5.8, 5.6, 51.4, 54.8, 22.3, 102.26, 8.5, 3951
65, Damian Lillard , MIL, 33, 66, 46, 20, 35.1, 120.4, 112.6, 7.8, 28.5, 2.75, 23.6, 1.4, 10.2, 6.0, 8.6, 51.6, 59.6, 27.3, 102.58, 13.5, 4953
65, Derrick White , BOS, 29, 66, 54, 12, 32.6, 123.0, 109.2, 13.8, 21.1, 3.34, 26.9, 2.1, 10.2, 6.4, 8.1, 57.6, 60.9, 18.6, 99.97, 10.8, 4480
65, Giannis Antetokounmpo , MIL, 29, 66, 43, 23, 35.0, 120.3, 113.2, 7.1, 30.8, 1.87, 19.2, 7.5, 23.5, 15.8, 10.3, 62.9, 65.5, 32.0, 102.42, 19.7, 4917
65, Grant Williams , CHA, 25, 66, 31, 35, 27.4, 110.3, 115.2, -4.9, 9.6, 1.33, 16.3, 3.9, 10.6, 7.2, 12.3, 54.4, 57.4, 15.1, 100.31, 5.8, 3786
65, Isaiah Joe , OKC, 24, 66, 46, 20, 18.2, 117.0, 108.2, 8.8, 8.1, 1.89, 13.5, 2.2, 9.7, 6.0, 7.1, 60.1, 61.7, 15.7, 103.57, 8.5, 2616
65, Jarrett Allen , CLE, 25, 66, 41, 25, 31.6, 115.3, 110.1, 5.1, 12.6, 1.64, 16.1, 10.4, 23.1, 16.9, 9.8, 62.5, 65.9, 19.1, 98.74, 14.9, 4286
65, Jayson Tatum , BOS, 26, 66, 53, 13, 35.8, 122.7, 110.2, 12.4, 20.8, 1.92, 16.6, 2.5, 18.9, 11.1, 8.6, 55.5, 60.6, 29.6, 99.10, 15.5, 4873
65, Jeff Green , HOU, 37, 66, 33, 33, 16.7, 109.6, 111.9, -2.3, 7.4, 1.30, 12.4, 3.2, 9.3, 6.3, 9.5, 53.4, 59.8, 15.0, 100.93, 7.3, 2311
65, Keldon Johnson , SAS, 24, 66, 15, 51, 29.5, 108.2, 116.5, -8.3, 14.1, 1.95, 15.3, 4.4, 13.7, 8.9, 7.9, 52.7, 56.3, 21.4, 103.81, 9.8, 4210
65, Malaki Branham , SAS, 20, 66, 13, 53, 20.5, 105.9, 118.4, -12.5, 15.3, 1.88, 18.6, 1.7, 7.7, 4.6, 9.9, 49.4, 51.8, 19.1, 103.49, 6.3, 2918
65, Mike Conley , MIN, 36, 66, 47, 19, 29.0, 114.0, 107.1, 6.9, 29.0, 5.20, 37.2, 1.8, 8.1, 5.1, 7.2, 58.2, 61.3, 15.2, 97.43, 11.5, 3885
65, Nikola Vucevic , CHI, 33, 66, 32, 34, 34.5, 112.8, 115.7, -2.9, 15.3, 2.06, 15.3, 8.1, 22.8, 15.4, 7.4, 51.8, 53.6, 23.6, 97.52, 12.5, 4623
65, Norman Powell , LAC, 30, 66, 41, 25, 25.9, 117.8, 113.7, 4.0, 6.0, 1.18, 8.3, 0.8, 8.8, 5.0, 7.0, 60.1, 63.2, 19.5, 100.47, 8.9, 3582
65, Patrick Beverley , MIL, 35, 66, 40, 26, 19.6, 110.1, 112.0, -1.8, 20.5, 3.00, 30.1, 3.1, 11.8, 7.5, 10.0, 48.5, 52.7, 14.2, 98.60, 8.1, 2645
65, Simone Fontecchio , DET, 28, 66, 29, 37, 24.9, 113.0, 114.5, -1.5, 8.4, 1.49, 13.6, 3.7, 10.7, 7.1, 9.1, 58.2, 60.0, 15.9, 102.49, 7.7, 3521
65, Tre Jones , SAS, 24, 66, 14, 52, 26.9, 111.3, 113.1, -1.8, 30.3, 4.24, 38.8, 2.5, 9.8, 6.2, 9.2, 56.8, 60.5, 14.8, 102.84, 11.1, 3810
65, Tyus Jones , WAS, 27, 66, 11, 55, 29.3, 110.6, 122.5, -11.9, 33.1, 7.35, 39.3, 1.0, 8.1, 4.5, 5.4, 56.9, 57.8, 16.1, 104.37, 11.1, 4204
82, Aaron Gordon , DEN, 28, 65, 45, 20, 31.5, 119.4, 111.4, 8.0, 14.0, 2.35, 20.7, 8.0, 12.9, 10.5, 8.8, 57.9, 60.1, 17.5, 98.17, 10.2, 4200
82, D'Angelo Russell , LAL, 28, 65, 38, 27, 32.1, 116.3, 114.5, 1.8, 26.8, 3.19, 27.1, 1.3, 7.6, 4.6, 8.5, 56.9, 59.4, 22.3, 102.74, 10.5, 4487
82, Deni Avdija , WAS, 23, 65, 13, 52, 29.2, 109.7, 117.2, -7.4, 17.4, 1.83, 21.2, 3.9, 19.1, 11.5, 11.6, 56.5, 59.7, 19.4, 105.10, 10.7, 4150
82, Derrick Jones Jr. , DAL, 27, 65, 38, 27, 23.5, 114.5, 114.5, 0.0, 5.3, 1.11, 10.5, 4.6, 9.3, 7.0, 9.5, 58.1, 60.6, 14.5, 102.12, 7.0, 3255
82, Devin Vassell , SAS, 23, 65, 14, 51, 32.8, 108.4, 114.8, -6.4, 18.7, 2.52, 18.1, 1.2, 10.3, 5.7, 7.2, 54.9, 57.8, 22.7, 102.50, 11.0, 4546
82, Drew Eubanks , PHX, 27, 65, 36, 29, 15.6, 108.5, 111.9, -3.3, 7.7, 0.95, 14.2, 8.8, 17.2, 13.2, 15.0, 63.3, 66.8, 13.4, 100.01, 10.5, 2106
82, Grayson Allen , PHX, 28, 65, 39, 26, 33.7, 119.7, 115.1, 4.7, 11.9, 2.40, 22.0, 1.9, 8.9, 5.6, 9.2, 66.8, 69.8, 13.9, 100.08, 8.7, 4560
82, Herbert Jones , NOP, 25, 65, 41, 24, 29.7, 117.0, 110.3, 6.7, 11.0, 2.09, 20.8, 3.6, 8.3, 6.0, 9.9, 61.4, 65.0, 14.1, 99.06, 7.9, 3971
82, Jabari Smith Jr. , HOU, 20, 65, 34, 31, 31.5, 112.2, 113.0, -0.8, 6.6, 1.20, 10.1, 5.8, 19.8, 12.7, 8.4, 53.1, 56.6, 17.3, 99.82, 9.9, 4262
82, Jalen Brunson , NYK, 27, 65, 41, 24, 35.1, 120.0, 113.2, 6.8, 30.5, 2.63, 20.5, 1.6, 8.8, 5.1, 7.8, 54.0, 58.8, 30.1, 96.96, 14.9, 4626
82, Jevon Carter , CHI, 28, 65, 32, 33, 13.8, 109.2, 108.5, 0.8, 12.0, 2.29, 17.8, 0.8, 5.2, 2.9, 7.8, 48.8, 48.9, 16.7, 99.15, 5.1, 1850
82, John Collins , UTA, 26, 65, 27, 38, 28.0, 114.5, 121.9, -7.4, 6.0, 0.79, 7.8, 8.0, 22.0, 14.8, 9.9, 58.4, 61.3, 19.7, 101.46, 10.8, 3838
82, Keegan Murray , SAC, 23, 65, 38, 27, 33.1, 116.3, 113.9, 2.4, 6.6, 1.86, 10.6, 3.8, 12.9, 8.2, 5.7, 55.2, 57.4, 17.4, 100.52, 8.0, 4506
82, Kentavious Caldwell-Pope , DEN, 31, 65, 47, 18, 31.8, 122.0, 111.4, 10.5, 8.8, 2.41, 20.4, 1.3, 6.0, 3.8, 8.5, 55.1, 59.3, 12.5, 98.00, 6.0, 4233
82, Pat Connaughton , MIL, 31, 65, 42, 23, 21.7, 116.9, 116.7, 0.2, 11.0, 3.08, 26.2, 3.0, 11.5, 7.3, 8.5, 58.7, 60.5, 10.3, 101.68, 6.8, 2999
82, Rudy Gobert , MIN, 31, 65, 46, 19, 34.0, 115.2, 106.1, 9.0, 5.2, 0.80, 9.5, 11.7, 25.6, 19.0, 11.9, 64.6, 66.5, 15.2, 96.98, 13.4, 4465
82, Spencer Dinwiddie , LAL, 30, 65, 30, 35, 29.0, 116.9, 115.8, 1.1, 23.4, 4.31, 31.3, 1.4, 7.6, 4.5, 7.3, 48.5, 53.5, 16.7, 99.80, 7.9, 3915
99, Isaiah Hartenstein , NYK, 25, 64, 40, 24, 25.0, 118.7, 110.3, 8.4, 11.5, 1.93, 25.4, 13.1, 20.4, 16.7, 13.1, 63.6, 66.5, 11.0, 98.29, 11.1, 3279
99, Jaime Jaquez Jr. , MIA, 23, 64, 37, 27, 29.3, 112.5, 111.7, 0.8, 13.3, 1.73, 17.4, 4.0, 9.5, 6.8, 10.1, 53.0, 56.8, 18.2, 98.01, 8.3, 3818
99, Jalen Suggs , ORL, 22, 64, 38, 26, 26.7, 112.5, 111.2, 1.3, 14.0, 1.41, 17.6, 2.5, 10.0, 6.2, 12.5, 57.3, 59.6, 19.4, 100.11, 8.5, 3569
99, Kawhi Leonard , LAC, 32, 64, 41, 23, 34.1, 119.4, 110.7, 8.7, 16.7, 2.10, 15.0, 3.7, 13.8, 9.0, 7.2, 58.7, 62.9, 26.0, 97.95, 15.6, 4452
99, Kevin Durant , PHX, 35, 64, 37, 27, 37.2, 118.8, 114.1, 4.7, 22.0, 1.60, 17.4, 1.5, 15.4, 9.0, 10.9, 58.2, 63.0, 28.5, 100.64, 15.1, 4989
99, Kevin Huerter , SAC, 25, 64, 37, 27, 24.4, 117.5, 115.0, 2.5, 13.8, 3.13, 20.8, 2.4, 12.4, 7.3, 6.6, 55.3, 56.4, 17.3, 101.06, 7.7, 3286
99, Keyonte George , UTA, 20, 64, 25, 39, 26.3, 110.2, 119.2, -9.0, 25.1, 1.95, 24.0, 0.8, 9.9, 5.4, 12.3, 48.9, 54.0, 22.2, 101.30, 8.7, 3556
99, Matisse Thybulle , POR, 27, 64, 18, 46, 23.1, 108.1, 115.2, -7.2, 8.1, 2.20, 19.3, 2.0, 7.4, 4.6, 8.8, 52.7, 54.0, 10.5, 99.38, 6.1, 3063
99, Paul George , LAC, 33, 64, 41, 23, 34.1, 121.6, 112.3, 9.3, 15.8, 1.76, 15.1, 1.6, 13.8, 8.0, 8.5, 56.7, 60.7, 26.2, 97.60, 12.4, 4438
99, Stephen Curry , GSW, 36, 64, 35, 29, 32.7, 117.8, 116.6, 1.2, 23.0, 1.70, 16.7, 1.6, 11.5, 6.6, 9.8, 57.2, 61.7, 30.4, 102.27, 13.8, 4476
109, Aaron Nesmith , IND, 24, 63, 35, 28, 27.5, 119.0, 115.7, 3.4, 6.8, 1.65, 12.4, 3.2, 10.2, 6.8, 7.5, 61.4, 63.6, 16.0, 102.59, 7.2, 3691
109, Alperen Sengun , HOU, 21, 63, 29, 34, 32.5, 113.9, 113.2, 0.8, 24.8, 1.93, 19.4, 8.6, 19.3, 13.9, 10.1, 55.3, 58.5, 27.0, 99.22, 14.9, 4236
109, Anthony Black , ORL, 20, 63, 36, 27, 17.6, 107.8, 108.8, -1.0, 11.1, 1.68, 21.6, 2.9, 9.7, 6.3, 12.9, 53.2, 55.4, 12.3, 100.15, 5.5, 2305
109, Ausar Thompson , DET, 21, 63, 10, 53, 25.1, 107.7, 113.1, -5.3, 10.8, 1.43, 16.3, 7.7, 17.3, 12.4, 11.4, 50.5, 52.2, 16.1, 101.67, 8.4, 3329
109, Bilal Coulibaly , WAS, 19, 63, 11, 52, 27.2, 107.4, 118.4, -11.0, 8.6, 1.26, 16.1, 3.1, 11.6, 7.2, 12.7, 50.9, 54.3, 13.9, 103.33, 5.7, 3687
109, Brandon Ingram , NOP, 26, 63, 38, 25, 33.0, 116.9, 112.2, 4.7, 26.1, 2.25, 21.8, 2.2, 13.2, 7.8, 9.7, 53.2, 57.7, 27.0, 98.75, 12.7, 4278
109, Brandon Miller , CHA, 21, 63, 15, 48, 31.9, 108.1, 117.9, -9.8, 11.5, 1.35, 12.2, 2.6, 10.9, 6.6, 9.0, 51.4, 53.9, 23.2, 98.64, 8.0, 4123
109, Daniel Gafford , DAL, 25, 63, 21, 42, 24.8, 113.1, 117.3, -4.1, 7.5, 1.45, 14.1, 10.8, 18.9, 14.9, 9.7, 71.4, 72.6, 14.5, 104.11, 11.9, 3381
109, Duncan Robinson , MIA, 29, 63, 35, 28, 28.5, 111.9, 110.6, 1.3, 15.6, 2.08, 19.5, 0.8, 8.3, 4.6, 9.4, 59.7, 62.1, 18.7, 98.04, 8.6, 3675
109, Franz Wagner , ORL, 22, 63, 39, 24, 32.7, 112.3, 108.6, 3.7, 18.9, 1.91, 16.8, 3.0, 13.9, 8.4, 8.8, 52.6, 57.3, 25.2, 98.58, 13.1, 4231
109, Fred VanVleet , HOU, 30, 63, 34, 29, 36.6, 114.4, 110.6, 3.8, 31.6, 4.68, 33.6, 1.0, 8.8, 4.9, 7.2, 53.0, 57.1, 18.8, 99.64, 11.8, 4798
109, Gary Trent Jr. , TOR, 25, 63, 22, 41, 27.7, 113.4, 117.2, -3.8, 7.6, 2.44, 10.9, 1.3, 8.0, 4.6, 4.5, 53.4, 54.9, 18.9, 100.08, 7.4, 3632
109, Jalen Williams , OKC, 22, 63, 44, 19, 31.6, 117.8, 109.4, 8.4, 19.8, 2.59, 20.7, 1.8, 10.2, 6.2, 8.0, 59.4, 62.4, 23.0, 102.91, 12.1, 4248
109, James Harden , LAC, 34, 63, 40, 23, 34.7, 121.4, 114.7, 6.8, 33.4, 3.26, 34.8, 1.5, 13.1, 7.6, 10.7, 55.8, 62.7, 20.3, 96.97, 13.3, 4423
109, Jaylen Brown , BOS, 27, 63, 49, 14, 33.4, 121.0, 111.1, 9.9, 16.8, 1.57, 14.1, 3.6, 12.1, 8.1, 8.9, 56.3, 58.7, 28.3, 100.35, 11.9, 4398
109, Julian Champagnie , SAS, 22, 63, 12, 51, 17.8, 110.5, 115.3, -4.8, 9.2, 1.93, 17.6, 3.0, 11.4, 7.1, 9.1, 52.1, 55.6, 13.7, 103.13, 6.5, 2403
109, Kevon Looney , GSW, 28, 63, 34, 29, 16.8, 115.0, 116.8, -1.9, 15.6, 2.76, 31.2, 11.4, 22.2, 16.8, 11.3, 59.8, 61.9, 10.6, 100.22, 9.7, 2206
109, Precious Achiuwa , NYK, 24, 63, 33, 30, 22.7, 112.0, 111.6, 0.4, 9.3, 1.25, 14.3, 10.9, 17.6, 14.1, 11.4, 53.1, 54.7, 16.1, 96.07, 9.7, 2862
109, Saddiq Bey , ATL, 24, 63, 28, 35, 32.7, 118.6, 119.1, -0.5, 5.8, 1.70, 9.9, 7.5, 11.9, 9.6, 5.8, 49.7, 54.9, 16.3, 102.06, 7.9, 4384
109, Terance Mann , LAC, 27, 63, 40, 23, 25.5, 117.9, 115.7, 2.2, 8.8, 2.82, 18.0, 5.0, 8.3, 6.7, 6.4, 56.3, 59.1, 13.2, 97.52, 6.6, 3265
109, Victor Wembanyama , SAS, 20, 63, 14, 49, 29.0, 107.4, 111.0, -3.6, 19.8, 0.99, 13.9, 7.4, 27.3, 17.3, 14.0, 51.7, 56.4, 30.8, 103.69, 15.9, 3950
130, Alex Caruso , CHI, 30, 62, 30, 32, 28.0, 110.7, 110.1, 0.6, 15.7, 2.31, 24.6, 3.1, 10.1, 6.7, 10.6, 58.4, 60.5, 14.8, 99.32, 8.7, 3585
130, Brandin Podziemski , GSW, 21, 62, 31, 31, 26.9, 117.8, 111.9, 5.9, 18.0, 3.04, 27.8, 5.6, 14.7, 10.1, 9.1, 52.4, 53.5, 15.1, 100.79, 9.3, 3506
130, Clint Capela , ATL, 29, 62, 28, 34, 25.3, 115.6, 116.5, -0.9, 6.2, 1.23, 9.6, 16.3, 22.8, 19.3, 7.8, 56.0, 58.2, 16.7, 102.18, 11.9, 3331
130, Dario Saric , GSW, 29, 62, 33, 29, 17.4, 113.5, 115.2, -1.7, 18.7, 1.92, 22.3, 6.3, 19.0, 12.5, 11.6, 56.0, 59.9, 18.9, 100.02, 11.1, 2256
130, De'Aaron Fox , SAC, 26, 62, 37, 25, 35.7, 117.3, 113.3, 4.0, 24.2, 2.09, 17.8, 2.5, 10.0, 6.1, 8.5, 53.5, 56.7, 30.3, 102.52, 12.5, 4721
130, Immanuel Quickley , TOR, 24, 62, 26, 36, 28.9, 113.4, 114.3, -0.9, 23.3, 3.36, 22.7, 0.8, 11.6, 6.2, 6.7, 52.7, 56.9, 22.9, 100.14, 11.4, 3743
130, Isaac Okoro , CLE, 23, 62, 37, 25, 27.6, 112.7, 110.4, 2.3, 9.9, 2.37, 18.5, 3.6, 7.3, 5.5, 7.8, 57.5, 59.7, 13.8, 98.08, 6.9, 3475
130, Jabari Walker , POR, 21, 62, 16, 46, 22.4, 109.0, 117.0, -8.0, 6.1, 0.98, 9.7, 8.3, 21.3, 14.4, 9.8, 51.9, 56.3, 16.0, 98.66, 9.5, 2846
130, Jaden Hardy , DAL, 21, 62, 36, 26, 13.9, 109.8, 114.4, -4.6, 17.5, 2.09, 16.6, 1.8, 10.3, 5.9, 8.0, 49.6, 52.0, 23.5, 103.38, 8.3, 1854
130, Kris Dunn , UTA, 30, 62, 25, 37, 18.6, 117.6, 117.4, 0.2, 25.2, 3.20, 39.0, 3.9, 10.5, 7.2, 12.2, 54.0, 54.8, 13.2, 102.85, 7.8, 2472
130, LeBron James , LAL, 39, 62, 34, 28, 35.2, 117.0, 114.2, 2.8, 35.1, 2.43, 25.6, 2.5, 16.9, 10.2, 10.5, 59.0, 62.1, 28.5, 101.52, 16.4, 4618
130, Marcus Sasser , DET, 23, 62, 10, 52, 17.2, 109.1, 116.2, -7.1, 26.5, 2.76, 28.7, 0.7, 9.2, 4.9, 10.4, 53.3, 55.4, 18.6, 102.41, 8.8, 2282
130, P.J. Washington , DAL, 25, 62, 21, 41, 30.0, 112.0, 117.5, -5.5, 8.8, 1.41, 12.8, 3.8, 14.3, 8.9, 9.0, 51.0, 53.0, 18.6, 100.80, 7.5, 3904
130, Tobias Harris , PHI, 31, 62, 36, 26, 34.0, 117.4, 113.0, 4.4, 13.7, 2.32, 16.3, 3.2, 15.3, 9.1, 7.0, 53.3, 57.5, 20.3, 99.13, 11.4, 4353
130, Tyrese Maxey , PHI, 23, 62, 38, 24, 37.3, 118.5, 114.0, 4.6, 25.5, 3.68, 20.6, 1.4, 8.4, 4.9, 5.6, 52.1, 57.2, 27.1, 98.76, 12.7, 4773
145, Alec Burks , NYK, 32, 61, 16, 45, 19.1, 107.9, 118.4, -10.4, 11.3, 1.80, 11.1, 1.9, 10.1, 5.9, 6.1, 48.5, 54.3, 23.6, 100.73, 8.9, 2457
145, Andrew Wiggins , GSW, 29, 61, 29, 32, 26.7, 115.1, 117.9, -2.9, 8.7, 1.44, 11.4, 5.9, 9.9, 7.9, 7.9, 51.1, 54.0, 19.9, 101.34, 7.5, 3441
145, David Roddy , PHX, 22, 61, 22, 39, 19.1, 104.1, 113.6, -9.6, 10.2, 1.37, 13.7, 4.2, 13.3, 8.6, 10.0, 46.4, 48.6, 17.8, 101.16, 6.8, 2453
145, Dillon Brooks , HOU, 28, 61, 31, 30, 30.9, 113.6, 112.8, 0.8, 7.6, 1.34, 11.7, 2.3, 8.4, 5.4, 8.7, 52.9, 56.2, 17.5, 100.07, 6.0, 3919
145, Dorian Finney-Smith , BKN, 30, 61, 23, 38, 28.4, 111.2, 112.8, -1.7, 7.6, 1.86, 15.0, 5.4, 10.6, 7.9, 8.1, 53.7, 54.8, 13.3, 98.38, 6.3, 3537
145, Jaden McDaniels , MIN, 23, 61, 41, 20, 29.3, 114.3, 109.7, 4.6, 6.4, 1.08, 11.4, 3.0, 7.6, 5.4, 10.6, 55.9, 57.1, 15.7, 97.25, 5.5, 3614
145, Jaren Jackson Jr. , MEM, 24, 61, 20, 41, 32.2, 107.0, 113.0, -6.0, 12.8, 0.91, 9.1, 3.6, 13.4, 8.3, 10.0, 50.0, 55.7, 30.1, 100.07, 11.0, 4091
145, Jrue Holiday , BOS, 33, 61, 48, 13, 33.1, 121.3, 110.8, 10.5, 19.7, 2.68, 28.4, 3.8, 11.5, 7.9, 10.6, 58.7, 60.5, 16.1, 99.27, 10.0, 4161
145, Luka Doncic , DAL, 25, 61, 38, 23, 37.4, 119.3, 115.5, 3.8, 43.1, 2.48, 23.8, 2.2, 21.4, 11.8, 9.6, 57.0, 61.5, 35.5, 101.27, 20.0, 4820
145, Nic Claxton , BKN, 24, 61, 21, 40, 29.6, 107.6, 114.4, -6.8, 10.7, 1.74, 16.1, 8.5, 23.7, 15.9, 9.3, 63.1, 63.6, 15.6, 98.88, 13.1, 3700
145, T.J. McConnell , IND, 32, 61, 33, 28, 17.9, 117.4, 115.2, 2.2, 39.9, 3.44, 35.5, 3.0, 12.7, 7.8, 10.3, 56.1, 57.7, 22.1, 104.08, 14.8, 2363
156, Bam Adebayo , MIA, 26, 60, 33, 27, 34.3, 109.3, 109.5, -0.2, 19.2, 1.70, 16.6, 6.7, 24.5, 15.6, 9.8, 52.3, 57.2, 25.0, 97.70, 15.3, 4194
156, Davion Mitchell , SAC, 25, 60, 36, 24, 13.8, 106.8, 113.2, -6.5, 17.0, 2.83, 27.1, 1.4, 6.9, 4.1, 9.6, 53.1, 54.6, 14.0, 101.02, 5.7, 1746
156, Jae'Sean Tate , HOU, 28, 60, 29, 31, 16.5, 111.0, 105.7, 5.3, 8.5, 1.94, 18.8, 5.3, 13.0, 9.0, 9.7, 52.3, 54.0, 11.3, 101.62, 5.8, 2077
156, Jaxson Hayes , LAL, 23, 60, 34, 26, 11.7, 109.7, 113.8, -4.1, 4.9, 0.81, 11.1, 8.4, 14.3, 11.5, 13.7, 69.5, 69.7, 12.2, 102.25, 7.8, 1486
156, Jordan Hawkins , NOP, 21, 60, 36, 24, 18.3, 113.8, 114.5, -0.8, 8.8, 1.82, 12.0, 2.4, 10.2, 6.2, 6.6, 50.6, 53.8, 19.1, 100.81, 7.0, 2324
156, Karl-Anthony Towns , MIN, 28, 60, 41, 19, 32.8, 116.5, 108.5, 8.0, 14.3, 1.06, 12.8, 5.0, 20.5, 13.2, 12.1, 57.8, 62.8, 26.9, 98.41, 14.2, 4045
156, Max Strus , CLE, 27, 60, 39, 21, 32.2, 114.4, 107.8, 6.6, 15.8, 2.53, 23.2, 2.7, 11.3, 7.1, 9.2, 52.5, 54.4, 16.7, 99.98, 7.9, 4021
156, Nick Richards , CHA, 26, 60, 12, 48, 26.7, 105.9, 117.8, -11.9, 4.6, 0.75, 9.4, 9.9, 22.3, 15.9, 12.6, 68.4, 71.0, 13.1, 97.87, 10.8, 3257
156, Scottie Barnes , TOR, 22, 60, 22, 38, 34.9, 112.6, 115.8, -3.2, 25.3, 2.20, 23.1, 6.4, 16.7, 11.5, 10.5, 52.8, 56.6, 24.0, 101.17, 13.2, 4413
156, Zion Williamson , NOP, 23, 60, 37, 23, 30.9, 114.3, 110.9, 3.5, 25.7, 1.87, 19.5, 5.8, 12.7, 9.3, 10.4, 58.8, 62.2, 27.9, 101.50, 14.9, 3926
166, Bennedict Mathurin , IND, 21, 59, 33, 26, 26.1, 115.0, 117.9, -2.9, 10.5, 1.23, 12.2, 3.8, 11.3, 7.5, 10.0, 50.7, 56.2, 22.6, 103.79, 8.7, 3329
166, Bruce Brown , TOR, 27, 59, 25, 34, 28.3, 116.3, 119.8, -3.4, 13.0, 2.34, 20.9, 3.1, 12.8, 7.9, 8.9, 50.9, 55.3, 16.1, 103.32, 7.6, 3600
166, Cade Cunningham , DET, 22, 59, 8, 51, 33.5, 109.7, 118.3, -8.6, 35.9, 2.19, 24.3, 1.5, 11.5, 6.4, 11.1, 49.8, 54.3, 29.3, 100.85, 12.3, 4144
166, Caris LeVert , CLE, 29, 59, 34, 25, 28.6, 114.0, 111.4, 2.6, 26.8, 3.29, 25.7, 2.0, 11.6, 6.9, 7.8, 47.8, 51.4, 22.5, 99.65, 10.5, 3503
166, Miles Bridges , CHA, 26, 59, 14, 45, 37.6, 107.0, 119.2, -12.2, 14.6, 1.61, 13.7, 2.7, 17.8, 10.0, 8.5, 52.6, 55.4, 24.4, 98.73, 11.3, 4560
166, Naji Marshall , NOP, 26, 59, 39, 20, 19.1, 116.2, 107.2, 9.1, 14.3, 2.00, 21.5, 4.6, 14.2, 9.5, 10.8, 54.5, 57.9, 16.3, 101.21, 9.5, 2368
166, Tyrese Haliburton , IND, 24, 59, 33, 26, 32.3, 121.7, 116.6, 5.1, 45.9, 4.78, 37.2, 1.7, 10.1, 5.9, 7.8, 56.7, 60.2, 24.1, 103.98, 15.9, 4124
166, Walker Kessler , UTA, 22, 59, 26, 33, 23.7, 111.1, 115.5, -4.4, 5.6, 0.89, 11.2, 10.9, 20.2, 15.7, 12.6, 66.0, 66.0, 12.7, 100.98, 11.0, 2935
174, Al Horford , BOS, 37, 58, 46, 12, 27.0, 120.7, 109.0, 11.7, 12.7, 3.58, 26.6, 4.9, 18.0, 11.7, 7.4, 63.4, 64.6, 11.7, 99.08, 10.4, 3240
174, Amir Coffey , LAC, 26, 58, 39, 19, 19.5, 115.6, 119.3, -3.7, 6.9, 2.14, 16.4, 1.8, 8.0, 5.0, 7.7, 60.7, 64.2, 11.4, 100.84, 6.1, 2384
174, Andrew Nembhard , IND, 24, 58, 34, 24, 24.5, 115.2, 113.8, 1.4, 21.8, 2.67, 30.3, 2.2, 6.0, 4.1, 11.3, 55.5, 57.0, 16.6, 101.91, 7.7, 3004
174, Eric Gordon , PHX, 35, 58, 35, 23, 28.9, 117.1, 113.7, 3.4, 10.4, 1.93, 16.7, 1.1, 5.4, 3.4, 8.7, 58.3, 59.8, 16.4, 100.62, 7.3, 3512
174, Ivica Zubac , LAC, 27, 58, 35, 23, 26.2, 118.1, 112.2, 5.9, 7.4, 1.13, 12.3, 12.0, 22.9, 17.7, 10.9, 65.7, 67.5, 16.2, 96.88, 12.2, 3075
174, Kelly Oubre Jr. , PHI, 28, 58, 32, 26, 29.7, 113.6, 115.2, -1.6, 7.0, 1.21, 8.6, 4.4, 11.4, 7.8, 7.1, 49.7, 53.2, 21.5, 99.26, 7.7, 3555
174, Malachi Flynn , DET, 25, 58, 26, 32, 11.3, 105.1, 113.9, -8.8, 21.7, 2.21, 25.6, 2.3, 10.6, 6.3, 11.6, 49.5, 52.5, 17.3, 100.06, 8.0, 1366
174, Russell Westbrook , LAC, 35, 58, 38, 20, 22.6, 116.5, 113.7, 2.9, 27.6, 2.17, 25.5, 6.1, 15.5, 11.0, 11.8, 48.4, 51.1, 23.6, 102.41, 11.1, 2793
174, Santi Aldama , MEM, 23, 58, 22, 36, 26.5, 105.9, 113.7, -7.7, 13.7, 1.94, 16.8, 4.2, 17.3, 10.5, 8.6, 52.9, 54.0, 18.2, 98.31, 10.2, 3146
174, Zach Collins , SAS, 26, 58, 12, 46, 22.5, 105.7, 118.7, -13.1, 19.0, 1.43, 19.2, 7.2, 15.6, 11.3, 13.5, 53.0, 56.2, 21.9, 102.53, 8.8, 2785
184, Devin Booker , PHX, 27, 57, 36, 21, 35.7, 120.7, 114.4, 6.2, 29.7, 2.80, 22.1, 2.5, 10.3, 6.7, 7.9, 55.1, 60.9, 29.1, 100.11, 14.5, 4254
184, Duop Reath , POR, 27, 57, 15, 42, 17.9, 111.8, 117.7, -5.9, 9.0, 1.18, 10.5, 7.3, 13.3, 10.1, 8.9, 57.5, 59.6, 20.2, 98.29, 8.8, 2090
184, Jaylin Williams , OKC, 21, 57, 40, 17, 12.4, 115.4, 107.5, 7.9, 13.5, 3.48, 25.4, 4.2, 21.2, 12.9, 7.3, 50.8, 53.5, 12.9, 100.79, 8.8, 1486
184, Joe Ingles , ORL, 36, 57, 37, 20, 17.1, 115.9, 110.9, 5.0, 21.6, 3.13, 39.8, 2.0, 11.1, 6.6, 12.7, 57.4, 59.7, 11.2, 99.32, 8.0, 2024
184, Kenrich Williams , OKC, 29, 57, 41, 16, 14.3, 116.9, 106.8, 10.1, 11.5, 3.60, 23.1, 6.1, 14.4, 10.4, 6.4, 55.8, 55.6, 12.5, 101.20, 7.8, 1704
184, Max Christie , LAL, 21, 57, 31, 26, 15.6, 109.3, 111.1, -1.8, 8.2, 1.57, 16.8, 1.5, 12.0, 7.2, 10.7, 52.3, 55.2, 12.9, 103.93, 6.0, 1931
184, Miles McBride , NYK, 23, 57, 35, 22, 16.7, 106.2, 108.7, -2.5, 13.6, 3.64, 17.7, 1.9, 5.0, 3.4, 4.9, 57.2, 59.0, 16.8, 95.27, 8.2, 1886
184, Rui Hachimura , LAL, 26, 57, 32, 25, 25.8, 116.2, 114.0, 2.2, 5.7, 1.55, 9.0, 3.0, 11.1, 7.3, 5.8, 59.7, 61.5, 18.2, 101.92, 8.8, 3135
184, Trayce Jackson-Davis , GSW, 24, 57, 30, 27, 15.0, 115.0, 114.1, 0.9, 10.3, 1.68, 15.6, 11.3, 16.9, 14.1, 9.3, 71.4, 70.0, 16.0, 100.57, 12.8, 1791
193, Cam Thomas , BKN, 22, 56, 18, 38, 30.6, 111.2, 116.5, -5.3, 15.0, 1.52, 11.7, 1.3, 9.1, 5.1, 7.7, 50.1, 54.9, 29.4, 99.96, 10.2, 3569
193, Goga Bitadze , ORL, 24, 56, 31, 25, 16.5, 112.8, 109.5, 3.3, 11.9, 1.90, 22.0, 11.2, 18.4, 14.7, 11.5, 61.5, 63.7, 12.7, 97.47, 11.6, 1871
195, CJ McCollum , NOP, 32, 55, 37, 18, 31.5, 116.3, 111.7, 4.6, 20.2, 2.77, 20.4, 1.7, 11.5, 6.7, 7.4, 57.4, 59.3, 23.5, 99.46, 11.6, 3605
195, Cameron Johnson , BKN, 28, 55, 19, 36, 27.8, 112.0, 115.1, -3.1, 13.2, 2.45, 16.4, 3.2, 12.5, 7.6, 6.7, 56.6, 58.9, 19.1, 98.41, 9.9, 3150
195, Daniel Theis , LAC, 31, 55, 37, 18, 16.6, 117.1, 115.0, 2.2, 8.5, 1.57, 15.5, 8.6, 14.5, 11.6, 9.9, 56.9, 58.9, 14.8, 99.43, 7.9, 1902
195, Dennis Smith Jr. , BKN, 26, 55, 19, 36, 19.2, 110.0, 109.9, 0.1, 27.7, 2.99, 32.1, 4.6, 10.9, 7.7, 10.7, 48.2, 50.8, 17.4, 98.57, 9.2, 2151
195, Doug McDermott , IND, 32, 55, 16, 39, 14.7, 110.0, 120.3, -10.3, 10.5, 2.36, 18.6, 1.1, 5.6, 3.3, 7.9, 60.4, 60.6, 14.7, 103.74, 5.6, 1764
195, Dwight Powell , DAL, 32, 55, 33, 22, 13.8, 117.8, 114.2, 3.6, 12.7, 2.66, 32.0, 10.7, 13.5, 12.1, 12.0, 69.9, 73.4, 9.0, 102.57, 8.0, 1613
195, Haywood Highsmith , MIA, 27, 55, 32, 23, 19.4, 110.3, 111.4, -1.1, 7.4, 2.04, 15.8, 4.3, 9.8, 7.1, 7.7, 54.9, 56.3, 12.1, 97.87, 5.9, 2162
195, John Konchar , MEM, 28, 55, 18, 37, 21.3, 106.3, 112.2, -5.9, 13.0, 2.39, 29.3, 5.8, 16.4, 10.8, 12.3, 51.4, 53.7, 9.6, 98.73, 8.2, 2410
195, Josh Okogie , PHX, 25, 55, 34, 21, 17.0, 113.3, 111.2, 2.1, 9.1, 1.85, 18.4, 7.9, 8.0, 8.0, 9.9, 48.0, 54.5, 12.4, 100.93, 6.7, 1957
195, Onyeka Okongwu , ATL, 23, 55, 23, 32, 25.5, 118.1, 119.0, -0.9, 7.1, 1.64, 13.9, 9.9, 16.9, 13.2, 8.4, 64.2, 67.4, 13.4, 103.28, 9.4, 3020
205, Caleb Houstan , ORL, 21, 54, 29, 25, 14.0, 109.0, 112.3, -3.3, 5.1, 1.69, 11.2, 3.5, 6.9, 5.2, 6.6, 55.2, 57.0, 12.3, 96.19, 4.9, 1516
205, Caleb Martin , MIA, 28, 54, 30, 24, 27.3, 112.8, 111.9, 0.9, 10.9, 1.69, 16.1, 4.4, 12.7, 8.5, 9.5, 51.5, 54.3, 17.0, 96.41, 7.8, 2959
205, Dean Wade , CLE, 27, 54, 36, 18, 20.5, 111.9, 103.5, 8.3, 5.2, 2.15, 14.0, 3.3, 15.4, 9.4, 6.5, 58.4, 59.8, 10.1, 99.94, 7.3, 2300
205, Garrison Mathews , ATL, 27, 54, 24, 30, 13.9, 111.6, 115.0, -3.5, 5.1, 1.93, 14.0, 1.8, 8.2, 4.9, 7.2, 63.8, 65.8, 10.0, 101.59, 4.1, 1584
205, Jalen Duren , DET, 20, 54, 12, 42, 29.7, 109.8, 117.5, -7.7, 12.4, 1.19, 16.6, 10.7, 28.5, 19.6, 13.9, 62.5, 65.6, 17.7, 101.12, 13.7, 3365
205, Jamal Murray , DEN, 27, 54, 40, 14, 32.1, 119.3, 112.3, 7.0, 30.0, 3.16, 25.0, 2.3, 10.3, 6.5, 7.9, 54.5, 57.8, 26.9, 97.75, 13.4, 3527
205, Jerami Grant , POR, 30, 54, 17, 37, 33.9, 107.8, 117.5, -9.6, 13.8, 1.31, 12.2, 1.9, 8.7, 5.2, 9.3, 51.6, 57.3, 25.5, 98.26, 10.0, 3751
205, Jordan Clarkson , UTA, 31, 54, 22, 32, 30.5, 114.3, 119.8, -5.5, 24.5, 1.91, 20.7, 2.9, 8.2, 5.5, 10.9, 47.3, 52.4, 25.7, 100.82, 9.2, 3468
205, Josh Green , DAL, 23, 54, 31, 23, 26.6, 118.3, 118.9, -0.7, 11.0, 2.19, 22.3, 2.7, 9.4, 6.1, 10.2, 59.3, 60.4, 12.9, 101.42, 6.5, 3023
205, KJ Martin , PHI, 23, 54, 28, 26, 11.8, 111.2, 111.7, -0.4, 9.1, 1.65, 18.0, 4.6, 12.3, 8.3, 10.9, 56.2, 56.7, 12.7, 101.47, 5.7, 1344
205, Moses Moody , GSW, 21, 54, 28, 26, 17.1, 112.9, 111.3, 1.5, 6.0, 1.08, 8.7, 5.4, 11.0, 8.1, 8.0, 53.3, 56.4, 17.7, 101.36, 8.6, 1960
205, Terry Rozier , MIA, 30, 54, 18, 36, 33.9, 109.6, 118.0, -8.4, 27.9, 3.30, 23.2, 1.8, 11.1, 6.2, 7.0, 50.8, 54.8, 25.3, 98.47, 11.6, 3756
217, Day'Ron Sharpe , BKN, 22, 53, 20, 33, 15.6, 114.4, 108.9, 5.5, 14.2, 1.38, 17.8, 16.4, 23.5, 19.9, 12.9, 58.8, 60.5, 18.3, 99.40, 13.5, 1700
217, Keita Bates-Diop , BKN, 28, 53, 29, 24, 12.5, 109.3, 113.1, -3.8, 8.4, 2.53, 16.1, 4.9, 11.8, 8.5, 6.4, 49.7, 53.4, 12.8, 98.77, 7.8, 1366
217, Lauri Markkanen , UTA, 26, 53, 22, 31, 32.9, 117.8, 117.0, 0.8, 9.0, 1.45, 9.3, 6.6, 17.8, 12.2, 6.4, 57.6, 62.9, 24.0, 102.50, 13.6, 3723
217, Luke Kornet , BOS, 28, 53, 42, 11, 15.6, 119.7, 110.4, 9.2, 9.0, 2.75, 20.5, 11.9, 13.8, 12.8, 7.5, 68.0, 71.6, 10.9, 97.24, 10.9, 1668
217, RJ Barrett , TOR, 23, 53, 24, 29, 31.6, 114.1, 116.8, -2.7, 15.3, 1.60, 14.5, 2.6, 13.7, 8.1, 9.1, 54.2, 57.5, 25.2, 101.27, 10.5, 3526
217, Sam Merrill , CLE, 27, 53, 33, 20, 17.5, 110.2, 110.6, -0.4, 14.9, 5.47, 20.3, 2.0, 9.1, 5.5, 3.7, 58.5, 59.9, 17.0, 97.70, 9.1, 1904
217, Zeke Nnaji , DEN, 23, 53, 37, 16, 9.8, 102.2, 114.9, -12.8, 8.4, 1.11, 13.6, 10.3, 9.5, 9.9, 12.3, 46.7, 52.2, 15.4, 98.87, 6.1, 1063
224, Dyson Daniels , NOP, 21, 52, 30, 22, 21.9, 116.3, 111.2, 5.1, 15.2, 2.62, 29.1, 4.5, 12.0, 8.3, 11.1, 50.0, 51.8, 12.3, 100.38, 7.6, 2369
224, Isaiah Jackson , IND, 22, 52, 31, 21, 13.3, 113.5, 112.0, 1.5, 9.0, 1.31, 13.8, 11.5, 19.3, 15.4, 10.6, 66.0, 68.5, 17.0, 105.33, 12.3, 1516
224, JT Thor , CHA, 21, 52, 12, 40, 12.4, 107.1, 111.0, -3.9, 4.3, 1.54, 10.4, 5.6, 12.2, 8.8, 6.8, 45.1, 45.7, 11.1, 100.38, 4.5, 1349
224, James Wiseman , DET, 22, 52, 7, 45, 15.8, 106.7, 119.1, -12.4, 8.2, 0.88, 12.3, 10.5, 20.4, 15.3, 13.9, 65.0, 66.6, 15.8, 103.29, 10.1, 1760
224, Larry Nance Jr. , NOP, 31, 52, 31, 21, 19.3, 111.9, 107.2, 4.8, 11.9, 2.12, 25.3, 7.9, 18.4, 13.3, 11.9, 65.6, 67.6, 11.0, 100.61, 10.7, 2096
224, Scoot Henderson , POR, 20, 52, 16, 36, 27.2, 108.7, 120.0, -11.3, 27.5, 1.61, 22.5, 2.9, 8.4, 5.5, 14.0, 42.7, 48.3, 25.5, 99.36, 6.3, 2924
224, Trendon Watford , BKN, 23, 52, 19, 33, 11.1, 112.6, 113.0, -0.4, 14.7, 1.63, 17.3, 7.2, 15.3, 11.3, 10.6, 55.9, 60.7, 19.6, 99.17, 10.9, 1191
224, Vince Williams Jr. , MEM, 23, 52, 18, 34, 27.6, 108.4, 111.4, -3.0, 17.7, 1.90, 25.0, 3.9, 16.3, 9.9, 13.1, 55.0, 59.7, 15.5, 99.07, 9.6, 2964
232, Amen Thompson , HOU, 21, 51, 24, 27, 20.6, 111.4, 109.7, 1.7, 15.7, 1.65, 20.6, 8.5, 18.9, 13.5, 12.5, 54.3, 57.0, 17.4, 103.74, 11.4, 2261
232, Dereck Lively II , DAL, 20, 51, 31, 20, 23.9, 120.7, 116.6, 4.1, 6.1, 1.14, 13.6, 10.9, 17.4, 14.2, 11.9, 75.0, 73.1, 12.6, 100.98, 10.0, 2564
232, Jalen Johnson , ATL, 22, 51, 25, 26, 34.0, 114.1, 116.0, -1.9, 14.8, 2.05, 18.7, 3.6, 20.8, 12.0, 9.1, 56.4, 58.7, 18.2, 103.66, 11.5, 3743
232, Jalen Smith , IND, 24, 51, 29, 22, 17.6, 118.7, 118.6, 0.1, 7.9, 1.42, 11.8, 9.4, 22.0, 15.6, 8.3, 69.2, 70.0, 18.4, 103.11, 12.6, 1918
232, Kris Murray , POR, 23, 51, 10, 41, 19.0, 109.1, 111.8, -2.7, 8.9, 1.59, 16.4, 5.1, 11.1, 7.9, 10.3, 48.5, 49.8, 13.6, 98.64, 6.5, 1994
232, Kyle Lowry , PHI, 38, 51, 26, 25, 28.3, 110.2, 111.7, -1.4, 21.4, 3.03, 33.3, 2.1, 10.3, 6.1, 11.0, 54.2, 57.4, 13.0, 97.21, 7.8, 2927
232, Quentin Grimes , DET, 23, 51, 32, 19, 20.1, 108.1, 109.1, -0.9, 9.4, 2.36, 15.0, 1.3, 8.0, 4.6, 6.3, 49.5, 51.6, 15.5, 97.78, 5.9, 2079
232, Trae Young , ATL, 25, 51, 22, 29, 36.5, 116.3, 118.9, -2.6, 43.3, 2.51, 28.7, 1.1, 6.3, 3.6, 11.4, 51.2, 58.1, 29.2, 104.91, 13.2, 4066
232, Ziaire Williams , MEM, 22, 51, 20, 31, 20.3, 102.5, 112.4, -9.9, 11.8, 1.14, 13.6, 3.1, 13.8, 8.2, 12.0, 47.4, 51.1, 19.2, 100.40, 7.4, 2156
241, Andre Jackson Jr. , MIL, 22, 50, 31, 19, 10.3, 113.8, 119.0, -5.2, 11.9, 2.00, 28.9, 8.1, 11.9, 10.0, 14.5, 61.2, 62.3, 9.6, 102.75, 4.7, 1099
241, Blake Wesley , SAS, 21, 50, 12, 38, 13.4, 104.1, 114.0, -9.9, 26.3, 3.49, 35.9, 2.0, 7.6, 4.7, 10.3, 51.2, 54.6, 14.1, 103.98, 7.1, 1451
241, Bryce McGowens , CHA, 21, 50, 9, 41, 15.8, 104.6, 116.6, -12.0, 8.4, 1.77, 15.5, 2.0, 9.8, 5.8, 8.8, 53.1, 57.5, 13.8, 99.39, 5.8, 1637
241, Chris Boucher , TOR, 31, 50, 16, 34, 14.1, 116.0, 113.6, 2.4, 4.4, 0.82, 7.5, 8.4, 20.2, 14.2, 9.1, 57.8, 62.5, 16.7, 99.35, 10.6, 1456
241, Chris Duarte , SAC, 26, 50, 30, 20, 13.1, 111.9, 113.4, -1.5, 8.5, 1.91, 15.9, 3.4, 11.5, 7.3, 8.3, 51.3, 53.8, 14.2, 99.67, 5.8, 1350
241, Christian Wood , LAL, 28, 50, 28, 22, 17.4, 109.9, 109.9, 0.0, 7.9, 0.98, 12.1, 4.8, 22.6, 14.4, 12.3, 53.2, 56.8, 17.3, 101.73, 10.1, 1849
241, Gradey Dick , TOR, 20, 50, 16, 34, 19.3, 104.7, 118.1, -13.4, 9.5, 1.62, 14.4, 2.2, 8.3, 5.1, 8.9, 52.5, 54.7, 15.9, 102.34, 5.9, 2056
241, Jakob Poeltl , TOR, 28, 50, 21, 29, 26.4, 113.6, 114.2, -0.6, 13.1, 1.65, 20.3, 11.0, 21.4, 16.2, 12.3, 65.6, 65.3, 16.0, 100.54, 11.7, 2763
241, Jimmy Butler , MIA, 34, 50, 26, 24, 34.1, 115.8, 111.0, 4.8, 22.3, 2.80, 20.6, 5.6, 10.5, 8.1, 7.3, 53.7, 62.5, 24.1, 97.33, 14.7, 3447
241, Jose Alvarado , NOP, 25, 50, 34, 16, 17.8, 117.3, 104.8, 12.6, 15.8, 2.74, 22.2, 2.3, 9.6, 6.1, 8.1, 51.3, 53.1, 17.0, 99.87, 8.2, 1847
241, Lonnie Walker IV , BKN, 25, 50, 20, 30, 17.5, 114.0, 112.1, 1.8, 10.9, 1.37, 11.3, 1.1, 10.7, 5.9, 8.2, 54.8, 56.5, 23.7, 100.63, 9.3, 1841
252, Donovan Mitchell , CLE, 27, 49, 33, 16, 35.4, 116.1, 107.4, 8.7, 27.1, 2.11, 19.2, 2.5, 11.9, 7.3, 9.1, 55.2, 60.0, 30.6, 99.96, 15.6, 3620
252, Jonathan Isaac , ORL, 26, 49, 31, 18, 15.1, 114.3, 100.7, 13.6, 4.3, 0.92, 6.9, 8.7, 19.7, 14.4, 7.5, 59.5, 62.2, 16.9, 98.79, 14.4, 1519
252, Jordan Goodwin , MEM, 25, 49, 27, 22, 16.5, 104.6, 110.1, -5.4, 22.4, 2.59, 25.9, 6.3, 12.9, 9.6, 10.0, 42.6, 45.1, 17.5, 98.80, 8.9, 1661
252, Kristaps Porzingis , BOS, 28, 49, 38, 11, 29.5, 121.5, 109.3, 12.2, 9.3, 1.24, 10.0, 5.8, 15.8, 11.2, 8.1, 58.9, 64.8, 24.9, 101.11, 13.5, 3055
252, Mo Bamba , PHI, 25, 49, 25, 24, 13.0, 107.3, 110.9, -3.7, 8.9, 1.03, 14.7, 9.1, 20.8, 14.7, 14.3, 55.4, 56.7, 14.8, 97.73, 9.2, 1295
252, Nicolas Batum , PHI, 35, 49, 28, 21, 24.8, 117.7, 112.2, 5.5, 10.5, 3.19, 29.8, 4.8, 11.4, 8.1, 9.4, 59.5, 60.5, 8.4, 98.92, 6.3, 2499
252, Trey Lyles , SAC, 28, 49, 29, 20, 19.8, 118.2, 112.3, 5.9, 7.2, 1.77, 14.7, 4.9, 17.0, 11.0, 8.3, 58.2, 60.2, 13.7, 101.25, 8.2, 2040
252, Vasilije Micic , CHA, 30, 49, 30, 19, 17.7, 111.4, 110.2, 1.1, 29.0, 2.45, 32.5, 1.4, 6.0, 3.8, 13.3, 50.5, 54.2, 19.2, 97.97, 8.4, 1766
260, Dalen Terry , CHI, 21, 48, 22, 26, 10.5, 114.2, 112.2, 2.0, 15.6, 2.74, 28.8, 4.1, 13.6, 8.8, 10.5, 48.3, 50.8, 12.9, 99.15, 6.6, 1037
260, Kyrie Irving , DAL, 32, 48, 30, 18, 34.4, 119.3, 114.6, 4.7, 23.3, 3.07, 18.8, 2.2, 12.0, 7.2, 6.1, 56.4, 59.8, 27.5, 101.27, 14.5, 3480
260, Troy Brown Jr. , DET, 24, 48, 28, 20, 11.6, 108.9, 113.6, -4.8, 11.9, 2.04, 19.0, 3.1, 14.2, 8.8, 9.3, 52.8, 56.0, 14.9, 101.71, 8.0, 1184
263, AJ Green , MIL, 24, 47, 32, 15, 10.3, 115.6, 114.1, 1.5, 7.9, 3.38, 13.2, 1.8, 9.5, 5.8, 3.9, 61.8, 63.6, 16.0, 98.90, 7.5, 1000
263, Ben Sheppard , IND, 22, 47, 25, 22, 13.1, 118.3, 115.0, 3.3, 7.3, 4.00, 17.3, 1.6, 9.6, 5.5, 4.3, 52.3, 54.6, 12.4, 105.50, 4.9, 1345
263, Darius Garland , CLE, 24, 47, 26, 21, 33.2, 112.9, 110.7, 2.2, 28.8, 2.03, 24.4, 1.7, 5.9, 3.8, 12.0, 52.8, 56.6, 25.3, 98.14, 10.6, 3201
263, Deandre Ayton , POR, 25, 47, 12, 35, 32.3, 108.1, 115.5, -7.4, 8.2, 0.88, 9.7, 9.8, 24.9, 17.2, 11.0, 58.1, 59.7, 19.9, 97.82, 13.7, 3092
263, Justin Holiday , DEN, 34, 47, 31, 16, 14.4, 113.1, 111.0, 2.1, 9.7, 5.30, 25.1, 0.9, 7.5, 4.2, 4.7, 59.9, 60.2, 9.9, 99.80, 5.6, 1410
263, Kevin Love , MIA, 35, 47, 26, 21, 17.5, 115.0, 109.3, 5.7, 19.2, 2.76, 21.2, 5.9, 29.1, 17.4, 7.7, 56.4, 60.6, 20.3, 99.43, 14.4, 1697
263, Oshae Brissett , BOS, 25, 47, 40, 7, 11.7, 118.8, 107.2, 11.6, 8.4, 2.40, 17.1, 8.5, 14.6, 11.5, 7.1, 51.2, 55.2, 13.0, 100.62, 7.7, 1142
270, Anfernee Simons , POR, 24, 46, 11, 35, 34.4, 109.9, 120.5, -10.6, 26.8, 2.02, 19.8, 1.3, 9.7, 5.3, 9.8, 52.3, 56.8, 27.6, 97.90, 11.1, 3231
270, Chris Paul , GSW, 38, 46, 23, 23, 26.5, 113.8, 112.4, 1.4, 35.2, 6.17, 42.1, 1.4, 12.7, 7.1, 6.8, 53.1, 55.4, 15.0, 100.23, 12.0, 2558
270, Craig Porter Jr. , CLE, 24, 46, 28, 18, 13.4, 111.5, 114.0, -2.5, 26.4, 2.52, 27.9, 3.7, 14.0, 9.0, 11.1, 53.2, 56.3, 20.4, 97.33, 11.3, 1248
270, De'Andre Hunter , ATL, 26, 46, 21, 25, 28.5, 117.8, 118.4, -0.6, 6.7, 1.05, 9.0, 1.7, 11.0, 6.2, 8.6, 55.6, 60.7, 20.1, 101.55, 8.1, 2768
270, Gary Harris , ORL, 29, 46, 31, 15, 23.0, 113.4, 109.9, 3.5, 9.3, 2.77, 19.7, 2.0, 5.3, 3.7, 7.1, 58.3, 60.0, 12.0, 98.67, 6.1, 2172
270, Isaiah Stewart , DET, 22, 46, 9, 37, 30.9, 110.3, 114.5, -4.2, 6.9, 1.11, 13.1, 5.3, 16.1, 10.7, 11.8, 57.5, 60.0, 14.3, 100.63, 8.1, 2979
270, Julius Randle , NYK, 29, 46, 29, 17, 35.4, 119.7, 113.8, 6.0, 21.7, 1.44, 16.9, 5.9, 19.8, 12.8, 11.7, 51.8, 56.9, 28.7, 98.84, 13.4, 3364
270, Khris Middleton , MIL, 32, 46, 29, 17, 26.4, 120.3, 114.2, 6.1, 26.6, 2.39, 26.1, 2.6, 13.0, 8.1, 10.9, 56.6, 59.6, 23.2, 102.78, 11.7, 2607
270, Landry Shamet , WAS, 27, 46, 6, 40, 15.8, 109.3, 119.2, -9.9, 10.4, 1.80, 14.4, 2.1, 6.5, 4.2, 8.0, 52.7, 55.6, 18.1, 103.63, 5.8, 1571
270, MarJon Beauchamp , MIL, 23, 46, 30, 16, 12.9, 113.6, 114.5, -0.9, 6.6, 1.11, 13.2, 3.8, 12.0, 8.0, 11.9, 56.7, 58.2, 13.8, 103.54, 6.0, 1279
270, Trey Murphy III , NOP, 23, 46, 30, 16, 27.7, 115.1, 105.8, 9.2, 10.2, 3.54, 14.1, 2.4, 13.1, 7.9, 4.0, 56.7, 59.7, 18.9, 99.42, 10.9, 2645
281, Bojan Bogdanovic , NYK, 34, 45, 12, 33, 28.4, 109.7, 121.7, -12.1, 10.7, 0.99, 10.9, 1.4, 9.4, 5.3, 11.1, 54.6, 57.8, 24.0, 99.91, 8.1, 2662
281, Danilo Gallinari , MIL, 35, 45, 15, 30, 13.1, 110.8, 119.5, -8.7, 12.6, 2.89, 18.3, 3.1, 14.6, 8.8, 6.3, 51.9, 60.1, 16.8, 101.33, 9.3, 1255
281, Draymond Green , GSW, 34, 45, 25, 20, 27.0, 116.0, 111.9, 4.1, 27.6, 2.50, 37.2, 5.0, 20.3, 12.7, 14.9, 55.3, 57.8, 15.2, 103.45, 10.8, 2626
281, Jordan McLaughlin , MIN, 27, 45, 28, 17, 10.3, 105.9, 99.8, 6.1, 24.6, 5.60, 38.5, 2.9, 9.4, 6.1, 6.9, 61.1, 61.7, 12.1, 101.70, 11.4, 989
281, Keon Ellis , SAC, 24, 45, 28, 17, 14.6, 117.6, 108.9, 8.6, 11.7, 2.70, 25.6, 2.9, 8.7, 5.8, 9.5, 60.2, 60.8, 11.6, 100.40, 6.2, 1366
281, Marvin Bagley III , WAS, 25, 45, 5, 40, 21.1, 110.2, 117.1, -6.9, 8.5, 1.00, 10.2, 12.3, 17.1, 14.6, 10.2, 58.3, 61.7, 20.4, 103.08, 11.5, 2036
281, Talen Horton-Tucker , UTA, 23, 45, 12, 33, 19.5, 113.1, 118.1, -4.9, 27.5, 2.86, 24.9, 2.2, 9.7, 5.9, 8.7, 45.4, 49.9, 23.0, 100.44, 9.1, 1837
281, Xavier Tillman , BOS, 25, 45, 24, 21, 19.4, 106.1, 109.4, -3.3, 11.4, 2.09, 18.4, 7.0, 15.0, 10.8, 8.8, 45.3, 45.7, 14.4, 99.63, 7.5, 1806
289, Dalano Banton , POR, 24, 44, 22, 22, 15.7, 108.4, 115.5, -7.2, 16.5, 1.55, 16.0, 4.6, 12.3, 8.3, 10.3, 46.7, 50.9, 23.0, 98.47, 8.6, 1420
289, Dante Exum , DAL, 28, 44, 27, 17, 19.3, 121.5, 113.2, 8.4, 18.2, 3.18, 28.0, 2.4, 10.5, 6.6, 8.8, 62.9, 65.4, 15.9, 101.94, 9.8, 1801
289, Jaden Springer , BOS, 21, 44, 29, 15, 10.0, 109.3, 113.4, -4.2, 13.4, 1.33, 18.1, 7.1, 8.2, 7.6, 13.6, 41.0, 46.7, 17.1, 99.87, 4.9, 908
289, Jock Landale , HOU, 28, 44, 22, 22, 11.1, 113.2, 102.5, 10.8, 11.5, 2.15, 20.5, 12.7, 10.0, 11.3, 9.5, 49.2, 54.6, 13.5, 103.59, 8.6, 1050
289, Kessler Edwards , SAC, 23, 44, 27, 17, 4.9, 99.3, 101.1, -1.7, 7.6, 5.50, 13.8, 3.0, 13.5, 8.0, 2.5, 53.1, 54.0, 12.9, 103.55, 7.8, 461
289, Mike Muscala , OKC, 32, 44, 12, 32, 12.1, 107.0, 115.2, -8.2, 8.6, 1.89, 16.3, 5.8, 14.1, 9.9, 8.7, 45.1, 47.6, 13.6, 102.80, 5.2, 1144
289, Nick Smith Jr. , CHA, 19, 44, 8, 36, 14.5, 102.3, 115.1, -12.8, 13.4, 1.49, 15.5, 2.5, 7.1, 4.7, 10.4, 50.0, 51.1, 19.6, 97.35, 5.2, 1290
289, OG Anunoby , NYK, 26, 44, 26, 18, 34.1, 117.7, 107.2, 10.5, 8.8, 1.41, 13.9, 2.8, 9.5, 6.2, 9.8, 58.0, 60.0, 17.3, 99.16, 8.4, 3099
289, Seth Curry , CHA, 33, 44, 25, 19, 14.0, 110.6, 107.5, 3.1, 10.0, 2.10, 15.9, 2.8, 7.8, 5.3, 7.6, 48.5, 51.9, 15.9, 100.77, 6.7, 1301
289, Shake Milton , NYK, 27, 44, 29, 15, 12.7, 104.0, 109.9, -5.9, 14.5, 1.81, 18.9, 2.3, 9.5, 5.9, 10.5, 44.4, 49.4, 17.5, 103.77, 6.3, 1216
289, Wendell Carter Jr. , ORL, 24, 44, 25, 19, 26.1, 110.4, 109.7, 0.7, 9.9, 1.35, 14.5, 8.3, 20.3, 14.2, 10.7, 60.3, 62.7, 17.3, 97.69, 11.3, 2340
300, Ish Smith , CHA, 35, 43, 6, 37, 17.2, 101.7, 119.2, -17.5, 26.8, 3.09, 41.2, 1.4, 9.4, 5.1, 13.4, 43.0, 43.5, 11.9, 100.59, 5.7, 1549
300, Josh Richardson , MIA, 30, 43, 24, 19, 25.6, 108.7, 113.7, -5.0, 14.4, 2.92, 20.7, 1.7, 9.4, 5.6, 7.1, 53.9, 57.3, 15.9, 98.56, 8.0, 2267
300, Patrick Williams , CHI, 22, 43, 19, 24, 27.3, 114.3, 115.5, -1.2, 7.7, 1.16, 12.9, 3.9, 10.5, 7.1, 11.1, 52.5, 55.3, 16.3, 97.59, 6.6, 2393
303, Bradley Beal , PHX, 30, 42, 26, 16, 33.0, 117.3, 114.2, 3.2, 21.7, 2.00, 22.2, 2.9, 9.5, 6.4, 11.1, 56.4, 59.2, 23.1, 100.31, 10.2, 2894
303, Cam Reddish , LAL, 24, 42, 24, 18, 22.1, 111.5, 112.1, -0.6, 6.3, 1.52, 14.4, 2.5, 7.3, 5.0, 9.5, 47.8, 51.5, 12.6, 103.04, 4.7, 1996
303, Chuma Okeke , ORL, 25, 42, 21, 21, 9.8, 100.5, 107.5, -7.0, 7.5, 1.36, 13.4, 4.0, 14.5, 9.0, 9.9, 47.2, 47.2, 12.8, 97.03, 6.8, 833
303, Jordan Nwora , TOR, 25, 42, 13, 29, 12.2, 104.7, 115.5, -10.8, 12.3, 1.20, 13.3, 3.4, 15.7, 9.6, 11.1, 53.4, 56.7, 21.5, 105.66, 10.0, 1136
303, Killian Hayes , DET, 22, 42, 7, 35, 24.0, 106.5, 117.6, -11.1, 26.8, 4.02, 36.8, 1.1, 10.7, 5.9, 9.2, 45.2, 47.4, 14.7, 102.49, 7.7, 2149
303, Torrey Craig , CHI, 33, 42, 17, 25, 20.8, 110.2, 118.3, -8.1, 7.6, 1.81, 16.2, 6.6, 14.4, 10.3, 8.9, 55.4, 57.1, 12.4, 97.75, 6.5, 1765
309, Delon Wright , MIA, 31, 41, 11, 30, 15.0, 108.4, 111.7, -3.3, 22.1, 8.33, 34.4, 2.5, 9.5, 5.9, 4.1, 43.5, 48.0, 13.1, 100.88, 9.0, 1292
309, Gordon Hayward , OKC, 34, 41, 19, 22, 26.2, 112.7, 119.7, -7.0, 18.3, 2.45, 24.3, 3.2, 12.1, 7.5, 9.9, 49.7, 53.8, 17.9, 100.10, 8.7, 2245
309, JaVale McGee , SAC, 36, 41, 25, 16, 7.8, 108.9, 110.8, -1.8, 7.1, 0.47, 8.0, 11.4, 22.6, 17.0, 17.1, 61.9, 62.4, 21.2, 104.62, 12.6, 706
309, Jalen McDaniels , TOR, 26, 41, 10, 31, 9.5, 101.1, 112.1, -11.0, 9.8, 1.14, 13.0, 3.1, 11.4, 7.3, 11.4, 39.1, 41.7, 17.7, 101.83, 4.0, 828
309, Jericho Sims , NYK, 25, 41, 26, 15, 13.4, 108.8, 111.0, -2.2, 6.0, 1.50, 24.0, 9.3, 15.8, 12.5, 16.0, 71.7, 72.0, 6.0, 93.54, 7.8, 1068
309, Julian Strawther , DEN, 21, 41, 28, 13, 12.1, 105.2, 117.1, -11.9, 12.1, 2.47, 15.6, 0.7, 9.2, 4.9, 6.3, 47.0, 48.8, 18.7, 101.42, 5.7, 1055
309, Marcus Morris Sr. , CLE, 34, 41, 23, 18, 17.6, 111.3, 114.1, -2.8, 6.7, 1.33, 10.4, 2.5, 14.7, 8.4, 7.8, 52.8, 55.8, 16.2, 98.05, 7.8, 1476
309, Tristan Thompson , CLE, 33, 41, 25, 16, 12.4, 115.7, 112.0, 3.7, 12.7, 1.70, 22.8, 13.3, 17.5, 15.5, 13.4, 65.1, 60.2, 12.9, 97.94, 9.5, 1037
317, Anthony Gill , WAS, 31, 40, 7, 33, 6.3, 117.1, 105.7, 11.4, 10.5, 1.11, 15.8, 8.8, 12.8, 10.9, 14.3, 51.3, 56.3, 17.7, 106.01, 8.5, 555
317, Chimezie Metu , DET, 27, 40, 22, 18, 13.2, 108.1, 113.9, -5.9, 7.0, 0.76, 10.8, 5.7, 18.4, 12.4, 14.2, 55.4, 61.5, 16.7, 100.80, 9.7, 1114
317, Cody Zeller , NOP, 31, 40, 24, 16, 7.6, 115.1, 106.8, 8.3, 14.5, 2.40, 28.1, 13.6, 18.7, 16.1, 11.7, 42.5, 48.2, 11.8, 104.53, 7.8, 664
317, Desmond Bane , MEM, 25, 40, 14, 26, 34.3, 108.3, 114.8, -6.5, 26.4, 2.01, 18.9, 2.4, 10.4, 6.2, 9.4, 55.2, 58.8, 27.5, 100.61, 12.9, 2880
317, Jae Crowder , MIL, 33, 40, 23, 17, 23.8, 114.2, 116.0, -1.8, 7.9, 3.17, 18.9, 2.3, 11.8, 6.9, 6.0, 56.3, 57.4, 11.0, 101.74, 6.1, 2017
317, Johnny Davis , WAS, 22, 40, 6, 34, 10.8, 103.6, 112.5, -9.0, 5.7, 2.38, 12.4, 3.2, 9.0, 5.9, 5.2, 37.8, 39.4, 12.4, 105.93, 2.8, 950
317, Julian Phillips , CHI, 20, 40, 20, 20, 8.1, 112.1, 111.7, 0.4, 5.2, 1.30, 12.1, 3.5, 7.7, 5.5, 9.3, 49.4, 52.1, 12.1, 100.90, 3.0, 675
324, Evan Mobley , CLE, 22, 39, 24, 15, 30.9, 108.9, 108.2, 0.6, 14.9, 1.56, 17.1, 7.7, 22.8, 15.6, 10.9, 59.3, 61.8, 20.1, 100.73, 14.4, 2527
324, Malcolm Brogdon , POR, 31, 39, 15, 24, 28.7, 110.7, 114.5, -3.7, 30.1, 3.57, 26.1, 2.4, 10.8, 6.5, 7.3, 52.2, 56.0, 22.6, 99.51, 12.2, 2326
324, Nassir Little , PHX, 24, 39, 24, 15, 11.2, 103.6, 112.2, -8.6, 6.7, 1.54, 13.1, 3.1, 12.1, 7.8, 8.5, 54.5, 57.5, 12.5, 101.63, 7.1, 929
327, Cam Whitmore , HOU, 19, 38, 16, 22, 17.8, 108.4, 110.0, -1.6, 4.3, 0.50, 3.9, 4.3, 16.0, 9.9, 7.8, 54.8, 56.8, 25.8, 104.43, 11.6, 1470
327, Omer Yurtseven , UTA, 25, 38, 15, 23, 9.5, 104.6, 115.9, -11.3, 7.8, 0.69, 11.0, 12.1, 25.1, 18.3, 16.0, 57.7, 58.7, 16.4, 101.15, 10.4, 760
327, Richaun Holmes , WAS, 30, 38, 12, 26, 13.5, 109.2, 116.0, -6.8, 6.1, 1.10, 11.6, 11.6, 19.2, 15.3, 10.6, 56.3, 59.5, 14.1, 102.35, 9.0, 1091
327, Sandro Mamukelashvili , SAS, 24, 38, 8, 30, 6.4, 109.7, 104.5, 5.2, 18.5, 3.56, 24.2, 9.6, 17.4, 13.3, 6.8, 52.4, 54.7, 16.3, 105.72, 10.9, 538
331, GG Jackson , MEM, 19, 37, 11, 26, 23.6, 103.3, 109.1, -5.7, 7.4, 0.80, 6.9, 4.6, 10.9, 7.7, 8.7, 53.2, 56.9, 23.4, 99.99, 9.9, 1814
331, Jacob Gilyard , BKN, 25, 37, 10, 27, 17.7, 106.3, 118.4, -12.1, 29.8, 4.52, 43.1, 1.1, 5.7, 3.3, 9.5, 59.4, 59.7, 11.5, 97.43, 8.1, 1329
331, Kobe Brown , LAC, 24, 37, 25, 12, 8.0, 110.4, 120.7, -10.3, 7.6, 2.43, 18.9, 3.2, 12.6, 7.8, 7.8, 49.2, 49.3, 10.1, 99.32, 3.4, 615
334, Alex Len , SAC, 30, 36, 19, 17, 9.0, 117.5, 102.0, 15.5, 12.3, 1.60, 24.6, 10.6, 18.3, 14.4, 15.4, 60.6, 61.6, 12.3, 102.43, 9.6, 690
334, Bismack Biyombo , OKC, 31, 36, 17, 19, 21.0, 110.8, 114.6, -3.8, 9.1, 1.26, 22.0, 7.7, 17.7, 12.7, 17.4, 55.3, 55.2, 10.5, 99.30, 6.2, 1562
334, De'Anthony Melton , PHI, 25, 36, 23, 13, 27.8, 121.9, 111.9, 10.0, 14.2, 2.82, 20.6, 2.7, 11.0, 6.8, 7.3, 49.9, 54.0, 17.6, 101.25, 7.9, 2115
334, Eugene Omoruyi , WAS, 27, 36, 4, 32, 7.9, 96.7, 112.7, -16.0, 16.0, 1.50, 14.8, 9.0, 15.2, 11.9, 9.9, 51.7, 55.0, 21.4, 108.23, 9.8, 632
334, Luke Kennard , MEM, 27, 36, 13, 23, 25.2, 107.4, 115.3, -7.9, 20.3, 2.64, 25.6, 1.2, 10.4, 5.7, 9.7, 62.5, 65.0, 16.5, 99.58, 10.1, 1878
334, Mason Plumlee , LAC, 34, 36, 22, 14, 14.7, 117.3, 117.0, 0.4, 10.2, 1.52, 18.6, 9.7, 25.0, 17.8, 12.2, 61.7, 65.9, 14.5, 100.24, 11.4, 1109
334, Tyler Herro , MIA, 24, 36, 19, 17, 33.6, 112.0, 112.7, -0.7, 21.4, 2.05, 17.3, 1.5, 14.1, 7.8, 8.4, 52.7, 54.9, 26.9, 98.97, 11.6, 2491
341, Furkan Korkmaz , PHI, 26, 35, 22, 13, 8.6, 116.5, 110.2, 6.4, 10.8, 2.50, 21.2, 1.3, 8.7, 4.9, 8.5, 48.7, 51.9, 12.6, 104.27, 6.1, 653
341, Gary Payton II , GSW, 31, 35, 19, 16, 15.2, 113.9, 110.1, 3.8, 10.2, 1.86, 19.3, 7.4, 10.2, 8.8, 10.4, 58.2, 58.8, 12.6, 104.96, 7.5, 1161
341, Nikola Jovic , MIA, 20, 35, 17, 18, 18.1, 116.0, 106.7, 9.3, 13.2, 1.80, 21.0, 3.1, 18.7, 11.0, 11.7, 55.6, 56.6, 16.5, 98.00, 8.1, 1296
341, Sasha Vezenkov , SAC, 28, 35, 18, 17, 12.6, 113.5, 112.1, 1.4, 4.7, 1.36, 7.7, 6.6, 12.7, 9.6, 5.6, 56.4, 57.4, 17.1, 103.05, 8.5, 939
345, Danuel House Jr. , PHI, 30, 34, 21, 13, 15.0, 109.9, 107.7, 2.3, 7.5, 1.47, 16.4, 3.0, 8.1, 5.5, 11.1, 51.9, 57.5, 11.6, 101.74, 5.3, 1077
345, Joel Embiid , PHI, 30, 34, 26, 8, 34.0, 120.6, 110.5, 10.1, 31.2, 1.53, 15.5, 7.8, 24.1, 16.3, 10.1, 56.0, 64.5, 38.6, 101.01, 22.6, 2429
345, Luka Samanic , UTA, 24, 34, 13, 21, 7.1, 109.4, 109.8, -0.4, 5.3, 0.60, 6.9, 4.8, 18.6, 12.1, 11.5, 42.1, 48.2, 20.0, 105.77, 6.8, 533
345, Olivier-Maxence Prosper , DAL, 21, 34, 20, 14, 7.7, 103.0, 113.6, -10.6, 10.0, 3.80, 16.7, 5.8, 15.9, 10.5, 4.4, 40.5, 46.7, 14.3, 105.05, 7.4, 576
345, Skylar Mays , LAL, 26, 34, 12, 22, 12.5, 104.0, 114.9, -10.9, 29.4, 4.20, 31.3, 2.1, 8.4, 5.0, 7.5, 44.9, 46.8, 18.1, 99.36, 8.9, 879
345, Thomas Bryant , MIA, 26, 34, 19, 15, 11.1, 111.9, 113.2, -1.3, 8.4, 1.31, 12.2, 8.4, 22.5, 15.4, 9.3, 57.3, 63.0, 17.3, 98.48, 11.2, 772
345, Yuta Watanabe , MEM, 29, 34, 18, 16, 13.7, 107.4, 114.7, -7.3, 4.5, 0.79, 9.5, 2.3, 8.8, 5.6, 12.0, 46.1, 47.4, 12.9, 99.95, 3.0, 969
352, A.J. Lawson , DAL, 23, 33, 20, 13, 7.4, 111.6, 108.0, 3.6, 7.8, 1.40, 11.0, 4.2, 8.2, 6.2, 7.9, 53.7, 55.2, 17.7, 107.42, 7.5, 552
352, Bol Bol , PHX, 24, 33, 22, 11, 11.3, 111.5, 108.2, 3.3, 5.6, 0.93, 8.5, 7.5, 19.2, 13.9, 9.1, 68.6, 69.6, 16.4, 101.35, 13.7, 792
352, Bruno Fernando , ATL, 25, 33, 15, 18, 13.2, 108.8, 110.3, -1.5, 8.2, 0.89, 12.1, 10.8, 20.9, 16.0, 13.6, 56.9, 59.9, 17.3, 99.15, 10.6, 898
352, Markelle Fultz , ORL, 25, 33, 20, 13, 21.6, 110.0, 106.6, 3.4, 20.0, 2.61, 25.0, 6.1, 9.5, 7.8, 9.6, 47.4, 48.5, 17.7, 99.20, 8.7, 1472
352, Maxi Kleber , DAL, 32, 33, 19, 14, 20.9, 116.6, 112.8, 3.9, 10.0, 2.62, 26.2, 2.9, 12.8, 8.0, 10.0, 51.7, 54.3, 9.6, 101.96, 5.1, 1468
357, Damian Jones , CLE, 28, 32, 21, 11, 7.5, 96.9, 110.9, -13.9, 9.6, 1.08, 14.7, 7.6, 17.3, 12.3, 13.7, 60.7, 65.2, 14.6, 96.50, 11.1, 490
357, Davis Bertans , CHA, 31, 32, 17, 15, 13.5, 105.6, 110.1, -4.5, 8.7, 2.60, 13.3, 1.5, 8.4, 4.8, 5.1, 53.6, 56.9, 16.6, 99.99, 7.2, 908
357, Jalen Wilson , BKN, 23, 32, 8, 24, 13.8, 113.5, 117.4, -3.9, 10.5, 2.50, 19.6, 7.5, 12.0, 9.6, 7.8, 49.2, 54.3, 13.5, 97.15, 7.1, 897
357, Jeremiah Robinson-Earl , NOP, 23, 32, 18, 14, 9.5, 107.5, 108.6, -1.1, 9.4, 1.67, 16.1, 6.7, 14.2, 10.5, 9.7, 56.5, 59.0, 13.9, 102.38, 9.5, 643
357, Reggie Bullock Jr. , HOU, 33, 32, 18, 14, 9.7, 108.8, 110.7, -2.0, 5.0, 1.50, 13.8, 1.5, 15.5, 8.5, 9.2, 56.0, 56.3, 10.0, 101.07, 6.5, 650
357, Shaedon Sharpe , POR, 20, 32, 8, 24, 33.1, 105.8, 116.0, -10.3, 13.8, 1.31, 14.5, 3.6, 11.6, 7.3, 11.1, 47.5, 52.4, 22.0, 99.67, 8.0, 2190
357, Svi Mykhailiuk , BOS, 26, 32, 26, 6, 8.8, 117.6, 103.4, 14.1, 8.7, 2.11, 15.1, 2.8, 9.2, 6.1, 7.1, 49.5, 50.0, 15.7, 99.11, 6.2, 581
357, Trent Forrest , ATL, 25, 32, 15, 17, 11.0, 104.7, 113.7, -9.1, 30.4, 5.27, 45.1, 2.2, 10.1, 5.9, 8.6, 39.2, 43.0, 11.6, 99.23, 7.0, 729
365, Bones Hyland , LAC, 23, 31, 18, 13, 14.0, 107.3, 112.6, -5.3, 24.7, 1.82, 23.1, 1.0, 6.8, 4.0, 12.7, 45.2, 47.0, 23.3, 99.49, 6.0, 901
365, DeAndre Jordan , DEN, 35, 31, 21, 10, 11.5, 106.1, 116.3, -10.1, 9.5, 1.10, 15.2, 12.9, 23.5, 18.2, 13.9, 63.1, 61.3, 15.0, 97.19, 11.0, 720
365, Dominick Barlow , SAS, 20, 31, 5, 26, 12.9, 113.2, 118.4, -5.2, 12.1, 5.14, 20.7, 10.0, 16.5, 13.1, 4.0, 51.8, 55.6, 14.2, 101.16, 8.9, 844
365, Kevin Knox II , DET, 24, 31, 4, 27, 18.1, 109.4, 117.2, -7.8, 5.7, 1.05, 9.6, 3.0, 10.8, 6.6, 9.2, 54.6, 57.0, 15.7, 103.16, 6.2, 1208
365, Lamar Stevens , MEM, 26, 31, 19, 12, 12.3, 101.7, 101.9, -0.2, 7.6, 0.70, 7.5, 6.3, 14.3, 10.5, 10.7, 50.6, 53.6, 22.0, 98.94, 11.1, 784
365, Lester Quinones , GSW, 23, 31, 18, 13, 11.7, 109.6, 109.3, 0.3, 11.7, 1.94, 17.1, 4.9, 13.2, 8.9, 8.8, 50.8, 53.1, 16.3, 101.41, 6.6, 769
365, Lindy Waters III , OKC, 26, 31, 21, 10, 6.4, 102.4, 108.2, -5.8, 12.6, 2.67, 17.6, 1.9, 12.4, 7.2, 6.6, 58.7, 59.0, 16.0, 100.59, 8.1, 420
365, Orlando Robinson , MIA, 23, 31, 17, 14, 9.6, 114.3, 109.0, 5.2, 16.4, 2.00, 25.4, 9.7, 19.3, 14.6, 12.7, 55.6, 59.6, 14.5, 97.86, 9.9, 603
365, Ousmane Dieng , OKC, 20, 31, 19, 12, 11.0, 110.3, 109.5, 0.8, 13.7, 1.94, 20.5, 2.9, 11.1, 7.1, 10.6, 51.0, 54.0, 16.0, 99.76, 7.2, 707
374, Wesley Matthews , ATL, 37, 30, 8, 22, 11.2, 108.9, 115.5, -6.6, 7.5, 3.00, 16.7, 1.0, 10.9, 5.7, 5.6, 48.6, 52.6, 11.2, 102.44, 4.8, 710
375, Jared Butler , WAS, 23, 29, 4, 25, 10.9, 109.0, 113.2, -4.2, 31.8, 2.34, 31.1, 1.2, 7.4, 4.3, 13.2, 54.8, 57.8, 19.8, 102.15, 9.8, 669
375, Jarred Vanderbilt , LAL, 24, 29, 14, 15, 20.0, 113.6, 109.4, 4.2, 7.7, 1.29, 18.7, 7.3, 16.4, 12.0, 14.5, 55.3, 57.8, 11.1, 103.85, 7.7, 1253
375, Robert Covington , PHI, 33, 29, 20, 9, 16.8, 115.6, 103.6, 12.1, 6.4, 2.18, 16.8, 6.4, 12.7, 9.7, 7.7, 53.6, 58.0, 10.4, 98.87, 7.9, 998
375, Taylor Hendricks , UTA, 20, 29, 11, 18, 19.3, 109.0, 116.7, -7.7, 3.8, 0.80, 7.8, 5.9, 16.1, 11.0, 9.8, 52.8, 55.0, 13.7, 102.82, 6.6, 1201
375, Thanasis Antetokounmpo , MIL, 31, 29, 19, 10, 4.7, 100.7, 110.7, -10.0, 14.7, 1.17, 26.4, 5.0, 4.3, 4.6, 22.6, 50.0, 48.4, 12.3, 101.63, 1.1, 288
375, Tre Mann , CHA, 23, 29, 17, 12, 21.2, 103.1, 109.9, -6.8, 24.7, 3.00, 28.6, 2.5, 14.7, 8.6, 9.5, 53.7, 55.4, 17.8, 97.05, 11.4, 1250
381, Cody Martin , CHA, 28, 28, 7, 21, 26.9, 106.4, 116.9, -10.5, 19.2, 2.36, 27.6, 2.4, 12.4, 7.2, 11.7, 44.4, 46.0, 15.7, 98.10, 6.6, 1541
381, Patrick Baldwin Jr. , WAS, 21, 28, 5, 23, 9.9, 103.1, 104.3, -1.2, 8.9, 1.50, 14.2, 3.8, 20.2, 11.9, 9.4, 45.6, 48.3, 15.8, 105.59, 7.7, 609
381, Patty Mills , MIA, 35, 28, 13, 15, 12.5, 109.5, 108.4, 1.1, 11.8, 2.21, 19.7, 2.3, 7.4, 4.6, 8.9, 43.7, 44.8, 14.9, 100.32, 4.3, 733
381, Rayan Rupert , POR, 19, 28, 5, 23, 10.2, 106.5, 112.5, -6.0, 14.4, 2.00, 23.3, 4.5, 12.6, 8.2, 11.6, 46.1, 49.7, 14.1, 101.34, 5.9, 602
381, Terry Taylor , CHI, 24, 28, 11, 17, 6.2, 108.5, 104.7, 3.8, 6.6, 1.29, 16.7, 8.6, 10.5, 9.6, 13.0, 54.1, 54.8, 11.0, 100.20, 5.8, 366
381, Thaddeus Young , PHX, 35, 28, 8, 20, 13.9, 117.0, 119.7, -2.7, 18.3, 4.08, 31.0, 9.9, 13.1, 11.5, 7.6, 61.1, 59.9, 12.9, 98.91, 9.2, 800
387, Jarace Walker , IND, 20, 27, 13, 14, 10.1, 115.6, 114.0, 1.6, 12.1, 2.15, 19.9, 4.0, 15.4, 9.5, 9.2, 47.9, 50.0, 16.3, 105.59, 7.4, 601
388, Brandon Boston Jr. , LAC, 22, 26, 15, 11, 8.5, 104.8, 123.3, -18.5, 5.0, 0.64, 5.6, 4.8, 8.6, 6.7, 8.7, 46.9, 49.7, 22.4, 99.08, 4.7, 457
388, Cory Joseph , GSW, 32, 26, 10, 16, 11.4, 114.2, 117.2, -3.0, 17.4, 3.50, 34.7, 1.9, 8.3, 5.0, 9.9, 46.1, 47.0, 10.8, 102.20, 4.2, 633
388, Jake LaRavia , MEM, 22, 26, 5, 21, 19.8, 101.2, 110.2, -9.0, 11.5, 1.62, 12.3, 6.6, 9.6, 8.1, 7.6, 42.1, 49.5, 19.4, 98.72, 7.9, 1055
388, Jontay Porter , TOR, 24, 26, 6, 20, 13.8, 105.8, 115.0, -9.2, 22.6, 2.86, 30.9, 7.1, 15.3, 11.2, 10.8, 48.1, 51.4, 15.5, 103.94, 9.3, 779
388, Neemias Queta , BOS, 24, 26, 22, 4, 11.4, 128.9, 108.8, 20.1, 6.1, 1.40, 12.0, 15.3, 19.6, 17.5, 8.5, 61.4, 63.6, 14.5, 97.70, 10.8, 599
393, Justin Minaya , POR, 24, 25, 2, 23, 7.9, 100.0, 105.4, -5.4, 6.6, 1.50, 15.8, 5.8, 8.2, 6.8, 10.5, 34.2, 36.1, 10.0, 97.84, 2.8, 403
393, Maxwell Lewis , LAL, 21, 25, 12, 13, 3.3, 74.7, 105.0, -30.3, 11.1, 0.71, 20.0, 1.2, 2.3, 1.7, 28.0, 26.9, 26.9, 10.0, 106.19, -1.7, 182
393, Nathan Mensah , CHA, 25, 25, 3, 22, 12.3, 94.9, 114.5, -19.6, 4.3, 0.64, 15.8, 8.7, 12.7, 10.5, 24.6, 42.9, 49.6, 6.8, 99.71, 0.7, 633
393, Zach LaVine , CHI, 29, 25, 10, 15, 34.9, 109.9, 115.3, -5.4, 17.2, 1.88, 17.3, 0.9, 13.4, 7.2, 9.2, 53.1, 57.8, 23.8, 97.91, 11.0, 1780
397, Derrick Rose , MEM, 35, 24, 6, 18, 16.6, 103.9, 107.7, -3.8, 31.0, 2.52, 27.3, 1.7, 8.9, 5.3, 10.8, 50.6, 54.0, 22.2, 101.51, 10.8, 844
397, Josh Minott , MIN, 21, 24, 18, 6, 2.8, 100.0, 101.3, -1.3, 9.3, 2.00, 10.5, 4.1, 14.9, 9.2, 5.3, 48.1, 57.3, 18.9, 111.43, 12.0, 160
397, Ricky Council IV , PHI, 22, 24, 9, 15, 9.0, 109.4, 112.6, -3.2, 6.4, 2.25, 6.9, 4.9, 12.7, 8.5, 3.1, 52.2, 59.2, 22.2, 103.73, 11.3, 467
397, Stanley Umude , DET, 24, 24, 4, 20, 12.8, 104.1, 113.8, -9.7, 5.3, 0.79, 9.1, 2.7, 13.0, 8.1, 11.6, 58.3, 64.7, 15.0, 103.78, 7.2, 659
401, Isaiah Livers , WAS, 25, 23, 1, 22, 20.4, 106.1, 125.4, -19.3, 7.1, 1.56, 15.2, 3.0, 7.3, 5.0, 9.7, 44.0, 46.0, 12.2, 103.54, 2.6, 1011
401, Kira Lewis Jr. , UTA, 22, 23, 10, 13, 8.5, 100.2, 107.8, -7.6, 24.4, 3.00, 26.1, 3.2, 6.2, 4.7, 8.7, 36.0, 42.4, 17.8, 102.88, 7.0, 419
401, P.J. Tucker , LAC, 38, 23, 9, 14, 16.3, 109.8, 110.5, -0.7, 4.2, 1.71, 21.1, 6.2, 12.2, 9.2, 12.3, 48.6, 50.9, 5.1, 98.58, 3.2, 764
404, Evan Fournier , DET, 31, 22, 6, 16, 17.0, 99.4, 109.6, -10.3, 13.9, 2.13, 16.8, 1.0, 9.7, 5.2, 7.9, 43.1, 46.7, 18.8, 102.55, 5.9, 800
404, LaMelo Ball , CHA, 22, 22, 7, 15, 32.3, 111.8, 120.2, -8.4, 39.5, 2.12, 24.3, 3.8, 12.2, 7.8, 11.5, 51.5, 56.1, 31.5, 103.00, 13.3, 1522
404, Leaky Black , CHA, 24, 22, 1, 21, 9.9, 104.9, 113.1, -8.2, 11.3, 3.60, 26.1, 3.5, 13.8, 8.5, 7.2, 52.6, 55.4, 10.1, 99.38, 6.9, 450
404, Matt Ryan , NOP, 26, 22, 12, 10, 16.5, 110.7, 107.1, 3.6, 6.4, 0.94, 11.4, 1.6, 8.2, 5.0, 12.1, 63.8, 66.0, 14.9, 103.93, 6.9, 785
404, Monte Morris , MIN, 28, 22, 14, 8, 14.8, 111.4, 107.3, 4.1, 22.4, 10.40, 29.9, 1.4, 8.8, 4.9, 2.9, 47.3, 48.4, 16.1, 99.60, 9.0, 674
404, Tari Eason , HOU, 22, 22, 12, 10, 21.8, 112.6, 103.1, 9.4, 8.7, 1.35, 10.8, 8.8, 20.3, 14.5, 8.0, 51.3, 52.8, 18.8, 101.43, 13.1, 1011
410, Brice Sensabaugh , UTA, 20, 21, 6, 15, 15.7, 111.4, 122.4, -11.0, 12.7, 1.11, 16.7, 2.6, 15.8, 9.0, 15.1, 44.1, 47.7, 19.3, 101.77, 5.7, 702
410, Harry Giles III , LAL, 25, 21, 9, 12, 4.4, 111.7, 120.2, -8.5, 9.4, 1.00, 9.4, 11.1, 16.7, 13.7, 9.4, 52.1, 53.1, 23.7, 103.22, 8.7, 197
410, Jalen Hood-Schifino , LAL, 20, 21, 10, 11, 5.2, 88.9, 111.9, -23.0, 12.9, 0.89, 11.1, 1.7, 9.6, 5.7, 12.5, 24.4, 31.6, 24.2, 103.50, -1.8, 235
410, Jalen Pickett , DEN, 24, 21, 15, 6, 5.2, 102.3, 106.8, -4.6, 20.5, 1.88, 27.3, 1.0, 8.9, 5.2, 14.5, 51.7, 53.5, 16.3, 97.94, 5.8, 222
410, Mitchell Robinson , NYK, 25, 21, 12, 9, 29.2, 116.6, 113.7, 2.9, 3.3, 0.71, 9.9, 16.9, 17.9, 17.4, 13.8, 59.2, 56.7, 9.3, 97.24, 8.9, 1241
410, Saben Lee , PHX, 24, 21, 12, 9, 8.5, 105.8, 101.1, 4.8, 25.9, 3.75, 27.3, 5.3, 11.0, 8.4, 7.3, 35.8, 47.7, 18.9, 102.08, 9.9, 377
416, Admiral Schofield , ORL, 26, 20, 13, 7, 3.6, 91.9, 94.8, -2.9, 13.5, 1.25, 15.6, 2.8, 13.9, 8.7, 12.5, 45.5, 43.7, 16.8, 101.12, 4.5, 148
416, Colby Jones , SAC, 21, 20, 10, 10, 6.7, 106.9, 106.6, 0.3, 13.2, 2.00, 17.1, 7.2, 12.2, 9.5, 8.6, 37.0, 37.4, 17.5, 97.70, 3.5, 274
416, Collin Gillespie , DEN, 24, 20, 13, 7, 9.0, 110.6, 109.0, 1.5, 13.2, 1.42, 19.3, 0.5, 7.5, 4.0, 13.6, 60.9, 61.4, 16.6, 100.54, 6.5, 379
416, Marcus Smart , MEM, 30, 20, 7, 13, 30.2, 108.5, 109.2, -0.8, 21.1, 1.39, 21.0, 0.9, 7.3, 4.1, 15.1, 51.9, 55.2, 22.5, 102.65, 8.3, 1289
416, Markieff Morris , DAL, 34, 20, 11, 9, 8.4, 103.3, 119.0, -15.7, 9.6, 1.10, 14.7, 2.2, 14.9, 8.5, 13.3, 48.1, 49.3, 15.6, 102.57, 6.3, 365
416, Ryan Arcidiacono , NYK, 29, 20, 15, 5, 2.3, 82.1, 80.0, 2.1, 13.3, 2.00, 33.3, 0.0, 13.8, 7.5, 16.7, 0.0, 0.0, 7.4, 100.99, 0.8, 95
422, Charles Bassey , SAS, 23, 19, 3, 16, 10.8, 105.1, 116.7, -11.6, 13.6, 1.40, 26.9, 10.2, 26.5, 17.8, 19.2, 72.5, 73.9, 11.0, 105.69, 11.6, 455
422, Ibou Badji , POR, 21, 19, 5, 14, 10.8, 96.0, 112.2, -16.2, 9.8, 0.93, 25.5, 8.6, 14.5, 11.4, 27.5, 63.2, 62.0, 7.8, 100.51, 3.5, 423
422, Jamal Cain , MIA, 25, 19, 9, 10, 12.6, 105.5, 110.0, -4.5, 4.3, 1.00, 7.1, 6.3, 8.7, 7.5, 7.1, 49.3, 54.1, 16.2, 99.74, 6.9, 494
422, Mark Williams , CHA, 22, 19, 7, 12, 26.8, 115.2, 116.4, -1.2, 5.9, 1.29, 10.0, 14.3, 20.9, 17.6, 7.7, 64.9, 67.5, 16.2, 100.03, 12.9, 1056
426, AJ Griffin , ATL, 20, 18, 8, 10, 7.4, 109.7, 119.5, -9.8, 4.2, 0.67, 7.1, 1.4, 10.1, 5.4, 10.7, 38.9, 40.3, 15.6, 107.79, 1.8, 298
426, Garrett Temple , TOR, 37, 18, 4, 14, 5.4, 102.8, 102.8, 0.0, 14.1, 2.00, 22.7, 5.1, 13.3, 9.2, 11.4, 54.0, 59.6, 14.0, 105.57, 8.9, 215
426, Gui Santos , GSW, 21, 18, 12, 6, 8.4, 113.0, 106.2, 6.8, 9.3, 1.57, 16.9, 8.9, 17.3, 13.1, 10.8, 56.3, 63.3, 14.0, 102.30, 10.1, 323
426, Luka Garza , MIN, 25, 18, 13, 5, 5.4, 101.4, 113.7, -12.4, 5.1, 0.60, 4.2, 11.1, 12.6, 11.8, 6.9, 51.8, 55.6, 26.7, 107.16, 8.1, 219
430, Aleksej Pokusevski , CHA, 22, 17, 10, 7, 11.4, 101.8, 119.9, -18.2, 14.9, 2.00, 23.0, 4.5, 14.8, 9.4, 11.5, 40.4, 44.9, 14.8, 98.09, 6.8, 397
430, Braxton Key , DEN, 27, 17, 12, 5, 3.2, 98.3, 103.4, -5.1, 22.2, 8.00, 29.6, 5.5, 20.0, 12.7, 3.7, 40.6, 45.6, 15.2, 102.42, 11.1, 116
430, Chris Livingston , MIL, 20, 17, 11, 6, 4.2, 109.0, 117.4, -8.4, 8.6, 1.25, 17.9, 3.2, 19.4, 11.6, 14.3, 47.2, 50.3, 13.5, 103.92, 4.7, 156
430, Jerome Robinson , GSW, 27, 17, 12, 5, 3.8, 108.3, 94.3, 14.0, 10.0, 5.00, 13.9, 1.4, 5.7, 3.5, 2.8, 36.0, 40.8, 18.1, 105.64, 3.4, 144
430, Kenneth Lofton Jr. , UTA, 21, 17, 5, 12, 6.3, 103.4, 106.3, -2.9, 20.0, 1.75, 19.7, 1.6, 15.5, 7.8, 11.3, 38.4, 41.3, 21.0, 106.14, 4.3, 237
430, Moses Brown , POR, 24, 17, 4, 13, 8.6, 104.3, 116.3, -12.0, 6.5, 0.86, 9.2, 16.6, 27.0, 21.2, 10.8, 47.7, 44.3, 15.9, 100.04, 7.5, 304
430, Taj Gibson , DET, 38, 17, 7, 10, 10.4, 103.8, 109.6, -5.8, 6.6, 1.80, 22.5, 5.6, 11.4, 8.5, 12.5, 34.0, 36.7, 7.7, 101.13, 1.1, 369
430, Theo Maledon , PHX, 22, 17, 5, 12, 12.5, 107.8, 121.6, -13.8, 17.4, 1.56, 23.0, 1.6, 9.3, 5.3, 14.8, 32.1, 38.5, 17.3, 104.35, 2.9, 463
430, Trey Jemison , MEM, 24, 17, 3, 14, 19.3, 108.4, 111.4, -3.0, 7.0, 0.75, 12.5, 10.6, 11.9, 11.2, 16.7, 59.0, 61.5, 13.7, 96.83, 6.3, 653
430, Wendell Moore Jr. , MIN, 22, 17, 13, 4, 2.9, 91.7, 111.0, -19.4, 5.3, 0.67, 13.3, 0.0, 12.2, 5.8, 20.0, 50.0, 50.0, 9.6, 114.89, 5.2, 120
440, Joe Harris , DET, 32, 16, 4, 12, 10.6, 104.9, 119.4, -14.5, 7.9, 2.50, 18.5, 1.7, 5.7, 3.7, 7.4, 48.7, 48.9, 10.4, 104.06, 2.2, 371
440, Nate Williams , HOU, 25, 16, 8, 8, 5.8, 116.3, 108.6, 7.8, 8.0, 3.00, 12.8, 9.3, 5.8, 7.6, 4.3, 50.0, 53.3, 16.9, 103.34, 7.6, 202
440, Robin Lopez , MIL, 35, 16, 10, 6, 4.0, 95.8, 115.9, -20.1, 8.7, 2.00, 15.4, 4.5, 3.0, 3.8, 7.7, 42.1, 45.3, 13.9, 104.19, 2.6, 143
443, Ben Simmons , BKN, 27, 15, 7, 8, 23.9, 109.6, 113.0, -3.4, 30.6, 3.19, 44.3, 8.0, 24.1, 15.8, 13.9, 58.1, 57.1, 12.6, 102.24, 11.9, 759
443, Devonte' Graham , SAS, 29, 15, 4, 11, 8.3, 118.2, 102.6, 15.6, 21.2, 5.25, 30.4, 1.5, 14.9, 7.8, 5.8, 51.2, 54.5, 15.6, 104.33, 10.4, 269
443, Onuralp Bitim , CHI, 24, 15, 7, 8, 14.4, 107.8, 114.5, -6.7, 7.2, 1.83, 13.8, 2.6, 10.2, 6.3, 7.5, 52.5, 53.4, 13.3, 99.58, 5.3, 447
443, Otto Porter Jr. , TOR, 30, 15, 6, 9, 11.6, 112.2, 107.5, 4.7, 5.8, 4.00, 18.2, 3.2, 13.0, 8.0, 4.5, 54.5, 56.8, 8.3, 103.13, 5.4, 376
447, Ashton Hagans , POR, 24, 14, 2, 12, 16.9, 107.0, 107.5, -0.6, 24.4, 1.78, 34.2, 3.6, 10.8, 7.1, 19.2, 45.0, 49.4, 14.0, 96.48, 6.3, 474
447, James Bouknight , CHA, 23, 14, 0, 14, 5.8, 107.8, 115.2, -7.3, 12.5, 3.00, 12.0, 1.2, 11.8, 6.0, 4.0, 59.8, 59.7, 24.0, 98.20, 11.1, 166
447, Jay Huff , DEN, 26, 14, 11, 3, 2.6, 84.8, 101.2, -16.4, 6.3, 1.00, 6.7, 2.9, 23.1, 13.5, 6.7, 70.8, 73.8, 16.5, 107.07, 14.2, 79
447, Jett Howard , ORL, 20, 14, 7, 7, 3.7, 95.7, 98.3, -2.6, 10.3, 1.50, 10.0, 2.0, 7.0, 4.6, 6.7, 45.7, 46.4, 21.3, 107.13, 5.0, 116
447, Olivier Sarr , OKC, 25, 14, 7, 7, 6.8, 109.1, 104.0, 5.1, 3.0, 0.67, 6.5, 11.5, 23.6, 18.1, 9.7, 63.2, 66.4, 12.9, 100.77, 9.6, 198
447, Udoka Azubuike , PHX, 24, 14, 10, 4, 7.7, 108.8, 126.0, -17.2, 3.9, 0.75, 8.8, 10.2, 18.3, 14.3, 11.8, 72.7, 65.2, 11.9, 101.73, 7.0, 228
453, Cole Swider , MIA, 24, 13, 5, 8, 6.2, 101.8, 108.0, -6.2, 8.9, 0.57, 8.5, 1.1, 8.1, 4.3, 14.9, 57.1, 58.5, 22.4, 97.67, 7.7, 165
453, DaQuan Jeffries , NYK, 26, 13, 8, 5, 2.6, 87.1, 95.8, -8.7, 10.0, 2.00, 11.1, 0.0, 12.5, 6.0, 5.6, 39.3, 37.0, 20.5, 100.23, 3.3, 70
453, Dylan Windler , ATL, 27, 13, 7, 6, 4.5, 116.4, 98.4, 18.0, 18.8, 9.00, 34.6, 1.9, 10.8, 7.1, 3.8, 62.5, 62.5, 12.9, 101.48, 9.0, 122
453, Trevelin Queen , ORL, 27, 13, 5, 8, 12.5, 108.2, 108.3, -0.1, 16.7, 2.57, 26.5, 2.1, 9.6, 6.2, 10.3, 40.8, 46.2, 13.8, 98.29, 5.8, 330
457, Boban Marjanovic , HOU, 35, 12, 8, 4, 4.6, 98.4, 119.7, -21.3, 10.3, 2.00, 12.1, 11.5, 31.5, 21.7, 6.1, 45.8, 50.1, 21.2, 106.49, 12.2, 122
457, Brandon Williams , DAL, 24, 12, 7, 5, 4.9, 93.8, 114.7, -20.9, 32.4, 4.00, 29.3, 4.2, 6.3, 5.1, 7.3, 40.9, 44.7, 20.0, 104.80, 7.6, 129
457, Daishen Nix , MIN, 22, 12, 9, 3, 3.3, 117.8, 101.2, 16.6, 6.7, 1.00, 7.7, 0.0, 2.7, 1.2, 7.7, 52.5, 50.6, 23.3, 107.42, 6.7, 90
457, Emoni Bates , CLE, 20, 12, 6, 6, 8.2, 93.1, 122.8, -29.7, 11.9, 3.50, 14.6, 1.0, 11.0, 5.8, 4.2, 44.6, 43.9, 18.5, 98.47, 4.7, 202
457, Jules Bernard , WAS, 24, 12, 1, 11, 7.1, 111.4, 108.8, 2.6, 18.3, 2.75, 19.0, 6.7, 5.6, 6.2, 6.9, 52.4, 52.7, 20.7, 103.24, 8.4, 185
457, Noah Clowney , BKN, 19, 12, 4, 8, 8.5, 110.2, 119.0, -8.7, 12.5, 1.80, 22.0, 6.7, 14.6, 10.4, 12.2, 58.3, 63.8, 13.2, 100.04, 8.6, 215
457, Terquavion Smith , PHI, 21, 12, 4, 8, 5.8, 118.2, 117.9, 0.3, 18.9, 2.50, 18.2, 0.0, 3.0, 1.4, 7.3, 55.0, 55.7, 23.8, 113.36, 8.8, 165
464, Hunter Tyson , DEN, 23, 11, 8, 3, 2.9, 101.4, 101.5, -0.1, 4.2, 0.50, 7.1, 3.2, 25.8, 14.5, 14.3, 36.4, 36.4, 17.6, 103.21, 0.4, 70
464, Javon Freeman-Liberty , TOR, 24, 11, 1, 10, 13.4, 100.6, 110.6, -10.0, 14.0, 1.88, 21.7, 2.5, 13.6, 7.8, 11.6, 38.5, 48.2, 15.0, 104.37, 6.3, 319
464, Jermaine Samuels Jr. , HOU, 25, 11, 6, 5, 4.8, 105.1, 115.5, -10.4, 4.8, 0.00, 14.3, 4.1, 18.0, 11.1, 0.0, 72.7, 75.8, 9.2, 105.42, 10.6, 117
464, Johnny Juzang , UTA, 23, 11, 3, 8, 13.7, 113.0, 118.6, -5.6, 4.4, 1.25, 8.8, 1.3, 8.3, 4.8, 7.0, 60.4, 60.4, 14.3, 99.17, 5.2, 316
464, Juan Toscano-Anderson , SAC, 30, 11, 7, 4, 4.8, 99.1, 99.2, -0.1, 10.8, 2.00, 22.2, 6.8, 16.7, 11.8, 11.1, 29.2, 29.2, 10.6, 104.36, 1.3, 110
464, Moussa Diabate , LAC, 22, 11, 7, 4, 5.8, 117.7, 121.1, -3.4, 8.9, 2.00, 12.5, 22.7, 12.9, 17.6, 6.3, 52.6, 57.6, 17.1, 96.39, 14.1, 130
464, Nate Hinton , HOU, 24, 11, 6, 5, 5.2, 112.9, 100.8, 12.1, 13.0, 3.00, 20.0, 5.3, 13.2, 9.6, 6.7, 67.5, 69.8, 16.1, 110.14, 11.4, 132
464, Tosan Evbuomwan , DET, 23, 11, 0, 11, 18.0, 101.2, 119.8, -18.6, 6.2, 1.33, 11.8, 5.2, 14.1, 9.4, 8.8, 54.3, 56.4, 13.1, 99.01, 6.3, 404
472, Armoni Brooks , BKN, 25, 10, 3, 7, 10.4, 127.7, 114.0, 13.7, 6.0, 1.67, 9.3, 6.1, 9.8, 7.9, 5.6, 44.6, 44.8, 18.8, 98.52, 5.4, 213
472, Ish Wainright , PHX, 29, 10, 2, 8, 6.1, 78.7, 86.0, -7.3, 3.0, 0.50, 3.6, 3.8, 16.9, 9.7, 7.1, 43.8, 46.2, 16.9, 108.59, 9.0, 141
472, Kendall Brown , IND, 20, 10, 6, 4, 3.6, 81.3, 97.4, -16.2, 19.0, 4.00, 23.5, 5.0, 3.0, 4.1, 5.9, 55.6, 60.1, 13.3, 104.30, 8.2, 80
472, Ryan Rollins , MIL, 21, 10, 1, 9, 6.6, 120.8, 82.0, 38.8, 20.0, 1.57, 22.0, 3.2, 11.8, 7.9, 14.0, 56.0, 63.1, 23.2, 108.92, 16.8, 149
472, Scotty Pippen Jr. , MEM, 23, 10, 2, 8, 23.2, 104.3, 105.6, -1.3, 34.3, 2.29, 30.2, 4.1, 10.0, 7.0, 13.2, 59.9, 61.9, 20.5, 99.76, 12.2, 483
472, Vit Krejci , ATL, 23, 10, 4, 6, 22.8, 122.9, 117.8, 5.1, 12.8, 4.00, 33.3, 0.8, 5.6, 2.9, 8.3, 56.3, 58.1, 8.8, 95.11, 4.1, 454
478, Dru Smith , MIA, 26, 9, 7, 2, 14.5, 97.4, 112.5, -15.0, 18.7, 2.80, 26.4, 4.1, 5.8, 4.9, 9.4, 56.1, 57.6, 12.8, 99.74, 8.3, 271
478, Ja Morant , MEM, 24, 9, 6, 3, 35.3, 111.0, 111.1, -0.2, 38.4, 2.70, 24.5, 1.9, 13.4, 7.7, 9.1, 51.2, 57.0, 29.6, 101.08, 15.7, 675
478, Jacob Toppin , NYK, 23, 9, 2, 7, 4.2, 98.7, 118.4, -19.8, 14.3, 3.00, 21.4, 7.7, 14.8, 10.6, 7.1, 61.1, 65.8, 13.3, 94.99, 9.0, 75
478, Jaylen Nowell , MEM, 24, 9, 3, 6, 17.3, 108.2, 108.8, -0.6, 14.5, 3.20, 20.8, 1.8, 6.7, 4.2, 6.5, 43.6, 45.3, 16.2, 101.14, 4.9, 329
478, Justin Champagnie , WAS, 22, 9, 2, 7, 13.7, 104.9, 121.1, -16.2, 10.6, 1.00, 14.1, 7.7, 13.6, 10.3, 14.1, 52.4, 57.1, 18.2, 102.82, 9.1, 263
478, Keyontae Johnson , OKC, 23, 9, 7, 2, 7.4, 100.0, 105.8, -5.8, 8.5, 1.00, 16.7, 6.5, 9.5, 8.0, 16.7, 34.4, 34.4, 12.8, 100.42, 1.5, 139
478, Kobe Bufkin , ATL, 20, 9, 6, 3, 9.9, 105.7, 102.6, 3.1, 25.0, 3.00, 25.4, 2.2, 11.9, 7.3, 8.5, 41.9, 42.6, 20.3, 103.24, 7.9, 192
478, Leonard Miller , MIN, 20, 9, 8, 1, 3.3, 89.9, 104.5, -14.7, 27.8, 5.00, 29.4, 6.5, 35.7, 20.3, 5.9, 68.2, 68.2, 16.0, 107.88, 17.7, 69
478, Seth Lundy , ATL, 23, 9, 2, 7, 5.8, 102.7, 114.4, -11.7, 0.0, 0.00, 0.0, 2.2, 11.8, 7.2, 5.0, 32.4, 37.3, 16.8, 102.49, -0.2, 111
487, Charlie Brown Jr. , NYK, 27, 8, 2, 6, 4.7, 104.1, 105.1, -1.0, 0.0, 0.00, 0.0, 2.5, 2.7, 2.6, 16.7, 30.0, 30.0, 14.5, 97.20, -4.7, 73
487, E.J. Liddell , NOP, 23, 8, 3, 5, 2.9, 98.1, 109.8, -11.7, 6.7, 0.50, 10.0, 0.0, 21.7, 10.6, 20.0, 16.7, 29.1, 14.8, 108.13, 4.5, 53
487, Jared Rhoden , DET, 24, 8, 1, 7, 9.0, 113.0, 117.4, -4.5, 8.3, 0.80, 12.9, 1.7, 18.8, 10.5, 16.1, 64.3, 66.3, 16.2, 101.36, 8.4, 154
487, Jordan Miller , LAC, 24, 8, 5, 3, 3.5, 95.2, 119.7, -24.4, 0.0, 0.00, 0.0, 10.3, 5.7, 7.8, 9.1, 61.1, 65.8, 15.3, 105.56, 8.4, 63
487, Matt Hurt , MEM, 23, 8, 2, 6, 14.2, 98.7, 104.8, -6.0, 6.2, 2.00, 9.8, 7.0, 6.0, 6.5, 4.9, 42.6, 45.3, 13.4, 98.34, 5.4, 233
487, Micah Potter , UTA, 25, 8, 2, 6, 10.9, 107.3, 118.3, -10.9, 3.3, 1.00, 10.0, 4.3, 15.6, 9.9, 10.0, 76.7, 79.7, 9.0, 97.25, 8.6, 177
487, Oscar Tshiebwe , IND, 24, 8, 2, 6, 5.2, 114.9, 98.9, 15.9, 6.5, 0.00, 7.7, 16.7, 22.9, 19.3, 0.0, 50.0, 55.3, 20.5, 108.21, 16.5, 94
487, R.J. Hampton , MIA, 23, 8, 3, 5, 9.5, 118.4, 107.8, 10.6, 12.7, 2.67, 30.8, 2.6, 4.5, 3.6, 11.5, 32.1, 33.6, 9.8, 98.50, 0.3, 158
487, Xavier Moon , LAC, 29, 8, 5, 3, 4.4, 73.7, 123.0, -49.3, 27.8, 1.25, 22.7, 5.4, 8.6, 6.9, 18.2, 41.7, 42.7, 20.7, 102.37, 4.3, 76
496, Colin Castleton , LAL, 23, 7, 3, 4, 5.1, 95.9, 124.3, -28.4, 16.7, 3.00, 18.8, 12.1, 15.2, 13.6, 6.3, 70.0, 76.5, 15.9, 98.75, 11.8, 74
496, D'Moi Hodge , LAL, 25, 7, 1, 6, 5.9, 86.4, 130.6, -44.2, 22.7, 5.00, 22.7, 0.0, 0.0, 0.0, 4.5, 43.3, 44.1, 17.2, 100.67, 2.7, 88
496, DeJon Jarreau , MEM, 26, 7, 2, 5, 17.1, 98.8, 105.9, -7.1, 28.2, 2.75, 29.7, 4.0, 27.5, 14.4, 10.8, 31.3, 34.5, 17.7, 100.14, 9.1, 246
496, Jahmi'us Ramsey , TOR, 22, 7, 0, 7, 17.3, 100.4, 110.8, -10.4, 10.3, 1.14, 13.6, 3.3, 13.0, 8.5, 11.9, 51.2, 53.8, 18.0, 102.87, 8.5, 259
496, Jalen Slawson , SAC, 24, 7, 5, 2, 4.1, 89.7, 112.3, -22.6, 10.5, 1.00, 22.2, 3.3, 20.0, 11.7, 22.2, 60.0, 60.0, 10.0, 95.63, 6.9, 58
496, James Johnson , IND, 37, 7, 3, 4, 5.0, 115.6, 113.0, 2.6, 18.2, 2.00, 37.5, 2.9, 10.7, 6.3, 18.8, 33.3, 43.6, 11.2, 105.77, 4.4, 77
496, T.J. Warren , MIN, 30, 7, 4, 3, 14.1, 114.4, 101.4, 12.9, 8.8, 1.75, 15.2, 4.4, 11.7, 7.7, 8.7, 41.2, 41.6, 15.5, 104.64, 4.1, 216
503, Amari Bailey , CHA, 20, 6, 0, 6, 4.3, 111.1, 103.8, 7.3, 9.5, 2.00, 14.3, 8.3, 0.0, 3.8, 7.1, 30.0, 32.2, 19.0, 100.25, 1.9, 54
503, Dereon Seabron , NOP, 23, 6, 3, 3, 9.2, 118.8, 92.5, 26.3, 11.6, 0.00, 23.8, 2.1, 8.2, 5.8, 0.0, 34.6, 44.8, 12.2, 103.26, 6.9, 117
503, Greg Brown III , DAL, 22, 6, 3, 3, 6.6, 101.1, 110.6, -9.6, 13.8, 1.00, 17.4, 6.4, 12.2, 9.4, 17.4, 50.0, 50.1, 17.8, 113.53, 4.4, 94
503, Isaiah Mobley , CLE, 24, 6, 1, 5, 8.5, 106.9, 114.6, -7.7, 16.2, 6.00, 30.0, 0.0, 14.3, 6.7, 5.0, 46.2, 46.2, 12.5, 96.75, 4.9, 102
503, JD Davison , BOS, 21, 6, 6, 0, 1.9, 112.5, 70.4, 42.1, 14.3, 0.00, 20.0, 10.0, 13.3, 12.0, 0.0, 100, 103.1, 14.3, 106.96, 24.7, 24
503, Jamaree Bouyea , SAS, 24, 6, 0, 6, 9.5, 80.3, 100.0, -19.7, 25.8, 1.00, 21.6, 2.7, 15.7, 8.1, 21.6, 23.8, 23.8, 20.0, 101.51, 0.0, 122
503, Jeff Dowtin Jr. , PHI, 26, 6, 1, 5, 13.6, 117.5, 106.3, 11.3, 26.7, 5.33, 41.0, 1.2, 10.1, 5.8, 7.7, 76.3, 78.0, 12.2, 94.43, 14.7, 160
503, Jordan Ford , SAC, 25, 6, 2, 4, 3.6, 128.9, 100.0, 28.9, 11.8, 2.00, 18.2, 0.0, 10.0, 5.1, 9.1, 71.4, 76.1, 18.4, 97.91, 11.9, 45
503, Jordan Walsh , BOS, 20, 6, 6, 0, 6.7, 130.8, 81.9, 48.8, 10.8, 2.00, 28.6, 8.1, 21.7, 15.7, 14.3, 37.5, 37.5, 10.8, 96.72, 6.8, 78
503, Robert Williams III , POR, 26, 6, 2, 4, 19.8, 101.6, 114.9, -13.3, 6.5, 0.71, 12.2, 8.0, 22.7, 14.8, 17.1, 65.4, 68.4, 12.2, 101.25, 11.3, 252
503, Sidy Cissoko , SAS, 19, 6, 1, 5, 5.3, 104.1, 83.8, 20.3, 0.0, 0.00, 0.0, 0.0, 17.1, 8.1, 11.1, 16.7, 38.7, 10.5, 111.20, 5.7, 74
514, Frank Ntilikina , CHA, 25, 5, 0, 5, 8.6, 121.3, 121.1, 0.2, 10.8, 4.00, 26.7, 2.1, 11.1, 6.5, 6.7, 16.7, 25.3, 11.1, 100.14, 0.7, 89
514, Gabe Vincent , LAL, 27, 5, 2, 3, 25.5, 102.2, 103.7, -1.5, 17.2, 7.50, 30.0, 1.5, 2.3, 1.9, 4.0, 40.6, 41.1, 11.5, 100.97, 3.6, 269
514, Mouhamadou Gueye , TOR, 25, 5, 0, 5, 6.7, 65.8, 105.7, -40.0, 0.0, 0.00, 0.0, 10.8, 6.0, 8.0, 23.5, 27.3, 27.4, 20.7, 101.89, -3.9, 73
514, TyTy Washington Jr. , MIL, 22, 5, 3, 2, 4.1, 75.0, 84.8, -9.8, 10.0, 0.50, 10.0, 0.0, 5.6, 2.5, 20.0, 21.4, 21.4, 18.0, 109.07, -1.8, 48
514, Wenyen Gabriel , MEM, 26, 5, 1, 4, 16.2, 89.0, 96.4, -7.4, 7.1, 0.38, 8.6, 7.2, 22.0, 14.0, 22.9, 38.6, 35.1, 16.6, 98.35, 3.0, 164
519, Adama Sanogo , CHI, 22, 4, 1, 3, 2.9, 88.5, 8.0, 80.5, 0.0, 0.00, 0.0, 21.4, 28.6, 25.0, 16.7, 100, 94.0, 19.4, 104.21, 112.5, 26
519, Alex Fudge , DAL, 20, 4, 1, 3, 3.6, 60.6, 137.9, -77.3, 0.0, 0.00, 0.0, 13.3, 0.0, 6.9, 12.5, 16.7, 29.1, 21.1, 102.86, -4.7, 33
519, D.J. Carton , TOR, 23, 4, 2, 2, 8.9, 81.5, 122.8, -41.3, 15.0, 3.00, 21.4, 5.1, 4.3, 4.7, 7.1, 43.8, 53.9, 12.5, 108.07, 6.0, 81
519, Dexter Dennis , DAL, 25, 4, 1, 3, 7.5, 89.0, 100.0, -11.0, 36.4, 1.33, 15.4, 2.5, 21.1, 11.5, 11.5, 55.3, 54.1, 27.8, 118.13, 16.4, 73
519, Jason Preston , UTA, 24, 4, 1, 3, 7.6, 123.4, 93.9, 29.5, 24.1, 3.50, 46.7, 10.7, 12.1, 11.5, 13.3, 33.3, 33.3, 11.3, 102.69, 7.4, 64
519, Keon Johnson , BKN, 22, 4, 0, 4, 12.8, 123.3, 144.2, -20.9, 8.3, 0.75, 9.7, 5.4, 5.1, 5.3, 12.9, 47.4, 59.8, 22.2, 97.31, 6.6, 103
519, Marques Bolden , CHA, 25, 4, 2, 2, 3.9, 118.4, 102.9, 15.5, 0.0, 0.00, 0.0, 0.0, 14.3, 9.1, 50.0, 0.0, 0.0, 5.3, 111.27, -1.3, 38
526, Buddy Boeheim , DET, 24, 3, 0, 3, 9.5, 121.7, 121.1, 0.6, 16.7, 0.00, 17.6, 3.7, 9.7, 6.9, 0.0, 58.3, 66.9, 20.6, 98.60, 13.3, 60
526, Darius Bazley , UTA, 23, 3, 0, 3, 3.3, 121.1, 126.3, -5.3, 22.2, 2.00, 50.0, 0.0, 14.3, 7.7, 25.0, 0.0, 0.0, 9.5, 93.22, 2.0, 19
526, Filip Petrusev , SAC, 23, 3, 2, 1, 3.1, 110.0, 80.0, 30.0, 0.0, 0.00, 0.0, 0.0, 8.3, 5.6, 0.0, 50.0, 52.1, 15.0, 103.11, 2.6, 20
526, Lindell Wigginton , MIL, 25, 3, 3, 0, 2.5, 64.7, 131.3, -66.5, 0.0, 0.00, 0.0, 0.0, 0.0, 0.0, 14.3, 40.0, 51.0, 41.2, 103.80, 2.9, 17
526, Mamadi Diakite , SAS, 27, 3, 2, 1, 5.3, 100.0, 84.8, 15.2, 25.0, 0.00, 20.0, 5.9, 11.8, 8.8, 0.0, 80.0, 78.5, 22.2, 99.31, 25.2, 33
526, Pat Spencer , GSW, 27, 3, 1, 2, 2.0, 83.3, 90.9, -7.6, 66.7, 0.00, 66.7, 0.0, 0.0, 0.0, 0.0, 100, 100, 7.1, 93.03, 25.0, 12
526, Pete Nance , CLE, 24, 3, 1, 2, 2.5, 64.3, 53.8, 10.4, 0.0, 0.00, 0.0, 0.0, 20.0, 9.1, 0.0, 0.0, 0.0, 14.3, 87.37, -9.5, 14
526, Shaquille Harrison , MEM, 30, 3, 1, 2, 2.0, 46.2, 121.4, -75.3, 0.0, 0.00, 0.0, 0.0, 40.0, 16.7, 0.0, 50.0, 50.0, 15.4, 108.60, 15.9, 13
526, Taze Moore , POR, 25, 3, 1, 2, 3.4, 121.4, 111.5, 9.9, 11.1, 1.00, 14.3, 0.0, 0.0, 0.0, 14.3, 60.0, 60.0, 18.8, 127.27, 6.0, 28
526, Usman Garuba , GSW, 22, 3, 2, 1, 2.6, 85.0, 129.4, -44.4, 33.3, 0.00, 50.0, 8.3, 0.0, 5.3, 0.0, 0.0, 0.0, 4.2, 113.85, -1.8, 20
536, Alondes Williams , MIA, 24, 2, 2, 0, 4.7, 52.2, 95.2, -43.1, 0.0, 0.00, 0.0, 0.0, 11.1, 5.6, 25.0, 0.0, 0.0, 16.7, 112.38, -10.2, 23
536, Andrew Funk , CHI, 24, 2, 1, 1, 1.3, 160.0, 0.0, 160.0, 0.0, 0.00, 0.0, 0.0, 0.0, 0.0, 0.0, 0.0, 0.0, 14.3, 94.12, -11.8, 5
536, Danny Green , PHI, 36, 2, 1, 1, 9.2, 114.6, 120.5, -5.9, 5.6, 0.00, 33.3, 0.0, 11.1, 5.6, 0.0, 0.0, 0.0, 4.3, 104.07, 1.2, 41
536, Dariq Whitehead , BKN, 19, 2, 1, 1, 12.0, 110.9, 153.7, -42.8, 14.3, 0.00, 33.3, 0.0, 19.0, 7.8, 0.0, 20.0, 25.5, 9.4, 109.08, 3.5, 55
536, Dmytro Skapintsev , NYK, 25, 2, 0, 2, 1.1, 75.0, 60.0, 15.0, 0.0, 0.00, 0.0, 0.0, 0.0, 0.0, 0.0, 0.0, 0.0, 25.0, 101.25, -16.7, 4
536, Hamidou Diallo , WAS, 25, 2, 1, 1, 2.4, 81.8, 50.0, 31.8, 33.3, 1.00, 25.0, 18.2, 0.0, 12.5, 25.0, 50.0, 50.0, 18.8, 106.11, 26.1, 11
536, Joshua Primo , LAC, 21, 2, 2, 0, 5.1, 91.7, 104.5, -12.9, 0.0, 0.00, 0.0, 11.1, 0.0, 4.2, 57.1, 33.3, 33.3, 25.9, 107.53, -7.6, 24
536, Justin Jackson , MIN, 28, 2, 2, 0, 0.4, 0.0, 0.0, 0.0, 0.0, 0.00, 0.0, 0.0, 0.0, 0.0, 0.0, 0.0, 0.0, 0.0, 137.14, 0.0, 2
536, Kevon Harris , ORL, 26, 2, 1, 1, 3.0, 142.9, 133.3, 9.5, 20.0, 1.00, 20.0, 0.0, 28.6, 20.0, 20.0, 66.7, 66.7, 28.6, 115.04, 5.3, 14
536, Maozinha Pereira , MEM, 23, 2, 1, 1, 9.5, 74.4, 69.8, 4.7, 0.0, 0.00, 0.0, 0.0, 12.0, 5.7, 16.7, 20.0, 20.0, 12.2, 108.25, -2.5, 43
536, Mouhamed Gueye , ATL, 21, 2, 2, 0, 2.2, 10.0, 127.3, -117.3, 0.0, 0.00, 0.0, 0.0, 0.0, 0.0, 0.0, 0.0, 0.0, 8.3, 114.98, -11.1, 10
536, Ty Jerome , CLE, 26, 2, 1, 1, 7.4, 106.7, 143.8, -37.1, 27.3, 3.00, 37.5, 6.7, 0.0, 4.0, 12.5, 50.0, 50.0, 14.7, 100.43, 3.4, 30
548, Adam Flagler , OKC, 24, 1, 1, 0, 5.5, 100.0, 100.0, 0.0, 25.0, 0.00, 25.0, 0.0, 0.0, 0.0, 0.0, 0.0, 0.0, 21.4, 113.45, -7.4, 13
548, D.J. Wilson , PHI, 28, 1, 1, 0, 1.5, 66.7, 133.3, -66.7, 0.0, 0.00, 0.0, 0.0, 0.0, 0.0, 0.0, 0.0, 0.0, 0.0, 94.95, 0.0, 3
548, Drew Peterson , BOS, 24, 1, 1, 0, 2.6, 160.0, 100.0, 60.0, 50.0, 0.00, 50.0, 0.0, 0.0, 0.0, 0.0, 150.0, 150.0, 20.0, 103.53, 20.7, 5
548, Henri Drell , CHI, 23, 1, 0, 1, 2.9, 150.0, 100.0, 50.0, 66.7, 0.00, 50.0, 50.0, 0.0, 25.0, 0.0, 50.0, 50.0, 28.6, 99.88, 24.1, 6
548, Isaiah Thomas , PHX, 35, 1, 1, 0, 1.8, 60.0, 100.0, -40.0, 100, 0.00, 50.0, 0.0, 0.0, 0.0, 0.0, 0.0, 0.0, 20.0, 120.00, 0.0, 5
548, Izaiah Brockington , NOP, 24, 1, 1, 0, 3.4, 150.0, 100.0, 50.0, 0.0, 0.00, 0.0, 12.5, 16.7, 14.3, 0.0, 40.0, 40.0, 38.5, 120.59, 12.8, 8
548, Jalen Crutcher , NOP, 24, 1, 1, 0, 2.7, 120.0, 100.0, 20.0, 0.0, 0.00, 0.0, 0.0, 0.0, 0.0, 0.0, 0.0, 0.0, 16.7, 90.57, -8.0, 5
548, Javonte Smart , PHI, 24, 1, 1, 0, 0.7, 0.0, 150.0, -150.0, 0.0, 0.00, 0.0, 0.0, 0.0, 0.0, 0.0, 0.0, 0.0, 0.0, 108.00, 0.0, 1
548, Kaiser Gates , NOP, 27, 1, 0, 1, 7.4, 81.3, 88.2, -7.0, 0.0, 0.00, 0.0, 0.0, 9.1, 4.5, 0.0, 0.0, 0.0, 22.2, 106.55, -15.0, 16
548, Malcolm Cazalon , DET, 22, 1, 0, 1, 2.6, 183.3, 100.0, 83.3, 0.0, 0.00, 0.0, 0.0, 0.0, 0.0, 0.0, 0.0, 0.0, 0.0, 111.48, 0.0, 6
548, Markquis Nowell , TOR, 24, 1, 0, 1, 3.5, 128.6, 62.5, 66.1, 100, 0.00, 50.0, 50.0, 0.0, 28.6, 0.0, 0.0, 53.2, 22.2, 102.37, 35.7, 7
548, Mason Jones , SAC, 25, 1, 0, 1, 13.0, 103.8, 63.0, 40.9, 36.4, 0.00, 50.0, 5.9, 20.0, 12.5, 0.0, 0.0, 12.9, 12.1, 97.85, 12.9, 26
548, Quenton Jackson , IND, 25, 1, 1, 0, 1.8, 0.0, 120.0, -120.0, 0.0, 0.00, 0.0, 0.0, 50.0, 25.0, 0.0, 0.0, 0.0, 0.0, 132.11, 18.2, 5
548, Ron Harper Jr. , TOR, 23, 1, 1, 0, 3.7, 100.0, 188.9, -88.9, 33.3, 0.00, 100.0, 0.0, 0.0, 0.0, 0.0, 0.0, 0.0, 0.0, 111.78, -4.5, 8
548, Tristan Vukcevic , WAS, 21, 1, 1, 0, 3.0, 57.1, 85.7, -28.6, 0.0, 0.00, 0.0, 0.0, 25.0, 16.7, 0.0, 0.0, 0.0, 0.0, 112.00, 9.1, 7