IND, PLAYER, TEAM, AGE, GP, W, L, MIN, PTS, FGM, FGA, FG%, 3PM, 3PA, 3P%, FTM, FTA, FT%, OREB, DREB, REB, AST, TOV, STL, BLK, PF, FP, DD2, TD3, plus_minus
1, Joel Embiid , PHI, 30, 34, 26, 8, 34.0, 35.3, 11.8, 22.2, 53.3, 1.2, 3.3, 36.6, 10.5, 11.9, 88.3, 2.6, 8.7, 11.3, 5.7, 3.7, 1.1, 1.8, 2.9, 62.4, 27.0, 2.0, 6.9
2, Luka Doncic , DAL, 25, 59, 36, 23, 37.4, 34.4, 11.7, 23.7, 49.3, 3.9, 10.4, 38.0, 7.1, 8.9, 78.8, 0.8, 8.2, 9.0, 9.7, 3.9, 1.4, 0.6, 2.1, 61.8, 40.0, 17.0, 3.3
3, Shai Gilgeous-Alexander , OKC, 25, 66, 47, 19, 34.5, 30.9, 10.9, 20.1, 54.4, 1.3, 3.5, 37.3, 7.8, 8.9, 87.5, 0.9, 4.8, 5.7, 6.3, 2.2, 2.0, 0.9, 2.5, 54.0, 8.0, 0.0, 8.2
4, Giannis Antetokounmpo , MIL, 29, 64, 41, 23, 35.0, 30.8, 11.4, 18.6, 61.6, 0.5, 1.8, 29.2, 7.4, 11.2, 66.5, 2.5, 8.7, 11.2, 6.4, 3.4, 1.2, 1.0, 2.9, 57.1, 51.0, 8.0, 5.0
5, Kevin Durant , PHX, 35, 61, 34, 27, 37.3, 27.8, 10.1, 19.3, 52.5, 2.2, 5.2, 41.9, 5.3, 6.3, 85.3, 0.5, 6.2, 6.7, 5.4, 3.3, 0.9, 1.2, 1.8, 47.0, 13.0, 1.0, 3.3
6, Jalen Brunson , NYK, 27, 62, 39, 23, 35.2, 27.5, 9.8, 20.4, 47.8, 2.7, 6.7, 40.2, 5.3, 6.3, 84.3, 0.6, 3.0, 3.6, 6.4, 2.5, 1.0, 0.2, 1.9, 42.4, 5.0, 0.0, 5.5
7, Donovan Mitchell , CLE, 27, 49, 33, 16, 35.4, 27.4, 9.4, 20.2, 46.8, 3.4, 9.1, 37.3, 5.1, 5.9, 86.2, 0.9, 4.4, 5.3, 6.1, 2.9, 1.8, 0.5, 2.2, 46.8, 6.0, 0.0, 7.0
8, Devin Booker , PHX, 27, 54, 33, 21, 35.9, 27.2, 9.6, 19.5, 49.1, 2.1, 5.9, 35.8, 6.0, 6.8, 88.3, 0.7, 3.9, 4.7, 6.9, 2.5, 0.9, 0.4, 3.0, 44.7, 11.0, 0.0, 4.6
9, Jayson Tatum , BOS, 26, 64, 51, 13, 35.7, 27.1, 9.2, 19.4, 47.4, 3.2, 8.4, 37.9, 5.5, 6.7, 82.9, 0.9, 7.4, 8.3, 4.9, 2.5, 1.0, 0.6, 2.0, 46.5, 23.0, 0.0, 9.4
10, Stephen Curry , GSW, 36, 60, 34, 26, 32.8, 27.0, 8.9, 19.8, 45.0, 4.9, 12.1, 40.5, 4.3, 4.7, 91.8, 0.5, 3.9, 4.4, 4.9, 3.0, 0.8, 0.4, 1.7, 40.2, 5.0, 0.0, 1.6
11, De'Aaron Fox , SAC, 26, 58, 34, 24, 35.7, 26.8, 9.8, 20.9, 47.0, 2.7, 7.5, 36.2, 4.4, 6.1, 72.2, 0.9, 3.4, 4.3, 5.7, 2.7, 1.9, 0.4, 2.6, 44.8, 4.0, 0.0, 2.6
12, Anthony Edwards , MIN, 22, 64, 44, 20, 35.1, 26.5, 9.3, 20.0, 46.5, 2.5, 6.8, 37.3, 5.4, 6.5, 83.6, 0.6, 4.8, 5.4, 5.0, 3.1, 1.3, 0.6, 1.9, 43.0, 7.0, 0.0, 6.9
13, Trae Young , ATL, 25, 51, 22, 29, 36.5, 26.4, 8.2, 19.3, 42.6, 3.3, 8.9, 37.1, 6.6, 7.8, 85.6, 0.4, 2.3, 2.7, 10.8, 4.3, 1.4, 0.2, 2.1, 46.4, 35.0, 0.0, -2.2
14, Tyrese Maxey , PHI, 23, 58, 36, 22, 37.3, 26.0, 9.0, 20.1, 44.9, 3.1, 8.1, 38.2, 4.9, 5.6, 86.8, 0.6, 3.2, 3.7, 6.2, 1.7, 1.0, 0.5, 2.1, 42.3, 6.0, 0.0, 3.7
15, Nikola Jokic , DEN, 29, 66, 46, 20, 34.3, 25.9, 10.2, 17.5, 58.1, 1.0, 2.9, 34.6, 4.5, 5.5, 82.8, 2.9, 9.3, 12.2, 9.1, 2.9, 1.3, 0.9, 2.5, 57.8, 55.0, 21.0, 7.8
16, LeBron James , LAL, 39, 59, 31, 28, 35.2, 25.5, 9.6, 18.1, 53.0, 2.2, 5.4, 40.6, 4.1, 5.5, 74.4, 0.9, 6.3, 7.2, 8.1, 3.3, 1.3, 0.6, 1.2, 48.4, 20.0, 3.0, 1.6
17, Kyrie Irving , DAL, 31, 46, 28, 18, 34.3, 25.4, 9.6, 19.6, 49.0, 3.0, 7.2, 41.5, 3.2, 3.5, 90.7, 0.8, 4.3, 5.1, 5.3, 1.7, 1.2, 0.5, 1.8, 42.8, 5.0, 0.0, 2.7
18, Ja Morant , MEM, 24, 9, 6, 3, 35.3, 25.1, 8.9, 18.9, 47.1, 1.6, 5.7, 27.5, 5.8, 7.1, 81.3, 0.7, 4.9, 5.6, 8.1, 3.0, 0.8, 0.6, 2.1, 44.9, 3.0, 0.0, 1.2
19, Anthony Davis , LAL, 31, 64, 35, 29, 35.6, 24.5, 9.3, 16.9, 55.1, 0.3, 1.2, 26.3, 5.5, 6.8, 81.4, 3.1, 9.2, 12.3, 3.6, 2.0, 1.2, 2.4, 2.3, 53.4, 53.0, 2.0, 0.4
20, Damian Lillard , MIL, 33, 63, 44, 19, 35.1, 24.4, 7.4, 17.4, 42.5, 3.0, 8.6, 35.4, 6.6, 7.1, 92.6, 0.5, 3.8, 4.4, 7.0, 2.5, 1.0, 0.2, 1.7, 41.4, 11.0, 0.0, 6.0
21, Desmond Bane , MEM, 25, 38, 14, 24, 34.5, 24.4, 8.9, 18.8, 47.3, 3.3, 8.7, 38.6, 3.3, 3.8, 85.6, 0.9, 3.6, 4.5, 5.3, 2.7, 1.0, 0.6, 2.9, 39.8, 2.0, 0.0, -3.6
22, Julius Randle , NYK, 29, 46, 29, 17, 35.4, 24.0, 8.6, 18.2, 47.2, 1.7, 5.3, 31.1, 5.1, 6.6, 78.1, 2.2, 7.0, 9.2, 5.0, 3.5, 0.5, 0.3, 2.7, 41.4, 18.0, 1.0, 4.7
23, LaMelo Ball , CHA, 22, 22, 7, 15, 32.3, 23.9, 8.3, 19.2, 43.3, 3.2, 9.0, 35.5, 4.1, 4.7, 86.5, 1.3, 3.8, 5.1, 8.0, 3.8, 1.8, 0.2, 3.6, 44.3, 7.0, 1.0, -6.3
24, Kawhi Leonard , LAC, 32, 61, 39, 22, 34.3, 23.8, 8.9, 17.0, 52.5, 2.1, 5.0, 42.3, 3.8, 4.3, 88.9, 1.2, 4.9, 6.1, 3.7, 1.7, 1.6, 0.9, 1.4, 42.4, 3.0, 1.0, 5.9
25, DeMar DeRozan , CHI, 34, 66, 32, 34, 37.7, 23.2, 7.8, 16.5, 47.3, 1.0, 2.9, 33.5, 6.6, 7.6, 85.9, 0.6, 3.7, 4.3, 5.3, 1.5, 1.1, 0.6, 2.1, 39.7, 6.0, 0.0, -1.4
26, Jaylen Brown , BOS, 27, 60, 46, 14, 33.4, 23.1, 9.0, 17.9, 50.2, 2.1, 5.9, 35.4, 3.1, 4.3, 70.4, 1.2, 4.4, 5.6, 3.7, 2.3, 1.1, 0.5, 2.7, 37.8, 5.0, 1.0, 6.7
27, Anfernee Simons , POR, 24, 43, 11, 32, 34.7, 23.1, 8.0, 18.5, 43.1, 3.5, 8.9, 39.0, 3.7, 4.0, 91.8, 0.5, 3.2, 3.7, 5.6, 2.8, 0.5, 0.1, 2.2, 34.8, 3.0, 0.0, -7.0
28, Lauri Markkanen , UTA, 26, 51, 22, 29, 32.9, 23.1, 7.7, 16.0, 48.3, 3.2, 8.0, 40.1, 4.4, 4.9, 88.8, 2.3, 6.0, 8.3, 2.0, 1.3, 0.9, 0.5, 1.9, 38.7, 18.0, 0.0, 1.0
29, Paolo Banchero , ORL, 21, 66, 39, 27, 34.9, 22.8, 8.1, 17.5, 46.4, 1.5, 4.2, 36.7, 5.0, 7.1, 71.2, 1.1, 5.7, 6.8, 5.3, 3.1, 1.0, 0.6, 2.0, 40.4, 13.0, 1.0, 0.0
30, Zion Williamson , NOP, 23, 56, 34, 22, 30.9, 22.6, 8.9, 15.3, 58.2, 0.1, 0.3, 35.7, 4.7, 6.8, 69.6, 1.8, 4.0, 5.8, 5.1, 2.5, 0.9, 0.6, 2.2, 39.2, 10.0, 0.0, 2.2
31, Jaren Jackson Jr. , MEM, 24, 58, 19, 39, 32.1, 22.4, 7.7, 17.2, 44.6, 1.9, 5.6, 33.1, 5.1, 6.3, 81.0, 1.2, 4.4, 5.6, 2.2, 2.4, 1.1, 1.6, 3.5, 38.1, 5.0, 0.0, -4.2
32, Kyle Kuzma , WAS, 28, 65, 11, 54, 32.2, 22.4, 8.7, 18.7, 46.5, 2.2, 6.6, 33.6, 2.7, 3.5, 78.4, 1.0, 5.6, 6.5, 4.2, 2.7, 0.5, 0.7, 2.2, 37.5, 12.0, 0.0, -8.4
33, Paul George , LAC, 33, 61, 39, 22, 34.2, 22.3, 7.8, 16.9, 46.3, 3.3, 8.2, 40.0, 3.4, 3.8, 89.1, 0.5, 4.8, 5.3, 3.7, 2.1, 1.6, 0.5, 2.8, 38.2, 1.0, 0.0, 6.4
34, Dejounte Murray , ATL, 27, 64, 28, 36, 35.4, 22.3, 8.5, 18.2, 46.5, 2.5, 6.7, 36.7, 2.9, 3.6, 81.1, 0.7, 4.5, 5.2, 5.9, 2.4, 1.3, 0.3, 1.7, 39.8, 12.0, 0.0, -1.8
35, Cade Cunningham , DET, 22, 57, 8, 49, 33.6, 22.2, 8.3, 18.4, 45.0, 1.9, 5.5, 35.3, 3.7, 4.3, 86.5, 0.5, 3.7, 4.3, 7.6, 3.5, 0.8, 0.4, 2.5, 38.8, 13.0, 0.0, -5.6
36, Karl-Anthony Towns , MIN, 28, 60, 41, 19, 32.8, 22.1, 7.9, 15.5, 50.6, 2.2, 5.3, 42.3, 4.2, 4.8, 87.4, 1.5, 6.9, 8.4, 3.0, 2.8, 0.7, 0.7, 3.3, 38.0, 22.0, 0.0, 5.7
37, Pascal Siakam , IND, 29, 66, 29, 37, 33.9, 21.5, 8.4, 15.7, 53.2, 1.1, 3.3, 33.6, 3.7, 4.9, 74.5, 1.6, 5.1, 6.7, 4.6, 1.8, 0.8, 0.3, 2.4, 38.2, 11.0, 1.0, 0.7
38, Cam Thomas , BKN, 22, 53, 18, 35, 30.2, 21.5, 7.8, 17.5, 44.2, 2.1, 5.6, 36.8, 3.9, 4.6, 84.0, 0.4, 2.7, 3.1, 2.8, 1.8, 0.8, 0.2, 2.1, 30.5, 0.0, 0.0, -2.3
39, Jimmy Butler , MIA, 34, 47, 24, 23, 34.1, 21.4, 6.9, 13.7, 50.0, 1.0, 2.3, 42.2, 6.7, 7.9, 85.2, 1.9, 3.5, 5.5, 4.8, 1.7, 1.4, 0.4, 1.2, 38.7, 5.0, 1.0, 2.6
40, Miles Bridges , CHA, 25, 57, 14, 43, 37.6, 21.3, 8.2, 17.9, 45.7, 2.3, 6.6, 35.4, 2.6, 3.1, 82.5, 1.0, 6.6, 7.6, 3.4, 2.0, 1.0, 0.5, 1.8, 37.9, 18.0, 0.0, -8.9
41, Brandon Ingram , NOP, 26, 61, 37, 24, 33.2, 21.2, 7.9, 16.1, 49.1, 1.4, 3.8, 36.1, 4.0, 5.0, 80.3, 0.7, 4.4, 5.1, 5.8, 2.6, 0.8, 0.6, 2.3, 37.8, 3.0, 1.0, 3.4
42, Alperen Sengun , HOU, 21, 63, 29, 34, 32.5, 21.1, 8.4, 15.6, 53.7, 0.5, 1.8, 29.7, 3.9, 5.6, 69.3, 2.9, 6.4, 9.3, 5.0, 2.6, 1.2, 0.7, 3.3, 43.0, 29.0, 2.0, 0.8
43, Jerami Grant , POR, 30, 54, 17, 37, 33.9, 21.0, 7.1, 15.7, 45.1, 2.1, 5.1, 40.2, 4.7, 5.8, 81.7, 0.7, 2.9, 3.5, 2.8, 2.1, 0.8, 0.6, 2.2, 31.7, 1.0, 0.0, -6.5
44, Jamal Murray , DEN, 27, 52, 38, 14, 32.0, 20.9, 7.9, 16.7, 47.6, 2.4, 5.7, 41.6, 2.7, 3.2, 84.8, 0.7, 3.4, 4.1, 6.6, 2.1, 0.9, 0.6, 1.8, 38.4, 10.0, 0.0, 4.8
45, Victor Wembanyama , SAS, 20, 60, 14, 46, 29.0, 20.8, 7.6, 16.3, 46.7, 1.7, 5.2, 32.7, 4.0, 4.9, 80.3, 2.2, 8.2, 10.4, 3.5, 3.5, 1.3, 3.5, 2.2, 49.2, 36.0, 2.0, -2.5
46, Tyler Herro , MIA, 24, 36, 19, 17, 33.6, 20.8, 7.9, 18.0, 43.7, 3.3, 8.1, 39.9, 1.8, 2.2, 83.5, 0.5, 4.8, 5.3, 4.4, 2.1, 0.8, 0.1, 1.4, 34.3, 2.0, 0.0, -0.6
47, Mikal Bridges , BKN, 27, 68, 26, 42, 35.3, 20.6, 7.2, 16.4, 43.9, 2.5, 7.0, 36.3, 3.6, 4.4, 81.7, 0.8, 4.0, 4.8, 3.7, 2.1, 1.0, 0.4, 1.5, 33.9, 3.0, 0.0, -1.9
48, Tyrese Haliburton , IND, 24, 55, 31, 24, 32.3, 20.5, 7.4, 15.5, 47.9, 2.8, 7.7, 36.5, 2.9, 3.3, 85.8, 0.5, 3.4, 3.9, 11.2, 2.4, 1.1, 0.7, 1.0, 44.9, 38.0, 1.0, 3.3
49, Kristaps Porzingis , BOS, 28, 46, 35, 11, 29.8, 20.4, 6.8, 13.2, 52.0, 2.0, 5.2, 37.5, 4.8, 5.6, 85.9, 1.6, 5.4, 7.0, 2.0, 1.6, 0.6, 1.8, 2.7, 37.6, 9.0, 0.0, 8.0
50, Domantas Sabonis , SAC, 27, 66, 38, 28, 35.9, 20.1, 8.2, 13.3, 61.4, 0.5, 1.1, 42.3, 3.3, 4.8, 69.5, 3.5, 10.1, 13.6, 8.3, 3.3, 0.9, 0.6, 3.1, 50.1, 62.0, 23.0, 0.3
51, Franz Wagner , ORL, 22, 60, 37, 23, 32.9, 20.1, 7.5, 15.6, 47.9, 1.4, 4.8, 29.2, 3.7, 4.4, 84.8, 1.0, 4.6, 5.6, 3.9, 2.1, 1.1, 0.4, 2.4, 34.9, 0.0, 0.0, 2.7
52, Terry Rozier , MIA, 30, 50, 16, 34, 34.1, 19.9, 7.3, 16.5, 44.3, 2.2, 6.6, 33.1, 3.1, 3.6, 86.2, 0.6, 3.5, 4.2, 6.2, 1.8, 1.0, 0.3, 1.7, 36.4, 4.0, 0.0, -6.7
53, Bam Adebayo , MIA, 26, 57, 32, 25, 34.6, 19.9, 7.6, 14.9, 51.4, 0.1, 0.3, 23.5, 4.5, 6.0, 75.3, 2.3, 8.2, 10.5, 3.9, 2.3, 1.1, 1.0, 2.4, 42.3, 34.0, 2.0, 0.1
54, Scottie Barnes , TOR, 22, 60, 22, 38, 34.9, 19.9, 7.5, 15.7, 47.5, 1.7, 4.9, 34.1, 3.3, 4.2, 78.1, 2.4, 5.9, 8.2, 6.1, 2.8, 1.3, 1.5, 2.0, 44.2, 25.0, 4.0, -2.4
55, RJ Barrett , TOR, 23, 53, 24, 29, 31.6, 19.5, 7.3, 14.9, 48.8, 1.6, 4.4, 36.9, 3.4, 4.8, 70.9, 0.9, 4.4, 5.3, 3.2, 2.0, 0.5, 0.4, 2.2, 31.4, 1.0, 0.0, -2.3
56, Coby White , CHI, 24, 66, 32, 34, 36.7, 19.5, 6.9, 15.3, 45.2, 2.8, 7.3, 38.8, 2.8, 3.4, 83.9, 0.6, 4.1, 4.7, 5.2, 2.2, 0.7, 0.2, 2.4, 33.6, 4.0, 0.0, -0.3
57, Zach LaVine , CHI, 29, 25, 10, 15, 34.9, 19.5, 6.8, 15.0, 45.2, 2.4, 6.8, 34.9, 3.5, 4.1, 85.4, 0.3, 4.8, 5.2, 3.9, 2.1, 0.8, 0.3, 2.3, 33.0, 1.0, 0.0, -3.7
58, Devin Vassell , SAS, 23, 62, 14, 48, 32.8, 19.3, 7.2, 15.3, 47.0, 2.5, 6.6, 38.0, 2.4, 3.0, 79.4, 0.4, 3.4, 3.8, 4.0, 1.6, 1.0, 0.4, 1.1, 32.5, 0.0, 0.0, -4.0
59, Jalen Williams , OKC, 22, 60, 42, 18, 31.7, 19.2, 7.5, 14.0, 53.8, 1.5, 3.4, 44.9, 2.6, 3.2, 81.9, 0.5, 3.6, 4.1, 4.5, 1.7, 1.1, 0.6, 2.6, 34.2, 2.0, 0.0, 5.0
60, Darius Garland , CLE, 24, 43, 25, 18, 33.2, 18.8, 6.8, 14.7, 45.9, 2.4, 6.2, 38.5, 2.9, 3.5, 84.0, 0.4, 2.0, 2.5, 6.3, 3.1, 1.3, 0.1, 1.7, 32.4, 3.0, 0.0, 2.5
61, Bradley Beal , PHX, 30, 39, 23, 16, 33.0, 18.8, 7.4, 14.6, 50.7, 1.7, 4.4, 37.8, 2.4, 3.0, 79.5, 0.9, 3.2, 4.1, 4.8, 2.5, 1.0, 0.3, 2.5, 32.3, 2.0, 0.0, 1.2
62, Jalen Green , HOU, 22, 67, 32, 35, 31.1, 18.7, 6.6, 15.7, 41.7, 2.2, 6.9, 32.1, 3.4, 4.2, 80.6, 0.4, 4.5, 4.9, 3.4, 2.2, 0.7, 0.3, 1.3, 30.7, 5.0, 1.0, -0.1
63, CJ McCollum , NOP, 32, 51, 34, 17, 31.3, 18.4, 6.7, 14.7, 45.6, 3.3, 7.9, 41.0, 1.7, 2.1, 79.4, 0.5, 3.7, 4.3, 4.4, 1.6, 1.0, 0.7, 2.0, 33.6, 1.0, 0.0, 3.2
64, Collin Sexton , UTA, 25, 67, 29, 38, 25.7, 18.3, 6.3, 12.8, 48.7, 1.7, 4.1, 40.3, 4.1, 4.8, 86.3, 0.9, 1.7, 2.6, 4.8, 2.0, 0.8, 0.2, 2.0, 29.6, 4.0, 0.0, -0.3
65, Nikola Vucevic , CHI, 33, 63, 31, 32, 34.5, 18.2, 7.8, 16.3, 47.8, 1.2, 4.2, 28.4, 1.4, 1.6, 85.3, 2.8, 7.8, 10.7, 3.3, 1.6, 0.7, 0.8, 2.6, 38.6, 39.0, 0.0, -2.0
66, D'Angelo Russell , LAL, 28, 63, 36, 27, 32.1, 17.9, 6.6, 14.1, 46.7, 2.8, 6.7, 41.9, 2.0, 2.5, 80.0, 0.4, 2.5, 3.0, 6.3, 2.0, 0.8, 0.5, 2.1, 33.0, 7.0, 0.0, 1.3
67, Jordan Clarkson , UTA, 31, 54, 22, 32, 30.5, 17.4, 6.2, 15.0, 41.7, 1.7, 5.7, 29.6, 3.2, 3.6, 88.3, 0.9, 2.5, 3.4, 5.0, 2.6, 0.6, 0.1, 1.5, 28.6, 6.0, 1.0, -3.3
68, Bojan Bogdanovic , NYK, 34, 42, 10, 32, 29.5, 17.3, 6.1, 13.5, 45.1, 2.7, 6.7, 39.7, 2.5, 3.2, 78.9, 0.4, 2.6, 3.1, 2.0, 2.0, 0.7, 0.1, 2.0, 24.4, 1.0, 0.0, -7.8
69, James Harden , LAC, 34, 60, 38, 22, 34.7, 17.3, 5.1, 11.6, 44.0, 2.8, 6.8, 40.3, 4.4, 5.0, 88.2, 0.5, 4.7, 5.1, 8.3, 2.6, 1.1, 0.9, 1.9, 39.2, 18.0, 2.0, 4.8
70, Myles Turner , IND, 27, 64, 36, 28, 27.4, 17.3, 6.3, 12.0, 52.4, 1.4, 4.1, 34.2, 3.3, 4.3, 78.0, 1.6, 5.5, 7.0, 1.3, 1.5, 0.5, 1.8, 3.1, 33.2, 14.0, 0.0, 2.5
71, Klay Thompson , GSW, 34, 63, 32, 31, 29.6, 17.2, 6.1, 14.4, 42.2, 3.3, 8.7, 38.3, 1.7, 1.9, 91.5, 0.5, 2.9, 3.4, 2.2, 1.5, 0.6, 0.5, 1.7, 26.2, 0.0, 0.0, -1.3
72, Tobias Harris , PHI, 31, 60, 35, 25, 33.8, 17.1, 6.6, 13.5, 49.0, 1.2, 3.6, 33.8, 2.7, 3.1, 88.2, 1.1, 5.1, 6.2, 3.2, 1.3, 1.1, 0.6, 1.6, 32.8, 7.0, 0.0, 3.2
73, Fred VanVleet , HOU, 30, 60, 31, 29, 36.8, 16.9, 5.6, 13.5, 41.4, 3.0, 7.8, 38.3, 2.7, 3.1, 86.6, 0.4, 3.4, 3.8, 8.2, 1.8, 1.2, 0.8, 2.3, 38.0, 19.0, 0.0, 2.9
74, Chet Holmgren , OKC, 21, 67, 47, 20, 30.2, 16.8, 6.3, 11.8, 53.7, 1.7, 4.3, 39.2, 2.5, 3.1, 79.1, 1.6, 6.3, 7.9, 2.7, 1.6, 0.6, 2.5, 2.4, 38.1, 20.0, 0.0, 4.9
75, Michael Porter Jr. , DEN, 25, 67, 47, 20, 31.7, 16.7, 6.4, 13.3, 48.5, 2.8, 6.9, 40.0, 1.1, 1.3, 82.8, 1.3, 5.7, 7.0, 1.5, 1.1, 0.5, 0.7, 1.9, 30.0, 13.0, 0.0, 5.5
76, Jordan Poole , WAS, 24, 66, 11, 55, 29.1, 16.7, 6.0, 14.6, 41.1, 2.2, 6.9, 32.4, 2.5, 2.8, 86.2, 0.4, 2.1, 2.5, 3.9, 2.3, 1.1, 0.4, 3.2, 27.6, 1.0, 0.0, -7.2
77, Brandon Miller , CHA, 21, 61, 15, 46, 31.9, 16.6, 6.3, 14.4, 43.6, 2.3, 6.3, 36.6, 1.8, 2.1, 81.7, 0.9, 3.3, 4.2, 2.4, 1.8, 0.9, 0.6, 2.6, 28.0, 1.0, 0.0, -6.2
78, Bogdan Bogdanovic , ATL, 31, 64, 29, 35, 29.7, 16.5, 5.9, 14.0, 42.1, 3.1, 8.4, 36.8, 1.7, 1.9, 91.6, 0.6, 2.7, 3.4, 3.0, 1.4, 1.3, 0.3, 2.3, 28.5, 0.0, 0.0, 2.5
79, Immanuel Quickley , TOR, 24, 62, 26, 36, 28.9, 16.4, 5.6, 13.0, 43.2, 2.5, 6.2, 39.6, 2.7, 3.3, 82.9, 0.2, 3.4, 3.6, 4.6, 1.4, 0.7, 0.1, 1.6, 28.8, 6.0, 0.0, -0.5
80, Jonathan Kuminga , GSW, 21, 65, 34, 31, 26.1, 16.2, 6.2, 11.6, 53.0, 0.7, 2.3, 32.4, 3.2, 4.2, 74.3, 1.3, 3.5, 4.8, 2.1, 1.7, 0.7, 0.5, 2.2, 26.9, 4.0, 0.0, 1.7
81, Jarrett Allen , CLE, 25, 62, 40, 22, 31.6, 16.1, 6.5, 10.4, 62.5, 0.0, 0.1, 0.0, 3.0, 4.1, 73.5, 3.3, 7.3, 10.6, 2.7, 1.7, 0.7, 1.2, 2.1, 36.9, 33.0, 0.0, 3.7
82, Keldon Johnson , SAS, 24, 63, 15, 48, 29.6, 16.0, 5.8, 12.8, 45.6, 1.9, 5.4, 35.1, 2.5, 3.1, 79.1, 1.4, 4.1, 5.5, 2.9, 1.5, 0.8, 0.3, 2.2, 28.7, 9.0, 0.0, -5.3
83, Shaedon Sharpe , POR, 20, 32, 8, 24, 33.1, 15.9, 5.5, 13.6, 40.6, 1.9, 5.6, 33.3, 3.1, 3.7, 82.4, 1.3, 3.7, 5.0, 2.9, 2.3, 0.9, 0.4, 2.8, 27.8, 1.0, 0.0, -7.7
84, Jalen Johnson , ATL, 22, 50, 25, 25, 34.0, 15.9, 6.4, 12.4, 51.5, 1.3, 3.5, 36.4, 1.9, 2.6, 72.0, 1.3, 7.3, 8.6, 3.5, 1.7, 1.2, 0.9, 2.5, 36.0, 18.0, 0.0, -1.0
85, Austin Reaves , LAL, 25, 68, 36, 32, 31.8, 15.9, 5.6, 11.4, 49.4, 1.9, 5.0, 38.1, 2.8, 3.2, 85.9, 0.6, 3.5, 4.1, 5.5, 2.2, 0.9, 0.2, 1.8, 30.0, 6.0, 0.0, -1.3
86, Deandre Ayton , POR, 25, 45, 12, 33, 32.3, 15.7, 7.3, 12.5, 58.1, 0.0, 0.1, 33.3, 1.2, 1.4, 82.8, 3.2, 7.8, 11.1, 1.6, 1.8, 1.0, 0.8, 2.1, 35.1, 25.0, 0.0, -4.6
87, Malik Monk , SAC, 26, 65, 38, 27, 26.2, 15.7, 5.6, 12.5, 44.8, 2.2, 6.0, 36.9, 2.3, 2.8, 81.4, 0.4, 2.6, 3.0, 5.3, 2.1, 0.6, 0.6, 2.1, 28.8, 2.0, 0.0, 0.3
88, Malcolm Brogdon , POR, 31, 39, 15, 24, 28.7, 15.7, 5.6, 12.7, 44.0, 2.1, 5.1, 41.2, 2.4, 3.0, 81.9, 0.7, 3.1, 3.8, 5.5, 1.5, 0.7, 0.2, 1.5, 29.7, 4.0, 0.0, -2.1
89, Tim Hardaway Jr. , DAL, 32, 65, 38, 27, 27.9, 15.7, 5.4, 13.2, 40.7, 2.9, 8.0, 35.9, 2.1, 2.4, 85.4, 0.3, 3.1, 3.4, 1.7, 0.9, 0.5, 0.1, 1.4, 23.1, 0.0, 0.0, 0.4
90, Evan Mobley , CLE, 22, 38, 24, 14, 31.1, 15.6, 6.5, 11.3, 57.7, 0.3, 0.9, 31.4, 2.3, 3.3, 70.4, 2.4, 7.8, 10.2, 3.1, 1.9, 0.9, 1.6, 2.8, 37.9, 20.0, 0.0, 1.1
91, De'Andre Hunter , ATL, 26, 43, 20, 23, 28.4, 15.6, 5.3, 11.0, 48.0, 2.0, 4.9, 42.1, 2.9, 3.4, 86.3, 0.5, 3.1, 3.7, 1.3, 1.4, 0.7, 0.3, 2.7, 23.8, 1.0, 0.0, -0.6
92, Jaden Ivey , DET, 22, 63, 12, 51, 28.6, 15.2, 5.3, 12.1, 43.5, 1.5, 4.6, 32.9, 3.1, 4.1, 75.9, 1.2, 2.2, 3.5, 3.7, 2.5, 0.7, 0.6, 2.8, 26.5, 1.0, 0.0, -3.6
93, Derrick White , BOS, 29, 62, 50, 12, 32.3, 15.1, 5.3, 11.4, 46.6, 2.6, 6.5, 40.0, 1.9, 2.1, 89.9, 0.7, 3.5, 4.1, 5.0, 1.6, 1.0, 1.3, 2.1, 33.0, 3.0, 0.0, 9.3
94, Khris Middleton , MIL, 32, 44, 28, 16, 26.2, 15.0, 5.7, 11.6, 48.8, 1.7, 4.5, 38.1, 1.9, 2.3, 83.8, 0.6, 3.6, 4.3, 5.1, 2.1, 0.9, 0.3, 2.5, 29.1, 4.0, 0.0, 3.9
95, OG Anunoby , NYK, 26, 44, 26, 18, 34.1, 14.9, 5.7, 11.5, 49.2, 2.0, 5.5, 37.1, 1.5, 2.0, 76.7, 1.0, 3.4, 4.3, 2.3, 1.6, 1.3, 0.7, 2.3, 27.9, 0.0, 0.0, 7.6
96, Keegan Murray , SAC, 23, 61, 35, 26, 33.0, 14.7, 5.5, 12.1, 45.9, 2.2, 6.1, 35.5, 1.4, 1.7, 84.6, 1.3, 4.1, 5.3, 1.6, 0.9, 1.1, 0.7, 2.7, 28.0, 5.0, 0.0, 0.9
97, Kelly Oubre Jr. , PHI, 28, 54, 30, 24, 29.5, 14.7, 5.4, 12.2, 44.4, 1.4, 4.6, 30.0, 2.5, 3.3, 73.9, 1.3, 3.3, 4.6, 1.2, 1.1, 1.1, 0.5, 3.0, 25.8, 2.0, 0.0, -1.6
98, John Collins , UTA, 26, 62, 27, 35, 28.3, 14.6, 5.7, 10.9, 52.7, 1.2, 3.4, 34.7, 1.9, 2.5, 77.9, 2.3, 6.2, 8.5, 1.2, 1.5, 0.5, 1.0, 2.8, 29.7, 22.0, 0.0, -4.1
99, Bennedict Mathurin , IND, 21, 59, 33, 26, 26.1, 14.5, 5.0, 11.2, 44.6, 1.4, 3.6, 37.4, 3.1, 3.8, 82.1, 1.0, 2.9, 4.0, 2.0, 1.6, 0.6, 0.2, 2.0, 23.1, 3.0, 0.0, -1.6
100, Marcus Smart , MEM, 30, 20, 7, 13, 30.2, 14.5, 5.1, 11.9, 43.0, 2.1, 6.7, 31.3, 2.2, 2.8, 76.8, 0.3, 2.4, 2.7, 4.3, 3.1, 2.1, 0.3, 2.7, 27.9, 0.0, 0.0, -1.0
101, Donte DiVincenzo , NYK, 27, 66, 40, 26, 26.9, 14.3, 5.0, 11.6, 43.4, 3.2, 8.1, 39.6, 1.0, 1.3, 74.7, 0.8, 2.7, 3.5, 2.6, 1.3, 1.3, 0.4, 2.0, 26.0, 0.0, 0.0, 1.5
102, Trey Murphy III , NOP, 23, 42, 27, 15, 27.5, 14.0, 4.7, 10.6, 44.6, 2.9, 7.7, 37.9, 1.7, 2.2, 77.4, 0.6, 3.6, 4.2, 2.0, 0.5, 0.8, 0.5, 1.2, 25.5, 0.0, 0.0, 5.8
103, Jalen Duren , DET, 20, 52, 12, 40, 29.9, 14.0, 5.9, 9.3, 63.2, 0.0, 0.1, 0.0, 2.2, 2.8, 77.0, 3.3, 8.6, 12.0, 2.6, 2.1, 0.5, 0.8, 3.3, 34.1, 38.0, 0.0, -5.0
104, Deni Avdija , WAS, 23, 63, 11, 52, 29.1, 14.0, 5.2, 10.2, 51.2, 1.1, 2.9, 38.8, 2.4, 3.3, 73.8, 1.2, 5.7, 6.9, 3.7, 2.0, 0.8, 0.4, 2.5, 29.4, 12.0, 0.0, -5.1
105, Dennis Schroder , BKN, 30, 68, 24, 44, 30.6, 13.9, 5.0, 11.3, 44.4, 1.7, 4.5, 38.3, 2.2, 2.7, 81.6, 0.4, 2.3, 2.7, 6.0, 1.9, 0.8, 0.2, 2.0, 27.3, 7.0, 0.0, -1.7
106, Norman Powell , LAC, 30, 65, 41, 24, 26.0, 13.9, 4.9, 10.1, 48.9, 2.2, 5.1, 43.5, 1.8, 2.2, 82.6, 0.2, 2.4, 2.6, 1.1, 0.9, 0.6, 0.3, 1.9, 20.5, 0.0, 0.0, 2.4
107, Caris LeVert , CLE, 29, 55, 33, 22, 28.2, 13.8, 5.1, 12.2, 41.4, 1.6, 5.1, 32.4, 2.1, 2.7, 74.8, 0.5, 3.3, 3.9, 5.1, 1.5, 1.1, 0.5, 1.7, 29.1, 4.0, 0.0, 2.5
108, Aaron Gordon , DEN, 28, 62, 42, 20, 31.4, 13.8, 5.5, 9.8, 56.0, 0.5, 1.9, 28.4, 2.3, 3.5, 64.8, 2.3, 4.1, 6.4, 3.3, 1.4, 0.8, 0.6, 2.0, 29.2, 10.0, 0.0, 5.7
109, Cameron Johnson , BKN, 28, 52, 19, 33, 27.7, 13.7, 4.9, 10.8, 45.2, 2.4, 6.1, 39.5, 1.5, 1.9, 77.8, 1.0, 3.4, 4.4, 2.5, 1.0, 0.9, 0.3, 1.8, 25.0, 1.0, 0.0, -0.9
110, Saddiq Bey , ATL, 24, 63, 28, 35, 32.7, 13.7, 4.6, 11.1, 41.6, 1.8, 5.7, 31.6, 2.7, 3.2, 83.7, 2.7, 3.9, 6.5, 1.5, 0.9, 0.8, 0.2, 1.4, 25.8, 8.0, 0.0, -0.3
111, Duncan Robinson , MIA, 29, 62, 35, 27, 28.6, 13.7, 4.8, 10.4, 46.0, 2.9, 7.2, 40.6, 1.2, 1.4, 89.5, 0.2, 2.3, 2.5, 3.0, 1.4, 0.7, 0.2, 2.3, 22.6, 0.0, 0.0, 1.3
112, Rudy Gobert , MIN, 31, 63, 44, 19, 33.9, 13.7, 5.2, 8.1, 64.8, 0.0, 0.0, 0.0, 3.2, 5.0, 64.9, 3.7, 9.2, 12.9, 1.2, 1.5, 0.6, 2.1, 3.1, 37.8, 44.0, 0.0, 6.0
113, Jabari Smith Jr. , HOU, 20, 62, 31, 31, 32.0, 13.5, 4.9, 10.8, 45.3, 1.7, 4.8, 36.4, 1.9, 2.4, 82.2, 2.0, 6.5, 8.5, 1.5, 1.2, 0.8, 0.8, 2.7, 29.3, 15.0, 0.0, -0.6
114, Grayson Allen , PHX, 28, 62, 36, 26, 33.8, 13.4, 4.5, 8.8, 50.5, 2.8, 5.8, 47.8, 1.7, 1.9, 89.2, 0.6, 3.2, 3.8, 3.1, 1.3, 0.9, 0.6, 2.2, 25.8, 1.0, 0.0, 2.7
115, Bobby Portis , MIL, 29, 68, 44, 24, 24.0, 13.4, 5.4, 10.8, 50.4, 1.2, 3.0, 39.3, 1.3, 1.6, 79.3, 1.6, 5.5, 7.1, 1.2, 1.0, 0.8, 0.4, 2.3, 25.9, 11.0, 0.0, -0.2
116, Dillon Brooks , HOU, 28, 58, 28, 30, 31.2, 12.9, 4.7, 10.7, 43.7, 1.9, 5.0, 37.5, 1.7, 2.1, 83.5, 0.8, 2.7, 3.5, 1.7, 1.3, 0.9, 0.1, 3.3, 21.4, 1.0, 0.0, -0.5
117, Naz Reid , MIN, 24, 67, 46, 21, 23.6, 12.9, 4.8, 9.9, 48.0, 2.0, 4.8, 41.3, 1.3, 1.7, 75.9, 0.9, 4.1, 5.0, 1.2, 1.2, 0.7, 0.9, 2.1, 24.2, 3.0, 0.0, 3.7
118, P.J. Washington , DAL, 25, 60, 19, 41, 29.9, 12.8, 4.9, 11.1, 43.6, 1.7, 5.5, 30.5, 1.4, 2.1, 69.9, 1.2, 4.2, 5.4, 2.0, 1.4, 0.9, 0.8, 2.4, 25.9, 2.0, 0.0, -3.4
119, Keyonte George , UTA, 20, 60, 25, 35, 26.0, 12.8, 4.2, 10.4, 40.1, 2.0, 5.7, 35.5, 2.5, 3.0, 83.1, 0.2, 2.6, 2.8, 4.4, 2.2, 0.5, 0.1, 1.2, 22.4, 1.0, 0.0, -3.9
120, Jonas Valanciunas , NOP, 31, 67, 41, 26, 24.6, 12.8, 5.1, 9.1, 55.8, 0.5, 1.5, 35.0, 2.1, 2.6, 80.5, 2.5, 6.8, 9.3, 2.2, 1.4, 0.4, 1.0, 2.7, 30.0, 31.0, 0.0, 2.4
121, Jrue Holiday , BOS, 33, 61, 48, 13, 33.1, 12.8, 4.9, 10.0, 48.5, 2.0, 4.6, 44.5, 1.0, 1.2, 83.3, 1.2, 4.2, 5.4, 4.9, 1.8, 0.9, 0.8, 1.6, 29.8, 7.0, 0.0, 6.8
122, Mark Williams , CHA, 22, 19, 7, 12, 26.8, 12.7, 5.2, 7.9, 64.9, 0.0, 0.0, 0.0, 2.4, 3.4, 71.9, 4.0, 5.7, 9.7, 1.2, 0.9, 0.8, 1.1, 2.6, 30.9, 8.0, 0.0, -1.1
123, Rui Hachimura , LAL, 26, 54, 29, 25, 25.8, 12.7, 5.0, 9.5, 52.7, 1.3, 3.2, 41.1, 1.3, 1.9, 71.3, 0.8, 2.9, 3.7, 1.1, 0.7, 0.7, 0.3, 1.4, 21.0, 0.0, 0.0, 1.3
124, Gary Trent Jr. , TOR, 25, 61, 22, 39, 27.5, 12.7, 4.7, 11.0, 42.6, 2.5, 6.2, 40.7, 0.8, 1.1, 71.6, 0.3, 2.2, 2.5, 1.5, 0.6, 1.0, 0.2, 1.3, 20.8, 1.0, 0.0, -2.1
125, Andrew Wiggins , GSW, 29, 57, 28, 29, 26.9, 12.6, 4.8, 10.6, 45.5, 1.2, 3.3, 35.1, 1.8, 2.5, 73.6, 1.5, 2.7, 4.2, 1.7, 1.2, 0.6, 0.5, 2.2, 22.3, 2.0, 0.0, -1.6
126, Scoot Henderson , POR, 20, 48, 16, 32, 26.8, 12.6, 4.4, 11.6, 37.6, 1.1, 3.9, 29.4, 2.7, 3.3, 82.2, 0.8, 2.2, 3.0, 4.7, 2.9, 0.6, 0.2, 3.1, 22.8, 4.0, 0.0, -6.8
127, Jaime Jaquez Jr. , MIA, 23, 61, 36, 25, 29.4, 12.6, 4.9, 9.8, 49.4, 0.9, 2.7, 32.3, 2.0, 2.5, 80.0, 1.2, 2.8, 4.0, 2.6, 1.5, 1.1, 0.2, 2.3, 23.7, 1.0, 0.0, 0.6
128, GG Jackson , MEM, 19, 34, 10, 24, 22.3, 12.5, 4.2, 9.9, 42.7, 1.8, 5.0, 35.7, 2.3, 3.1, 74.0, 1.1, 2.5, 3.6, 0.9, 1.1, 0.4, 0.6, 1.2, 20.0, 0.0, 0.0, -2.5
129, Buddy Hield , PHI, 31, 69, 36, 33, 26.8, 12.5, 4.6, 10.5, 44.0, 2.8, 7.0, 39.1, 0.6, 0.6, 86.4, 0.6, 2.6, 3.2, 3.1, 1.3, 0.9, 0.5, 2.1, 24.0, 1.0, 0.0, 0.7
130, Brook Lopez , MIL, 35, 65, 43, 22, 31.0, 12.4, 4.6, 9.7, 47.8, 1.8, 5.2, 35.7, 1.3, 1.6, 82.9, 1.5, 3.9, 5.4, 1.7, 0.9, 0.6, 2.5, 2.4, 29.9, 4.0, 0.0, 4.9
131, Corey Kispert , WAS, 25, 66, 11, 55, 23.4, 12.4, 4.4, 9.3, 48.0, 2.1, 5.7, 37.2, 1.4, 1.8, 75.4, 0.3, 2.2, 2.6, 1.8, 1.1, 0.5, 0.2, 1.7, 19.1, 0.0, 0.0, -5.6
132, Aaron Nesmith , IND, 24, 59, 33, 26, 27.2, 12.4, 4.4, 8.8, 50.4, 2.1, 4.6, 44.5, 1.5, 2.0, 74.6, 0.9, 2.9, 3.8, 1.5, 0.9, 1.0, 0.7, 3.3, 23.4, 1.0, 0.0, 1.4
133, Harrison Barnes , SAC, 31, 66, 38, 28, 29.4, 12.4, 4.3, 8.8, 48.7, 1.9, 4.8, 40.4, 1.8, 2.2, 81.1, 0.8, 2.1, 2.9, 1.2, 0.7, 0.7, 0.2, 1.3, 19.4, 0.0, 0.0, -1.7
134, Jalen Suggs , ORL, 22, 61, 36, 25, 26.6, 12.3, 4.4, 9.5, 46.3, 2.1, 5.2, 40.1, 1.4, 1.8, 75.7, 0.7, 2.5, 3.2, 2.6, 1.9, 1.4, 0.6, 2.8, 24.0, 0.0, 0.0, 0.5
135, Max Strus , CLE, 27, 60, 39, 21, 32.2, 12.2, 4.4, 10.6, 41.2, 2.4, 7.1, 34.0, 1.0, 1.3, 78.5, 0.9, 3.9, 4.7, 3.8, 1.5, 0.9, 0.5, 2.6, 26.2, 4.0, 0.0, 4.3
136, Nic Claxton , BKN, 24, 58, 21, 37, 29.6, 12.1, 5.3, 8.4, 62.7, 0.0, 0.1, 20.0, 1.6, 2.7, 58.3, 2.6, 7.2, 9.8, 2.1, 1.2, 0.6, 2.1, 2.5, 34.1, 26.0, 0.0, -4.3
137, Cam Whitmore , HOU, 19, 38, 16, 22, 17.8, 12.1, 4.5, 9.6, 46.4, 1.6, 4.4, 36.1, 1.6, 2.3, 67.0, 0.9, 3.0, 3.9, 0.5, 0.9, 0.6, 0.3, 1.3, 19.2, 1.0, 0.0, -0.9
138, Eric Gordon , PHX, 35, 55, 32, 23, 29.3, 12.0, 4.4, 9.7, 45.1, 2.4, 6.2, 38.6, 0.8, 1.1, 79.3, 0.3, 1.7, 2.0, 2.2, 1.2, 0.9, 0.5, 1.3, 20.7, 0.0, 0.0, 1.5
139, Tyus Jones , WAS, 27, 66, 11, 55, 29.3, 12.0, 4.9, 10.1, 48.9, 1.6, 3.9, 41.4, 0.5, 0.6, 80.0, 0.3, 2.4, 2.7, 7.3, 1.0, 1.1, 0.3, 0.7, 29.3, 9.0, 1.0, -7.5
140, Wendell Carter Jr. , ORL, 24, 41, 23, 18, 26.3, 11.7, 4.3, 8.0, 53.7, 1.2, 3.0, 39.5, 1.9, 2.7, 71.8, 2.0, 4.8, 6.9, 1.7, 1.2, 0.5, 0.5, 2.3, 24.3, 6.0, 0.0, 0.8
141, Jeremy Sochan , SAS, 20, 68, 15, 53, 29.7, 11.6, 4.6, 10.3, 44.2, 0.9, 2.9, 32.7, 1.5, 1.9, 77.9, 1.9, 4.4, 6.3, 3.4, 1.9, 0.8, 0.5, 2.4, 26.2, 5.0, 0.0, -4.8
142, Josh Giddey , OKC, 21, 66, 47, 19, 24.5, 11.6, 4.8, 10.3, 46.0, 1.0, 3.0, 32.3, 1.1, 1.3, 82.8, 1.4, 4.7, 6.1, 4.4, 2.0, 0.7, 0.5, 1.3, 27.1, 6.0, 1.0, 3.8
143, Cole Anthony , ORL, 23, 67, 40, 27, 22.9, 11.6, 4.0, 9.4, 42.8, 1.0, 3.3, 31.2, 2.5, 3.0, 82.4, 0.8, 3.1, 3.9, 3.0, 1.6, 0.8, 0.4, 2.4, 22.9, 3.0, 0.0, 0.6
144, Marvin Bagley III , WAS, 25, 44, 4, 40, 21.2, 11.5, 4.7, 8.2, 57.5, 0.1, 0.4, 29.4, 2.0, 2.7, 74.8, 2.7, 3.5, 6.2, 1.2, 1.2, 0.4, 0.6, 1.8, 22.7, 8.0, 0.0, -3.3
145, Jusuf Nurkic , PHX, 29, 64, 39, 25, 27.3, 11.5, 4.5, 8.6, 52.3, 0.3, 1.4, 24.1, 2.2, 3.5, 63.8, 2.9, 8.0, 11.0, 3.8, 2.3, 1.0, 1.0, 3.4, 34.1, 23.0, 0.0, 5.0
146, Malik Beasley , MIL, 27, 65, 41, 24, 29.7, 11.5, 4.1, 9.0, 45.7, 2.9, 6.8, 43.5, 0.3, 0.4, 64.3, 0.6, 3.2, 3.8, 1.4, 0.7, 0.8, 0.1, 2.0, 20.3, 1.0, 0.0, 5.0
147, De'Anthony Melton , PHI, 25, 36, 23, 13, 27.8, 11.5, 3.8, 9.7, 39.1, 2.1, 5.8, 36.2, 1.8, 2.2, 83.5, 0.8, 3.1, 3.8, 3.1, 1.1, 1.6, 0.4, 2.3, 25.5, 0.0, 0.0, 5.9
148, Ivica Zubac , LAC, 27, 55, 33, 22, 26.4, 11.4, 4.8, 7.4, 65.4, 0.0, 0.0, 0.0, 1.7, 2.5, 69.6, 2.9, 6.2, 9.1, 1.4, 1.2, 0.2, 1.2, 2.7, 27.4, 16.0, 0.0, 2.9
149, Clint Capela , ATL, 29, 59, 27, 32, 25.4, 11.3, 4.8, 8.4, 56.4, 0.0, 0.0, 0.0, 1.8, 2.7, 64.8, 4.7, 5.8, 10.6, 1.1, 0.9, 0.5, 1.5, 2.4, 30.8, 29.0, 0.0, -1.2
150, Zach Collins , SAS, 26, 56, 12, 44, 22.7, 11.2, 4.3, 9.0, 48.2, 0.8, 2.7, 30.7, 1.8, 2.3, 74.8, 1.7, 3.6, 5.3, 2.9, 2.0, 0.5, 0.7, 3.1, 23.7, 3.0, 0.0, -6.2
151, Ayo Dosunmu , CHI, 24, 66, 33, 33, 28.0, 11.2, 4.4, 8.9, 48.8, 1.5, 3.8, 39.4, 1.0, 1.3, 79.5, 0.7, 2.1, 2.8, 3.0, 1.3, 0.8, 0.5, 2.1, 21.9, 0.0, 0.0, -2.1
152, Alec Burks , NYK, 32, 58, 14, 44, 19.3, 11.2, 3.4, 9.1, 37.7, 2.0, 5.3, 37.9, 2.3, 2.7, 87.7, 0.4, 1.9, 2.3, 1.4, 0.7, 0.4, 0.2, 1.3, 17.2, 0.0, 0.0, -4.2
153, Jakob Poeltl , TOR, 28, 50, 21, 29, 26.4, 11.1, 5.0, 7.6, 65.6, 0.0, 0.0, 0.0, 1.2, 2.1, 55.1, 2.9, 5.7, 8.6, 2.5, 1.5, 0.7, 1.5, 3.0, 30.3, 20.0, 0.0, -0.3
154, Isaiah Stewart , DET, 22, 45, 9, 36, 31.2, 11.1, 4.1, 8.4, 48.5, 1.5, 3.8, 38.2, 1.4, 1.9, 75.3, 1.6, 5.0, 6.7, 1.6, 1.5, 0.4, 0.8, 2.2, 23.7, 5.0, 0.0, -2.7
155, Luke Kennard , MEM, 27, 36, 13, 23, 25.2, 11.1, 3.6, 8.0, 45.3, 2.8, 6.1, 45.4, 1.1, 1.2, 88.6, 0.3, 2.5, 2.8, 3.3, 1.3, 0.5, 0.0, 1.1, 19.8, 0.0, 0.0, -4.2
156, Russell Westbrook , LAC, 35, 58, 38, 20, 22.6, 11.1, 4.4, 9.8, 45.2, 0.6, 2.4, 26.8, 1.6, 2.3, 67.7, 1.4, 3.7, 5.1, 4.4, 2.0, 1.1, 0.4, 1.8, 26.2, 7.0, 0.0, 1.1
157, Herbert Jones , NOP, 25, 61, 38, 23, 29.4, 11.0, 3.9, 7.7, 51.4, 1.5, 3.5, 43.4, 1.7, 2.0, 85.0, 1.0, 2.6, 3.6, 2.5, 1.2, 1.3, 0.9, 2.9, 24.3, 0.0, 0.0, 3.5
158, Moritz Wagner , ORL, 26, 66, 39, 27, 18.1, 11.0, 4.2, 7.0, 59.5, 0.5, 1.5, 32.0, 2.2, 2.7, 80.4, 1.5, 3.0, 4.5, 1.2, 1.2, 0.5, 0.3, 2.0, 19.3, 3.0, 0.0, 0.6
159, Gordon Hayward , OKC, 33, 38, 17, 21, 26.8, 11.0, 4.2, 9.1, 45.9, 0.7, 1.8, 38.6, 2.0, 2.6, 75.8, 0.9, 3.1, 4.0, 3.7, 1.5, 0.9, 0.3, 1.5, 23.4, 0.0, 0.0, -3.4
160, Bruce Brown , TOR, 27, 56, 25, 31, 28.3, 11.0, 4.2, 8.9, 46.8, 0.8, 2.6, 31.0, 1.9, 2.1, 86.7, 0.8, 3.7, 4.4, 2.8, 1.2, 0.9, 0.3, 2.3, 23.1, 2.0, 0.0, -1.3
161, Daniel Gafford , DAL, 25, 61, 19, 42, 24.7, 10.9, 4.6, 6.5, 70.8, 0.0, 0.0, 0.0, 1.8, 2.5, 70.1, 2.8, 5.0, 7.9, 1.3, 1.0, 0.9, 2.1, 3.1, 30.3, 13.0, 0.0, -2.9
162, Mike Conley , MIN, 36, 62, 44, 18, 28.9, 10.9, 3.7, 8.2, 45.0, 2.3, 5.2, 43.5, 1.3, 1.4, 90.7, 0.5, 2.5, 2.9, 6.0, 1.1, 1.0, 0.2, 1.6, 26.0, 4.0, 0.0, 4.0
163, Luguentz Dort , OKC, 24, 65, 45, 20, 28.6, 10.9, 3.7, 8.3, 44.7, 2.0, 5.0, 41.3, 1.4, 1.7, 83.2, 1.0, 2.7, 3.7, 1.4, 0.9, 0.9, 0.6, 3.0, 21.1, 0.0, 0.0, 4.6
164, Spencer Dinwiddie , LAL, 30, 62, 27, 35, 29.1, 10.8, 3.5, 9.0, 38.8, 1.6, 5.1, 32.1, 2.2, 2.8, 78.0, 0.4, 2.4, 2.8, 5.3, 1.2, 0.7, 0.2, 1.8, 23.6, 4.0, 0.0, 0.2
165, Santi Aldama , MEM, 23, 55, 21, 34, 26.0, 10.6, 4.1, 9.4, 43.2, 1.7, 4.9, 34.2, 0.9, 1.4, 60.3, 1.2, 4.4, 5.6, 2.2, 1.2, 0.7, 0.8, 1.5, 23.9, 4.0, 0.0, -3.9
166, Lonnie Walker IV , BKN, 25, 47, 20, 27, 17.7, 10.6, 3.9, 8.7, 44.1, 2.0, 4.8, 41.8, 0.9, 1.1, 77.4, 0.2, 1.9, 2.1, 1.3, 1.0, 0.6, 0.3, 1.4, 16.9, 0.0, 0.0, 1.5
167, Caleb Martin , MIA, 28, 50, 28, 22, 27.4, 10.5, 4.0, 8.7, 45.3, 1.4, 3.5, 39.3, 1.3, 1.6, 78.8, 1.2, 3.5, 4.7, 2.1, 1.2, 0.7, 0.4, 2.1, 21.5, 2.0, 0.0, 0.6
168, Simone Fontecchio , DET, 28, 66, 29, 37, 24.9, 10.5, 3.8, 8.3, 46.0, 2.0, 5.1, 40.1, 0.8, 1.0, 81.8, 1.0, 2.8, 3.7, 1.5, 1.0, 0.7, 0.3, 1.7, 19.3, 0.0, 0.0, -0.4
169, Kevin Huerter , SAC, 25, 63, 36, 27, 24.8, 10.4, 3.9, 8.9, 44.3, 2.0, 5.4, 36.1, 0.6, 0.7, 76.6, 0.6, 2.9, 3.5, 2.6, 0.8, 0.7, 0.4, 2.1, 20.9, 2.0, 0.0, 1.2
170, Jalen Smith , IND, 24, 48, 28, 20, 17.8, 10.4, 4.0, 6.6, 61.4, 1.1, 2.4, 44.0, 1.2, 1.8, 69.0, 1.7, 3.9, 5.6, 1.1, 0.8, 0.2, 0.6, 2.2, 20.4, 4.0, 0.0, -0.6
171, Scotty Pippen Jr. , MEM, 23, 9, 1, 8, 23.1, 10.3, 3.6, 7.4, 47.8, 1.4, 2.8, 52.0, 1.8, 2.6, 69.6, 1.0, 2.4, 3.4, 5.1, 2.0, 1.1, 0.6, 2.6, 25.1, 0.0, 0.0, -1.6
172, Jaden McDaniels , MIN, 23, 57, 38, 19, 29.0, 10.3, 4.2, 8.6, 48.8, 1.2, 3.4, 34.0, 0.7, 1.0, 75.0, 0.8, 2.2, 2.9, 1.4, 1.2, 0.9, 0.5, 3.1, 18.8, 0.0, 0.0, 2.5
173, Onyeka Okongwu , ATL, 23, 53, 23, 30, 25.8, 10.2, 4.0, 6.6, 61.0, 0.4, 1.2, 33.8, 1.7, 2.2, 80.0, 2.7, 4.3, 7.0, 1.3, 0.8, 0.4, 1.1, 3.0, 24.4, 8.0, 0.0, 0.1
174, Obi Toppin , IND, 26, 68, 38, 30, 21.8, 10.2, 4.0, 7.1, 56.4, 1.2, 3.1, 38.9, 1.0, 1.3, 74.7, 1.0, 2.8, 3.9, 1.5, 0.9, 0.5, 0.5, 1.8, 19.4, 1.0, 0.0, 1.0
175, Vince Williams Jr. , MEM, 23, 52, 18, 34, 27.6, 10.0, 3.3, 7.3, 44.6, 1.5, 4.0, 37.8, 2.0, 2.5, 80.0, 1.1, 4.4, 5.6, 3.4, 1.8, 0.9, 0.7, 2.6, 24.7, 3.0, 0.0, -1.8
176, Kentavious Caldwell-Pope , DEN, 31, 62, 44, 18, 31.6, 10.0, 3.5, 7.8, 44.7, 1.5, 3.9, 39.0, 1.5, 1.6, 92.1, 0.4, 1.9, 2.3, 2.4, 1.0, 1.4, 0.5, 1.9, 20.9, 0.0, 0.0, 7.0
177, Patrick Williams , CHI, 22, 43, 19, 24, 27.3, 10.0, 3.7, 8.3, 44.3, 1.4, 3.4, 39.9, 1.2, 1.5, 78.8, 1.1, 2.8, 3.9, 1.5, 1.3, 0.9, 0.8, 2.0, 20.7, 0.0, 0.0, -0.3
178, Reggie Jackson , DEN, 33, 68, 47, 21, 21.9, 10.0, 4.0, 9.1, 44.0, 1.2, 3.4, 35.8, 0.8, 1.0, 77.6, 0.4, 1.5, 1.9, 3.6, 1.2, 0.5, 0.1, 1.7, 18.4, 1.0, 0.0, 0.9
179, Alex Caruso , CHI, 30, 59, 29, 30, 27.8, 9.9, 3.5, 7.6, 46.9, 1.8, 4.6, 39.4, 1.1, 1.4, 75.6, 0.9, 2.9, 3.8, 3.1, 1.4, 1.6, 1.1, 2.5, 25.7, 1.0, 0.0, 0.5
180, Josh Richardson , MIA, 30, 43, 24, 19, 25.6, 9.9, 3.6, 8.1, 44.4, 1.5, 4.4, 34.7, 1.2, 1.3, 94.4, 0.4, 2.4, 2.8, 2.4, 0.8, 0.6, 0.3, 1.8, 18.7, 0.0, 0.0, -2.5
181, Nick Richards , CHA, 26, 58, 12, 46, 26.6, 9.8, 3.9, 5.7, 68.6, 0.0, 0.0, 0.0, 2.1, 2.8, 72.6, 2.7, 5.6, 8.3, 0.8, 1.1, 0.4, 1.2, 2.7, 24.7, 17.0, 0.0, -6.4
182, Tari Eason , HOU, 22, 22, 12, 10, 21.8, 9.8, 4.0, 8.6, 46.6, 0.8, 2.3, 36.0, 1.0, 1.5, 63.6, 2.1, 4.9, 7.0, 1.2, 0.9, 1.4, 0.9, 2.3, 25.9, 3.0, 0.0, 4.0
183, Talen Horton-Tucker , UTA, 23, 43, 12, 31, 19.6, 9.8, 3.5, 8.8, 39.5, 1.1, 3.4, 33.1, 1.7, 2.1, 80.4, 0.5, 2.0, 2.4, 3.7, 1.3, 0.9, 0.4, 1.8, 20.7, 1.0, 0.0, -1.9
184, Isaac Okoro , CLE, 23, 58, 36, 22, 27.3, 9.7, 3.5, 7.2, 49.3, 1.3, 3.2, 39.5, 1.4, 2.0, 68.6, 1.0, 2.1, 3.2, 2.0, 0.8, 0.9, 0.6, 2.1, 20.1, 0.0, 0.0, 1.1
185, Grant Williams , CHA, 25, 64, 31, 33, 27.5, 9.7, 3.3, 7.6, 44.0, 1.7, 4.5, 37.3, 1.3, 1.7, 77.5, 1.1, 2.9, 4.0, 1.9, 1.4, 0.6, 0.5, 2.9, 19.3, 2.0, 0.0, -2.0
186, Brandin Podziemski , GSW, 21, 58, 30, 28, 27.1, 9.6, 3.8, 8.4, 44.9, 1.3, 3.4, 37.9, 0.8, 1.3, 61.6, 1.6, 4.2, 5.8, 3.9, 1.3, 0.9, 0.2, 1.7, 24.5, 6.0, 0.0, 4.1
187, Tre Jones , SAS, 24, 63, 14, 49, 26.8, 9.6, 3.7, 7.4, 50.6, 0.7, 2.3, 31.9, 1.4, 1.6, 87.4, 0.7, 2.7, 3.4, 6.1, 1.5, 1.0, 0.1, 1.2, 24.8, 3.0, 0.0, -0.7
188, Chris Paul , GSW, 38, 42, 22, 20, 26.9, 9.2, 3.5, 8.0, 43.3, 1.4, 3.7, 37.2, 1.0, 1.1, 83.3, 0.4, 3.6, 3.9, 7.0, 1.1, 1.3, 0.1, 1.8, 27.3, 4.0, 0.0, 1.5
189, T.J. McConnell , IND, 31, 57, 31, 26, 17.8, 9.2, 4.1, 7.5, 54.7, 0.2, 0.5, 35.7, 0.8, 1.0, 78.2, 0.5, 2.2, 2.7, 5.3, 1.5, 1.1, 0.1, 1.1, 22.6, 3.0, 0.0, 0.8
190, Georges Niang , CLE, 30, 67, 42, 25, 21.9, 9.1, 3.4, 7.6, 44.3, 1.7, 4.7, 36.7, 0.7, 0.8, 84.6, 0.3, 3.3, 3.6, 1.3, 0.8, 0.3, 0.2, 2.3, 16.0, 0.0, 0.0, 0.7
191, Josh Hart , NYK, 29, 66, 39, 27, 32.1, 9.1, 3.5, 8.1, 42.6, 1.1, 3.4, 31.8, 1.1, 1.4, 76.9, 1.5, 6.5, 8.0, 3.6, 1.4, 0.9, 0.3, 2.0, 26.4, 14.0, 4.0, 3.3
192, Taurean Prince , LAL, 29, 65, 34, 31, 28.3, 9.1, 3.3, 7.5, 43.9, 1.9, 4.8, 38.9, 0.6, 0.8, 72.7, 0.2, 2.7, 2.9, 1.6, 0.9, 0.8, 0.5, 2.0, 18.0, 0.0, 0.0, -2.3
193, Kevin Love , MIA, 35, 47, 26, 21, 17.5, 9.0, 2.9, 6.5, 44.3, 1.6, 4.5, 34.9, 1.7, 2.2, 77.9, 1.1, 5.1, 6.2, 2.2, 0.8, 0.3, 0.2, 1.8, 20.6, 4.0, 0.0, 1.8
194, Dereck Lively II , DAL, 20, 49, 29, 20, 24.2, 9.0, 4.1, 5.5, 75.4, 0.0, 0.0, 0.0, 0.8, 1.5, 50.7, 2.6, 4.4, 7.0, 1.1, 1.0, 0.7, 1.4, 2.8, 24.4, 8.0, 0.0, 2.8
194, Kelly Olynyk , TOR, 32, 66, 29, 37, 21.3, 9.0, 3.2, 6.0, 54.5, 0.8, 1.9, 40.5, 1.7, 2.1, 82.1, 1.4, 3.7, 5.0, 4.2, 1.7, 0.9, 0.3, 2.8, 23.5, 4.0, 0.0, -2.8
196, Andrew Nembhard , IND, 24, 54, 32, 22, 24.1, 9.0, 3.8, 7.7, 49.0, 0.8, 2.4, 34.6, 0.6, 0.8, 79.1, 0.6, 1.5, 2.1, 4.2, 1.6, 0.9, 0.1, 2.0, 19.2, 1.0, 0.0, 0.2
197, Draymond Green , GSW, 34, 41, 24, 17, 26.7, 9.0, 3.4, 6.9, 49.5, 1.0, 2.4, 41.4, 1.1, 1.5, 75.4, 1.3, 5.8, 7.1, 6.1, 2.5, 0.8, 0.9, 3.1, 29.2, 6.0, 1.0, 2.2
198, Dorian Finney-Smith , BKN, 30, 59, 23, 36, 28.5, 8.9, 3.3, 7.7, 42.7, 1.9, 5.1, 36.6, 0.4, 0.6, 72.2, 1.7, 3.0, 4.7, 1.6, 0.9, 0.8, 0.6, 2.3, 20.3, 0.0, 0.0, -1.0
199, Duop Reath , POR, 27, 53, 15, 38, 17.7, 8.9, 3.3, 7.0, 46.9, 1.3, 3.5, 37.4, 1.0, 1.4, 70.7, 1.5, 2.2, 3.6, 1.0, 0.8, 0.5, 0.5, 2.5, 17.0, 1.0, 0.0, -2.3
200, Derrick Jones Jr. , DAL, 27, 63, 36, 27, 23.6, 8.9, 3.3, 6.7, 49.2, 1.1, 3.3, 35.1, 1.2, 1.7, 71.3, 1.1, 2.3, 3.4, 1.0, 0.9, 0.7, 0.6, 1.6, 17.7, 2.0, 0.0, -0.2
201, Jordan Hawkins , NOP, 21, 57, 34, 23, 19.0, 8.9, 2.9, 7.6, 38.7, 1.8, 5.0, 36.6, 1.1, 1.4, 84.4, 0.5, 2.0, 2.5, 1.2, 0.7, 0.3, 0.1, 1.2, 14.1, 0.0, 0.0, 0.2
202, Ausar Thompson , DET, 21, 63, 10, 53, 25.1, 8.8, 3.7, 7.6, 48.3, 0.3, 1.8, 18.6, 1.1, 1.9, 59.7, 2.0, 4.3, 6.4, 1.9, 1.3, 1.1, 0.9, 2.8, 24.1, 2.0, 0.0, -3.7
203, Malaki Branham , SAS, 20, 63, 13, 50, 20.5, 8.8, 3.4, 8.1, 42.7, 1.1, 3.3, 33.5, 0.8, 0.8, 94.1, 0.4, 1.6, 2.0, 2.2, 1.2, 0.4, 0.1, 1.2, 14.6, 0.0, 0.0, -5.7
204, Jabari Walker , POR, 21, 58, 16, 42, 22.0, 8.5, 3.1, 6.7, 46.9, 0.5, 1.9, 27.5, 1.7, 2.2, 77.2, 2.0, 4.4, 6.4, 0.9, 0.9, 0.6, 0.4, 2.3, 19.5, 7.0, 0.0, -3.9
205, Josh Green , DAL, 23, 54, 31, 23, 26.6, 8.5, 3.2, 6.6, 49.3, 1.3, 3.3, 40.1, 0.7, 1.0, 67.3, 0.7, 2.5, 3.2, 2.3, 1.1, 0.8, 0.2, 1.9, 17.8, 0.0, 0.0, -0.9
206, Bilal Coulibaly , WAS, 19, 63, 11, 52, 27.2, 8.4, 3.0, 6.9, 43.5, 1.0, 2.9, 34.6, 1.5, 2.1, 70.2, 0.9, 3.2, 4.1, 1.7, 1.4, 0.9, 0.8, 2.2, 19.6, 1.0, 0.0, -6.7
207, Sam Hauser , BOS, 26, 66, 53, 13, 21.2, 8.4, 2.9, 6.3, 45.9, 2.4, 5.5, 43.2, 0.2, 0.3, 88.2, 0.6, 2.8, 3.4, 0.9, 0.4, 0.4, 0.3, 1.3, 15.7, 0.0, 0.0, 5.7
208, Amen Thompson , HOU, 21, 48, 21, 27, 20.0, 8.3, 3.4, 6.4, 52.8, 0.2, 1.1, 15.7, 1.4, 2.1, 66.0, 1.9, 3.9, 5.8, 2.3, 1.4, 1.2, 0.6, 2.3, 22.8, 7.0, 0.0, -0.4
209, Dante Exum , DAL, 28, 42, 25, 17, 19.2, 8.3, 3.2, 5.8, 55.0, 0.9, 1.8, 47.4, 1.1, 1.5, 75.8, 0.5, 2.2, 2.6, 2.9, 0.8, 0.5, 0.1, 1.5, 16.7, 0.0, 0.0, 3.4
210, Terance Mann , LAC, 27, 61, 39, 22, 25.4, 8.3, 3.2, 6.5, 48.7, 1.0, 2.8, 33.5, 1.0, 1.2, 81.9, 1.2, 2.2, 3.4, 1.7, 0.6, 0.6, 0.2, 1.9, 16.7, 1.0, 0.0, 0.8
211, Al Horford , BOS, 37, 56, 44, 12, 26.8, 8.3, 3.1, 6.3, 49.9, 1.6, 3.9, 41.1, 0.4, 0.5, 88.5, 1.3, 5.2, 6.5, 2.7, 0.7, 0.6, 1.0, 1.5, 24.1, 3.0, 0.0, 6.5
212, Andre Drummond , CHI, 30, 68, 33, 35, 17.0, 8.3, 3.4, 6.0, 55.5, 0.0, 0.0, 0.0, 1.5, 2.7, 56.8, 3.3, 5.4, 8.7, 0.5, 1.1, 0.9, 0.6, 1.8, 23.0, 13.0, 0.0, -0.3
212, Precious Achiuwa , NYK, 24, 60, 31, 29, 23.0, 8.3, 3.4, 6.9, 50.0, 0.4, 1.5, 27.0, 1.0, 1.6, 62.1, 2.7, 4.0, 6.7, 1.4, 1.2, 0.7, 1.0, 2.0, 22.2, 8.0, 0.0, 0.5
214, Dario Saric , GSW, 29, 61, 32, 29, 17.6, 8.2, 2.9, 6.2, 46.5, 1.2, 3.2, 37.6, 1.2, 1.5, 85.4, 1.2, 3.4, 4.5, 2.3, 1.2, 0.5, 0.1, 1.8, 17.9, 2.0, 0.0, -0.3
215, Walker Kessler , UTA, 22, 55, 26, 29, 23.4, 8.2, 3.7, 5.7, 64.4, 0.1, 0.3, 21.1, 0.9, 1.5, 56.6, 2.6, 4.9, 7.6, 0.9, 1.0, 0.5, 2.6, 2.1, 26.9, 7.0, 0.0, -1.7
216, Ziaire Williams , MEM, 22, 51, 20, 31, 20.3, 8.2, 2.9, 7.4, 39.7, 1.1, 3.7, 30.7, 1.2, 1.5, 82.7, 0.7, 2.8, 3.5, 1.5, 1.3, 0.7, 0.2, 1.7, 16.0, 1.0, 0.0, -4.8
217, Tre Mann , CHA, 23, 27, 17, 10, 20.6, 8.1, 3.1, 6.8, 45.9, 1.1, 2.7, 39.2, 0.9, 1.2, 69.7, 0.5, 3.1, 3.6, 3.1, 1.1, 1.0, 0.0, 1.1, 19.2, 0.0, 0.0, -1.8
218, Isaiah Joe , OKC, 24, 63, 44, 19, 18.4, 8.1, 2.9, 6.2, 45.8, 1.9, 4.5, 41.3, 0.5, 0.6, 85.0, 0.4, 1.9, 2.3, 1.1, 0.6, 0.6, 0.3, 1.1, 14.5, 0.0, 0.0, 4.8
219, Kyle Lowry , PHI, 37, 48, 25, 23, 28.2, 8.1, 2.7, 6.5, 42.3, 1.6, 4.3, 37.7, 1.1, 1.2, 86.4, 0.6, 2.8, 3.4, 4.3, 1.4, 1.1, 0.3, 2.4, 21.4, 2.0, 0.0, -0.7
220, Moses Moody , GSW, 21, 51, 27, 24, 17.8, 8.1, 3.0, 6.6, 45.7, 1.0, 3.1, 32.7, 1.1, 1.4, 78.9, 1.1, 2.1, 3.2, 0.7, 0.7, 0.7, 0.5, 1.3, 15.7, 0.0, 0.0, 1.1
221, Markelle Fultz , ORL, 25, 30, 18, 12, 21.8, 8.1, 3.7, 7.8, 47.7, 0.0, 0.4, 9.1, 0.6, 0.9, 63.0, 1.3, 2.1, 3.4, 3.0, 1.2, 1.0, 0.3, 1.4, 19.6, 0.0, 0.0, 0.1
222, Payton Pritchard , BOS, 26, 67, 53, 14, 20.7, 8.0, 3.0, 6.8, 43.7, 1.7, 4.4, 37.8, 0.5, 0.6, 82.1, 0.9, 2.3, 3.2, 2.8, 0.7, 0.4, 0.1, 1.2, 17.1, 1.0, 0.0, 4.6
223, Derrick Rose , MEM, 35, 24, 6, 18, 16.6, 8.0, 3.2, 6.9, 46.1, 0.6, 1.7, 36.6, 1.0, 1.1, 88.9, 0.3, 1.6, 1.9, 3.3, 1.3, 0.3, 0.1, 0.9, 15.0, 0.0, 0.0, -1.4
224, Sam Merrill , CLE, 27, 49, 32, 17, 16.9, 7.9, 2.6, 6.3, 41.2, 2.3, 5.7, 41.2, 0.3, 0.3, 94.1, 0.4, 1.6, 2.0, 1.7, 0.3, 0.3, 0.1, 1.1, 13.8, 0.0, 0.0, 1.1
225, Jake LaRavia , MEM, 22, 23, 4, 19, 18.0, 7.8, 2.5, 6.9, 36.1, 0.9, 3.3, 26.0, 2.0, 2.4, 83.6, 1.3, 1.9, 3.2, 1.1, 0.8, 0.8, 0.3, 1.9, 15.9, 2.0, 0.0, -4.1
226, Royce O'Neale , PHX, 30, 65, 28, 37, 25.4, 7.7, 2.7, 7.0, 38.3, 2.0, 5.5, 36.5, 0.3, 0.5, 67.7, 0.8, 4.0, 4.8, 3.0, 1.0, 0.8, 0.6, 2.3, 20.9, 3.0, 0.0, 0.8
227, Nickeil Alexander-Walker , MIN, 25, 67, 46, 21, 23.4, 7.7, 2.8, 6.3, 43.7, 1.5, 3.9, 38.4, 0.6, 0.8, 79.2, 0.5, 1.6, 2.1, 2.6, 1.0, 0.8, 0.5, 1.8, 17.0, 0.0, 0.0, 3.2
228, Jaden Hardy , DAL, 21, 60, 34, 26, 14.0, 7.6, 2.8, 6.8, 40.8, 1.2, 3.3, 36.4, 0.8, 1.1, 76.6, 0.3, 1.5, 1.7, 1.5, 0.8, 0.3, 0.1, 1.0, 12.3, 0.0, 0.0, -1.5
229, Cody Martin , CHA, 28, 28, 7, 21, 26.9, 7.5, 2.9, 7.7, 38.1, 1.0, 3.1, 31.4, 0.7, 1.2, 60.6, 0.7, 3.2, 3.9, 3.7, 1.6, 1.1, 0.6, 1.7, 21.6, 1.0, 0.0, -5.6
230, Marcus Sasser , DET, 23, 58, 10, 48, 16.5, 7.4, 2.8, 6.2, 45.0, 1.2, 2.9, 39.4, 0.6, 0.7, 86.0, 0.1, 1.6, 1.7, 3.0, 1.1, 0.6, 0.1, 1.4, 15.0, 1.0, 0.0, -2.3
231, Matt Ryan , NOP, 26, 20, 11, 9, 17.7, 7.4, 2.4, 5.2, 45.2, 2.0, 4.3, 47.1, 0.7, 0.7, 92.9, 0.3, 1.7, 2.0, 0.8, 0.9, 0.3, 0.1, 1.5, 11.0, 0.0, 0.0, 1.2
232, Naji Marshall , NOP, 26, 55, 36, 19, 19.0, 7.3, 2.6, 5.7, 46.3, 0.9, 2.3, 39.1, 1.2, 1.5, 79.3, 0.9, 2.7, 3.6, 2.0, 1.0, 0.7, 0.2, 1.4, 16.5, 0.0, 0.0, 3.0
233, Toumani Camara , POR, 23, 64, 19, 45, 24.5, 7.3, 2.7, 6.2, 43.8, 0.8, 2.4, 32.1, 1.1, 1.5, 74.5, 2.0, 3.0, 5.0, 1.2, 1.2, 1.0, 0.5, 2.5, 18.1, 2.0, 0.0, -2.7
234, Cameron Payne , PHI, 29, 63, 36, 27, 16.3, 7.3, 2.6, 5.9, 44.1, 1.2, 3.2, 37.9, 0.9, 1.0, 86.2, 0.2, 1.1, 1.3, 2.5, 0.8, 0.5, 0.1, 1.6, 13.7, 0.0, 0.0, -0.2
235, Gary Harris , ORL, 29, 44, 29, 15, 23.4, 7.2, 2.5, 5.6, 45.2, 1.4, 3.8, 37.3, 0.7, 1.0, 73.8, 0.4, 1.2, 1.6, 1.6, 0.5, 0.9, 0.3, 1.7, 14.7, 0.0, 0.0, 2.0
236, Paul Reed , PHI, 24, 67, 37, 30, 19.0, 7.2, 3.1, 5.8, 54.0, 0.3, 0.7, 38.8, 0.7, 0.9, 74.2, 2.3, 3.5, 5.8, 1.3, 0.7, 0.7, 1.0, 2.4, 20.4, 6.0, 0.0, 0.4
237, Dalano Banton , POR, 24, 40, 22, 18, 14.4, 7.2, 2.6, 6.2, 41.3, 0.8, 2.3, 34.1, 1.3, 1.8, 74.6, 0.8, 1.8, 2.6, 1.6, 1.0, 0.4, 0.3, 1.1, 13.7, 0.0, 0.0, -2.0
238, Kevin Knox II , DET, 24, 31, 4, 27, 18.1, 7.2, 2.8, 6.0, 46.2, 1.0, 3.0, 33.0, 0.6, 0.7, 90.9, 0.6, 1.8, 2.4, 0.7, 0.7, 0.4, 0.2, 1.6, 12.4, 1.0, 0.0, -2.7
239, Day'Ron Sharpe , BKN, 22, 51, 20, 31, 15.5, 7.2, 2.9, 4.8, 59.1, 0.1, 0.2, 33.3, 1.4, 2.3, 60.3, 2.6, 3.8, 6.4, 1.5, 1.1, 0.5, 0.7, 2.2, 19.5, 6.0, 0.0, 1.6
240, Evan Fournier , DET, 31, 18, 6, 12, 16.2, 7.2, 2.4, 6.6, 37.3, 1.3, 4.2, 30.3, 1.0, 1.2, 85.7, 0.2, 1.8, 1.9, 1.3, 0.7, 1.1, 0.1, 1.7, 14.3, 0.0, 0.0, -2.9
241, David Roddy , PHX, 22, 59, 20, 39, 19.6, 7.1, 2.8, 6.8, 40.5, 0.8, 2.8, 29.4, 0.8, 1.2, 69.1, 0.9, 2.6, 3.5, 1.3, 1.0, 0.4, 0.2, 1.2, 14.1, 0.0, 0.0, -3.8
242, Trey Lyles , SAC, 28, 49, 29, 20, 19.8, 7.1, 2.4, 5.3, 45.0, 1.4, 3.7, 38.3, 0.9, 1.3, 69.8, 1.0, 3.4, 4.4, 1.1, 0.6, 0.3, 0.3, 1.6, 15.1, 0.0, 0.0, 2.4
243, Trayce Jackson-Davis , GSW, 24, 53, 29, 24, 14.1, 7.1, 3.0, 4.3, 70.9, 0.0, 0.0, 0.0, 1.0, 1.8, 57.3, 1.8, 2.5, 4.3, 1.1, 0.7, 0.3, 0.9, 1.6, 16.9, 5.0, 0.0, 0.6
244, Landry Shamet , WAS, 27, 46, 6, 40, 15.8, 7.1, 2.6, 6.0, 43.1, 1.2, 3.4, 33.8, 0.8, 1.0, 82.6, 0.3, 1.0, 1.3, 1.2, 0.7, 0.5, 0.2, 1.7, 12.1, 0.0, 0.0, -3.2
245, Quentin Grimes , DET, 23, 51, 32, 19, 20.1, 7.0, 2.4, 6.4, 37.2, 1.6, 4.7, 33.8, 0.7, 0.9, 75.6, 0.3, 1.7, 2.0, 1.3, 0.5, 0.7, 0.1, 1.5, 13.3, 0.0, 0.0, -0.8
246, Christian Braun , DEN, 22, 68, 47, 21, 19.2, 7.0, 2.6, 5.6, 46.1, 0.7, 1.8, 37.6, 1.2, 1.7, 69.9, 0.8, 2.7, 3.5, 1.4, 0.7, 0.5, 0.4, 1.7, 15.3, 1.0, 0.0, -0.7
246, Keon Johnson , BKN, 22, 4, 0, 4, 12.8, 7.0, 1.8, 4.8, 36.8, 1.0, 2.3, 44.4, 2.5, 2.5, 100, 0.8, 0.5, 1.3, 0.8, 1.0, 0.8, 0.3, 1.0, 11.6, 0.0, 0.0, -5.8
248, Jose Alvarado , NOP, 25, 46, 31, 15, 17.5, 7.0, 2.5, 6.0, 41.4, 1.3, 3.5, 37.1, 0.7, 1.0, 70.5, 0.3, 1.7, 2.1, 2.0, 0.8, 1.1, 0.3, 1.5, 16.0, 0.0, 0.0, 4.4
249, Christian Wood , LAL, 28, 50, 28, 22, 17.4, 6.9, 2.5, 5.3, 46.6, 0.7, 2.3, 30.7, 1.3, 1.9, 70.2, 0.8, 4.3, 5.1, 1.0, 1.0, 0.3, 0.7, 1.4, 16.4, 2.0, 0.0, 0.1
250, Gradey Dick , TOR, 20, 47, 16, 31, 18.4, 6.9, 2.6, 6.1, 42.1, 1.3, 3.4, 36.4, 0.6, 0.6, 92.9, 0.5, 1.5, 2.0, 1.2, 0.7, 0.5, 0.0, 1.4, 12.1, 0.0, 0.0, -5.1
251, Killian Hayes , DET, 22, 42, 7, 35, 24.0, 6.9, 2.8, 6.7, 41.3, 0.5, 1.8, 29.7, 0.8, 1.2, 66.0, 0.3, 2.6, 2.8, 4.9, 1.2, 0.9, 0.5, 1.8, 20.4, 0.0, 0.0, -5.8
252, Isaiah Hartenstein , NYK, 25, 61, 38, 23, 24.9, 6.9, 2.7, 4.4, 61.6, 0.0, 0.0, 33.3, 1.4, 1.9, 72.8, 3.3, 5.1, 8.4, 2.2, 1.1, 1.0, 1.1, 2.8, 25.5, 6.0, 0.0, 4.4
253, Peyton Watson , DEN, 21, 66, 46, 20, 18.4, 6.8, 2.7, 5.7, 46.8, 0.7, 2.1, 31.4, 0.9, 1.3, 67.0, 0.6, 2.3, 2.9, 1.0, 0.7, 0.6, 1.0, 1.7, 15.8, 0.0, 0.0, -0.8
254, Robert Williams III , POR, 26, 6, 2, 4, 19.8, 6.8, 2.8, 4.3, 65.4, 0.0, 0.0, 0.0, 1.2, 1.5, 77.8, 1.8, 4.5, 6.3, 0.8, 1.2, 1.2, 1.2, 2.8, 21.5, 0.0, 0.0, -5.0
255, Dennis Smith Jr. , BKN, 26, 52, 19, 33, 19.5, 6.8, 2.7, 6.3, 43.0, 0.6, 2.0, 28.6, 0.8, 1.1, 75.0, 1.0, 2.1, 3.1, 3.7, 1.2, 1.2, 0.2, 2.3, 19.2, 3.0, 0.0, -0.4
256, Cason Wallace , OKC, 20, 67, 47, 20, 20.5, 6.8, 2.6, 5.2, 50.4, 1.2, 2.9, 41.9, 0.3, 0.4, 79.3, 0.6, 1.6, 2.2, 1.4, 0.5, 0.8, 0.4, 1.6, 14.8, 0.0, 0.0, 1.4
257, Isaiah Jackson , IND, 22, 50, 30, 20, 13.0, 6.8, 2.7, 4.1, 66.7, 0.0, 0.1, 0.0, 1.3, 1.8, 71.7, 1.5, 2.5, 4.0, 0.8, 0.7, 0.6, 1.0, 2.4, 16.9, 3.0, 0.0, -0.1
258, Cedi Osman , SAS, 28, 64, 14, 50, 17.4, 6.7, 2.5, 5.3, 47.6, 1.1, 3.0, 37.6, 0.5, 0.8, 68.0, 0.4, 2.1, 2.5, 1.7, 0.7, 0.5, 0.1, 1.5, 13.5, 0.0, 0.0, -5.0
259, Marcus Morris Sr. , PHI, 34, 37, 22, 15, 17.2, 6.7, 2.4, 5.5, 43.9, 1.0, 2.4, 40.0, 0.8, 1.0, 86.1, 0.5, 2.5, 2.9, 0.7, 0.5, 0.4, 0.3, 1.6, 12.7, 0.0, 0.0, -0.2
260, Trey Jemison , MEM, 24, 15, 3, 12, 19.4, 6.7, 2.9, 4.8, 61.1, 0.0, 0.0, 0.0, 0.8, 1.0, 80.0, 2.0, 2.1, 4.1, 0.7, 1.3, 0.4, 1.0, 2.9, 15.7, 0.0, 0.0, -2.6
261, Jonathan Isaac , ORL, 26, 46, 29, 17, 15.1, 6.5, 2.4, 4.8, 50.0, 0.7, 1.8, 36.1, 1.0, 1.5, 71.6, 1.2, 3.1, 4.3, 0.4, 0.5, 0.7, 1.2, 1.0, 17.4, 0.0, 0.0, 3.0
262, Miles McBride , NYK, 23, 54, 33, 21, 15.1, 6.5, 2.4, 5.5, 43.8, 1.2, 3.0, 40.2, 0.4, 0.5, 82.1, 0.3, 0.8, 1.1, 1.3, 0.4, 0.6, 0.1, 1.3, 11.6, 0.0, 0.0, -1.1
263, Chris Boucher , TOR, 31, 50, 16, 34, 14.1, 6.4, 2.2, 4.3, 50.7, 0.6, 1.9, 33.0, 1.4, 1.8, 77.2, 1.2, 2.9, 4.1, 0.5, 0.6, 0.3, 0.5, 1.4, 13.8, 0.0, 0.0, 0.6
264, Aaron Holiday , HOU, 27, 64, 31, 33, 16.3, 6.4, 2.3, 5.3, 44.4, 1.1, 2.8, 39.3, 0.7, 0.7, 89.4, 0.3, 1.4, 1.6, 1.8, 0.7, 0.5, 0.1, 1.6, 12.1, 0.0, 0.0, 0.7
265, Jae Crowder , MIL, 33, 37, 21, 16, 24.0, 6.4, 2.4, 5.4, 43.3, 1.2, 3.4, 36.8, 0.5, 0.7, 69.2, 0.5, 2.9, 3.4, 1.4, 0.4, 0.9, 0.2, 1.7, 15.4, 0.0, 0.0, -1.5
266, Vasilije Micic , CHA, 30, 47, 30, 17, 17.2, 6.4, 2.4, 5.5, 44.2, 0.6, 2.2, 27.6, 0.9, 1.1, 81.5, 0.2, 1.1, 1.3, 3.7, 1.5, 0.4, 0.1, 1.0, 13.7, 1.0, 0.0, 1.2
267, Bones Hyland , LAC, 23, 29, 16, 13, 14.5, 6.4, 2.4, 6.4, 37.3, 1.1, 3.5, 32.7, 0.5, 0.6, 77.8, 0.1, 1.0, 1.1, 2.4, 1.3, 0.7, 0.1, 1.4, 12.4, 1.0, 0.0, -1.0
268, Kyle Anderson , MIN, 30, 64, 45, 19, 22.5, 6.3, 2.5, 5.3, 46.6, 0.1, 0.6, 21.1, 1.2, 1.8, 70.5, 0.8, 2.8, 3.5, 4.2, 1.2, 0.8, 0.5, 1.6, 19.6, 0.0, 0.0, 1.9
269, James Wiseman , DET, 22, 48, 7, 41, 14.9, 6.2, 2.7, 4.1, 65.8, 0.0, 0.0, 0.0, 0.8, 1.3, 65.6, 1.5, 3.1, 4.6, 0.8, 0.9, 0.2, 0.6, 2.1, 14.4, 2.0, 0.0, -3.7
270, Cam Reddish , LAL, 24, 40, 22, 18, 22.2, 6.2, 2.2, 5.4, 40.6, 0.9, 2.6, 34.3, 0.9, 1.2, 77.1, 0.6, 1.7, 2.3, 1.2, 0.8, 1.1, 0.3, 1.5, 14.2, 0.0, 0.0, -0.2
271, Mitchell Robinson , NYK, 25, 21, 12, 9, 29.2, 6.2, 2.8, 4.7, 59.2, 0.0, 0.0, 0.0, 0.7, 1.8, 36.8, 5.3, 5.0, 10.3, 0.7, 1.0, 1.5, 1.3, 1.9, 27.0, 2.0, 0.0, 1.6
272, Jordan Nwora , TOR, 25, 39, 13, 26, 11.8, 6.2, 2.3, 5.1, 44.5, 0.8, 2.3, 33.0, 0.8, 0.9, 89.2, 0.5, 1.9, 2.4, 1.0, 0.6, 0.5, 0.2, 1.0, 11.8, 0.0, 0.0, -1.9
273, Amir Coffey , LAC, 26, 55, 37, 18, 19.1, 6.1, 2.2, 4.4, 50.4, 0.9, 2.2, 40.7, 0.8, 0.9, 88.5, 0.4, 1.6, 1.9, 1.0, 0.5, 0.5, 0.1, 1.4, 11.6, 1.0, 0.0, -1.0
274, Craig Porter Jr. , CLE, 24, 43, 27, 16, 13.4, 6.1, 2.5, 4.9, 51.7, 0.3, 0.7, 36.7, 0.9, 1.2, 72.5, 0.5, 1.8, 2.3, 2.4, 1.0, 0.4, 0.3, 0.9, 13.8, 0.0, 0.0, 0.0
275, Ben Simmons , BKN, 27, 15, 7, 8, 23.9, 6.1, 2.9, 4.9, 58.1, 0.0, 0.0, 0.0, 0.4, 1.0, 40.0, 2.1, 5.9, 7.9, 5.7, 1.8, 0.8, 0.6, 2.4, 26.7, 3.0, 0.0, -2.5
276, Nikola Jovic , MIA, 20, 32, 15, 17, 17.6, 6.1, 2.2, 5.0, 43.8, 1.1, 2.7, 41.9, 0.6, 1.0, 60.6, 0.6, 3.5, 4.1, 1.9, 1.0, 0.5, 0.3, 1.8, 15.4, 0.0, 0.0, 3.0
277, Taylor Hendricks , UTA, 20, 25, 11, 14, 18.1, 6.1, 2.3, 5.4, 42.2, 1.0, 3.1, 32.1, 0.5, 0.7, 76.5, 1.2, 3.2, 4.4, 0.6, 0.7, 0.6, 0.7, 1.8, 15.4, 1.0, 0.0, -2.0
278, Lamar Stevens , MEM, 26, 31, 19, 12, 12.3, 6.1, 2.5, 5.2, 47.5, 0.3, 0.8, 40.0, 0.8, 1.1, 74.3, 0.8, 2.1, 2.9, 0.5, 0.7, 0.4, 0.5, 1.2, 12.4, 0.0, 0.0, -0.3
279, Aaron Wiggins , OKC, 25, 64, 46, 18, 14.4, 6.1, 2.4, 4.2, 56.7, 0.7, 1.5, 48.0, 0.6, 0.8, 77.1, 0.8, 1.5, 2.3, 0.9, 0.6, 0.5, 0.2, 1.1, 11.8, 0.0, 0.0, 0.6
280, Daniel Theis , LAC, 31, 52, 35, 17, 16.7, 6.0, 2.5, 4.8, 52.6, 0.4, 1.1, 35.7, 0.6, 0.8, 72.7, 1.4, 2.4, 3.9, 1.0, 0.7, 0.4, 0.8, 2.2, 15.1, 0.0, 0.0, 0.8
281, Davis Bertans , CHA, 31, 30, 17, 13, 13.3, 6.0, 1.8, 4.7, 38.7, 1.6, 4.1, 38.2, 0.8, 0.9, 88.5, 0.2, 1.1, 1.4, 0.9, 0.2, 0.5, 0.2, 1.1, 10.8, 0.0, 0.0, 1.0
281, Justin Champagnie , WAS, 22, 6, 0, 6, 13.4, 6.0, 2.3, 5.2, 45.2, 1.0, 2.7, 37.5, 0.3, 0.3, 100, 0.7, 2.0, 2.7, 0.8, 1.0, 0.7, 0.8, 0.8, 14.0, 0.0, 0.0, -4.7
281, Patrick Beverley , MIL, 35, 63, 38, 25, 19.6, 6.0, 2.1, 5.1, 41.2, 0.8, 2.4, 33.3, 1.0, 1.2, 80.3, 0.6, 2.4, 3.1, 2.9, 1.0, 0.6, 0.4, 1.8, 16.1, 1.0, 0.0, -1.1
284, Julian Champagnie , SAS, 22, 60, 12, 48, 17.6, 6.0, 1.9, 4.9, 39.4, 1.3, 3.5, 37.0, 0.9, 1.0, 82.3, 0.6, 2.0, 2.6, 1.3, 0.7, 0.6, 0.5, 1.0, 13.5, 0.0, 0.0, -1.9
285, Danilo Gallinari , MIL, 35, 43, 14, 29, 13.2, 6.0, 1.8, 4.1, 43.4, 0.7, 2.0, 32.2, 1.8, 2.1, 85.6, 0.4, 1.9, 2.3, 1.2, 0.4, 0.2, 0.1, 1.0, 11.2, 0.0, 0.0, -2.1
286, Jeff Green , HOU, 37, 63, 30, 33, 16.3, 6.0, 1.9, 4.2, 45.9, 0.5, 1.5, 30.9, 1.6, 2.0, 80.8, 0.6, 1.5, 2.1, 0.9, 0.7, 0.2, 0.4, 1.3, 10.9, 0.0, 0.0, -1.5
287, Torrey Craig , CHI, 33, 39, 16, 23, 20.6, 5.9, 2.1, 4.9, 42.5, 1.2, 3.1, 37.5, 0.6, 0.8, 74.2, 1.5, 2.9, 4.4, 1.1, 0.6, 0.5, 0.4, 2.2, 15.1, 0.0, 0.0, -4.1
288, Nick Smith Jr. , CHA, 19, 42, 8, 34, 15.0, 5.9, 2.2, 5.6, 39.0, 1.2, 2.9, 42.5, 0.3, 0.3, 84.6, 0.4, 1.0, 1.4, 1.2, 0.8, 0.2, 0.2, 1.3, 9.7, 0.0, 0.0, -4.2
289, Trendon Watford , BKN, 23, 49, 19, 30, 11.5, 5.8, 2.2, 4.2, 52.9, 0.3, 0.9, 35.7, 1.0, 1.2, 87.9, 0.8, 1.8, 2.6, 1.1, 0.7, 0.3, 0.3, 1.5, 11.8, 0.0, 0.0, -0.5
290, Xavier Tillman , BOS, 25, 41, 20, 21, 19.7, 5.8, 2.4, 5.8, 42.4, 0.4, 1.5, 23.8, 0.5, 1.1, 44.7, 1.5, 2.9, 4.4, 1.5, 0.7, 1.1, 1.0, 1.6, 18.8, 2.0, 0.0, -1.9
291, Ricky Council IV , PHI, 22, 22, 8, 14, 9.2, 5.7, 1.8, 3.9, 45.9, 0.2, 0.9, 20.0, 2.0, 2.7, 73.3, 0.5, 1.2, 1.8, 0.3, 0.2, 0.1, 0.0, 0.5, 8.6, 1.0, 0.0, -1.2
292, Mason Plumlee , LAC, 34, 33, 20, 13, 15.3, 5.7, 2.1, 3.3, 63.0, 0.0, 0.0, 0.0, 1.6, 2.3, 67.5, 1.3, 4.0, 5.3, 1.2, 0.7, 0.3, 0.4, 1.5, 15.1, 1.0, 0.0, 1.3
293, Doug McDermott , IND, 32, 52, 14, 38, 14.7, 5.7, 2.0, 4.6, 42.7, 1.5, 3.7, 41.5, 0.2, 0.4, 57.9, 0.2, 0.8, 1.0, 1.2, 0.5, 0.2, 0.0, 1.0, 8.9, 0.0, 0.0, -3.0
294, Jaylen Nowell , MEM, 24, 9, 3, 6, 17.3, 5.7, 2.4, 6.1, 40.0, 0.4, 2.6, 17.4, 0.3, 0.3, 100, 0.3, 1.2, 1.6, 1.8, 0.6, 0.3, 0.0, 1.4, 10.6, 0.0, 0.0, -0.2
295, Pat Connaughton , MIL, 31, 62, 40, 22, 21.8, 5.7, 2.0, 4.4, 45.6, 1.1, 3.0, 37.6, 0.5, 0.7, 75.6, 0.6, 2.6, 3.2, 1.9, 0.6, 0.5, 0.3, 1.2, 14.1, 0.0, 0.0, -0.4
296, Brice Sensabaugh , UTA, 20, 17, 6, 11, 14.6, 5.6, 2.2, 4.9, 44.0, 0.6, 2.4, 25.0, 0.7, 0.8, 92.3, 0.4, 1.9, 2.4, 1.1, 1.2, 0.2, 0.0, 1.1, 9.6, 1.0, 0.0, -2.8
297, Matisse Thybulle , POR, 27, 63, 18, 45, 23.4, 5.6, 2.0, 5.0, 40.1, 1.3, 3.6, 35.1, 0.3, 0.5, 75.9, 0.5, 1.7, 2.1, 1.4, 0.6, 1.8, 0.8, 1.5, 17.4, 0.0, 0.0, -3.5
298, Sasha Vezenkov , SAC, 28, 35, 18, 17, 12.6, 5.6, 2.1, 4.7, 44.8, 1.1, 2.9, 38.0, 0.3, 0.4, 76.9, 0.9, 1.6, 2.5, 0.4, 0.3, 0.5, 0.2, 1.0, 10.8, 0.0, 0.0, 0.1
299, Dyson Daniels , NOP, 21, 52, 30, 22, 21.9, 5.5, 2.2, 4.9, 43.8, 0.6, 2.1, 29.1, 0.6, 1.0, 64.0, 1.0, 2.7, 3.7, 2.6, 1.0, 1.4, 0.4, 1.6, 18.2, 1.0, 0.0, 1.8
300, Ochai Agbaji , TOR, 23, 67, 29, 38, 19.8, 5.5, 2.1, 5.3, 40.9, 0.9, 2.7, 31.0, 0.4, 0.5, 72.7, 0.8, 1.7, 2.5, 0.9, 0.7, 0.5, 0.5, 1.4, 12.3, 0.0, 0.0, -3.0
301, Dexter Dennis , DAL, 25, 4, 1, 3, 7.5, 5.5, 2.5, 4.8, 52.6, 0.3, 2.0, 12.5, 0.3, 0.8, 33.3, 0.3, 2.0, 2.3, 1.0, 0.8, 0.0, 0.3, 0.3, 9.7, 0.0, 0.0, -2.3
302, Jordan Goodwin , MEM, 25, 48, 26, 22, 16.3, 5.5, 2.1, 5.6, 37.3, 0.6, 2.3, 28.7, 0.6, 0.9, 73.2, 1.1, 2.2, 3.3, 2.4, 0.9, 0.8, 0.4, 1.2, 15.5, 0.0, 0.0, -1.7
302, Larry Nance Jr. , NOP, 31, 48, 28, 20, 18.9, 5.5, 2.1, 3.7, 58.2, 0.4, 1.0, 42.9, 0.8, 1.0, 75.0, 1.5, 3.6, 5.0, 1.6, 0.8, 1.0, 0.4, 1.5, 17.2, 1.0, 0.0, 1.6
304, Bol Bol , PHX, 24, 30, 19, 11, 11.0, 5.4, 2.4, 3.9, 61.2, 0.4, 1.2, 34.3, 0.3, 0.4, 72.7, 0.9, 2.5, 3.4, 0.4, 0.4, 0.2, 0.6, 1.1, 12.0, 1.0, 0.0, 0.1
304, Gabe Vincent , LAL, 27, 5, 2, 3, 25.5, 5.4, 2.4, 6.4, 37.5, 0.4, 3.4, 11.8, 0.2, 0.4, 50.0, 0.4, 0.6, 1.0, 3.0, 0.4, 1.2, 0.0, 2.4, 14.3, 0.0, 0.0, -0.4
306, Dean Wade , CLE, 27, 54, 36, 18, 20.5, 5.4, 1.8, 4.3, 41.4, 1.5, 3.7, 39.1, 0.4, 0.5, 76.9, 0.7, 3.4, 4.0, 0.8, 0.4, 0.7, 0.5, 1.7, 14.7, 0.0, 0.0, 3.3
307, Goga Bitadze , ORL, 24, 54, 29, 25, 16.9, 5.4, 2.2, 3.6, 60.8, 0.0, 0.2, 16.7, 1.0, 1.5, 65.8, 1.9, 3.1, 5.0, 1.4, 0.7, 0.6, 1.3, 1.9, 18.3, 5.0, 0.0, 1.2
308, Kris Dunn , UTA, 30, 58, 25, 33, 18.6, 5.3, 2.2, 4.6, 47.6, 0.6, 1.6, 39.4, 0.3, 0.4, 68.0, 0.7, 2.1, 2.8, 3.9, 1.2, 1.1, 0.4, 1.9, 17.8, 1.0, 0.0, 0.5
309, Luke Kornet , BOS, 28, 49, 38, 11, 15.2, 5.3, 2.2, 3.3, 68.8, 0.0, 0.0, 0.0, 0.8, 0.9, 91.1, 1.9, 2.1, 4.0, 1.0, 0.4, 0.3, 1.0, 1.4, 15.2, 0.0, 0.0, 2.4
310, Drew Eubanks , PHX, 27, 62, 33, 29, 15.6, 5.3, 2.1, 3.4, 62.7, 0.0, 0.0, 100, 1.0, 1.3, 76.3, 1.4, 2.9, 4.3, 0.8, 0.9, 0.4, 0.8, 1.5, 14.3, 0.0, 0.0, -1.7
311, Haywood Highsmith , MIA, 27, 51, 30, 21, 19.4, 5.3, 1.9, 4.6, 42.5, 1.0, 2.7, 36.0, 0.4, 0.5, 78.6, 0.8, 1.8, 2.6, 0.9, 0.5, 0.8, 0.5, 1.8, 13.2, 0.0, 0.0, -0.5
312, Nicolas Batum , PHI, 35, 46, 27, 19, 24.6, 5.3, 1.9, 4.1, 46.0, 1.2, 3.0, 39.7, 0.3, 0.4, 73.7, 1.2, 2.8, 4.0, 2.2, 0.6, 0.8, 0.7, 2.0, 17.0, 0.0, 0.0, 3.2
313, Jahmi'us Ramsey , TOR, 22, 4, 0, 4, 15.4, 5.3, 1.8, 5.3, 33.3, 0.5, 2.8, 18.2, 1.3, 1.5, 83.3, 1.0, 2.8, 3.8, 1.0, 0.8, 1.0, 0.0, 1.0, 13.5, 0.0, 0.0, -1.3
314, Gary Payton II , GSW, 31, 31, 18, 13, 15.2, 5.2, 2.2, 4.3, 51.9, 0.5, 1.4, 34.9, 0.3, 0.5, 64.3, 1.2, 1.6, 2.8, 1.0, 0.5, 1.0, 0.4, 1.6, 13.6, 0.0, 0.0, 1.5
315, Jarred Vanderbilt , LAL, 24, 29, 14, 15, 20.0, 5.2, 2.0, 3.9, 51.8, 0.3, 0.9, 29.6, 0.8, 1.2, 66.7, 1.4, 3.3, 4.8, 1.2, 1.0, 1.2, 0.2, 1.5, 16.0, 0.0, 0.0, 1.5
316, Bryce McGowens , CHA, 21, 50, 9, 41, 15.8, 5.2, 1.8, 3.9, 45.4, 0.6, 1.8, 34.1, 1.0, 1.4, 75.4, 0.3, 1.5, 1.8, 0.9, 0.5, 0.4, 0.1, 1.4, 9.8, 0.0, 0.0, -3.8
317, Seth Curry , CHA, 33, 44, 25, 19, 14.0, 5.1, 1.8, 4.6, 39.2, 0.9, 2.5, 35.2, 0.6, 0.7, 90.3, 0.4, 1.1, 1.5, 1.0, 0.5, 0.5, 0.1, 0.9, 9.9, 0.0, 0.0, 1.4
318, Johnny Juzang , UTA, 23, 8, 3, 5, 12.8, 5.1, 2.0, 4.5, 44.4, 1.1, 3.1, 36.0, 0.0, 0.0, 0.0, 0.3, 1.5, 1.8, 0.5, 0.4, 0.0, 0.0, 0.6, 7.6, 0.0, 0.0, 0.5
319, Julian Strawther , DEN, 21, 41, 28, 13, 12.1, 5.0, 1.8, 4.9, 37.5, 0.9, 3.0, 30.4, 0.4, 0.6, 72.0, 0.1, 1.2, 1.3, 1.0, 0.4, 0.4, 0.2, 1.2, 9.4, 0.0, 0.0, -2.8
320, Chimezie Metu , PHX, 26, 37, 22, 15, 12.1, 5.0, 1.8, 3.5, 50.8, 0.4, 1.4, 29.4, 1.0, 1.2, 88.4, 0.6, 2.3, 3.0, 0.5, 0.7, 0.5, 0.2, 1.1, 10.9, 1.0, 0.0, -1.0
321, Isaiah Livers , WAS, 25, 23, 1, 22, 20.4, 5.0, 1.7, 5.0, 34.5, 1.0, 3.3, 28.6, 0.5, 0.8, 66.7, 0.7, 1.4, 2.1, 1.1, 0.7, 0.6, 0.2, 1.9, 10.7, 0.0, 0.0, -8.7
322, Stanley Umude , DET, 24, 22, 4, 18, 11.4, 5.0, 1.4, 3.2, 43.7, 1.0, 2.1, 50.0, 1.1, 1.2, 92.3, 0.3, 1.7, 2.0, 0.5, 0.5, 0.4, 0.3, 1.5, 9.5, 0.0, 0.0, -1.3
323, Josh Okogie , PHX, 25, 54, 33, 21, 17.1, 4.9, 1.5, 3.7, 41.7, 0.5, 1.7, 29.7, 1.4, 1.9, 74.0, 1.3, 1.4, 2.7, 1.1, 0.6, 0.9, 0.4, 1.2, 13.2, 0.0, 0.0, 0.4
324, Jamal Cain , MIA, 24, 17, 8, 9, 13.3, 4.9, 1.7, 4.1, 42.0, 0.5, 1.5, 30.8, 1.1, 1.4, 78.3, 0.8, 1.1, 1.9, 0.2, 0.3, 0.6, 0.2, 1.0, 9.7, 0.0, 0.0, -1.7
325, Jevon Carter , CHI, 28, 64, 31, 33, 13.7, 4.9, 1.9, 5.0, 38.4, 1.0, 3.1, 33.5, 0.1, 0.1, 57.1, 0.1, 0.7, 0.8, 1.2, 0.5, 0.5, 0.2, 1.0, 9.4, 0.0, 0.0, 0.3
326, Monte Morris , MIN, 28, 18, 11, 7, 13.9, 4.8, 1.9, 5.1, 38.5, 0.6, 2.0, 30.6, 0.3, 0.5, 66.7, 0.3, 1.3, 1.6, 2.2, 0.3, 0.4, 0.2, 0.3, 11.7, 0.0, 0.0, 1.7
327, Anthony Black , ORL, 20, 61, 34, 27, 17.9, 4.8, 1.7, 3.8, 46.1, 0.6, 1.4, 39.1, 0.8, 1.3, 62.3, 0.5, 1.7, 2.2, 1.4, 0.9, 0.6, 0.3, 1.8, 11.4, 0.0, 0.0, -0.3
328, Bruno Fernando , ATL, 25, 30, 14, 16, 13.2, 4.8, 1.9, 3.5, 54.8, 0.0, 0.1, 0.0, 1.0, 1.5, 63.0, 1.3, 2.9, 4.2, 0.7, 0.9, 0.6, 0.7, 1.9, 13.9, 0.0, 0.0, -0.9
329, DeJon Jarreau , MEM, 26, 4, 1, 3, 17.8, 4.8, 1.8, 5.5, 31.8, 0.3, 1.3, 20.0, 1.0, 1.0, 100, 0.3, 5.8, 6.0, 3.8, 1.5, 1.3, 0.0, 1.5, 19.8, 0.0, 0.0, 0.0
330, Shake Milton , NYK, 27, 44, 29, 15, 12.7, 4.7, 1.7, 4.3, 39.9, 0.4, 1.4, 27.0, 0.9, 1.1, 81.6, 0.3, 1.3, 1.6, 1.3, 0.7, 0.4, 0.1, 1.1, 9.4, 0.0, 0.0, -1.3
331, Thaddeus Young , PHX, 35, 26, 6, 20, 14.7, 4.7, 2.2, 3.6, 61.7, 0.0, 0.2, 16.7, 0.2, 0.5, 35.7, 1.4, 1.9, 3.3, 2.0, 0.5, 0.7, 0.1, 1.6, 13.7, 0.0, 0.0, -0.9
332, Dominick Barlow , SAS, 20, 29, 5, 24, 12.9, 4.7, 1.8, 3.6, 51.0, 0.1, 0.3, 33.3, 0.9, 1.4, 67.5, 1.4, 2.1, 3.6, 1.1, 0.2, 0.4, 0.5, 1.6, 12.9, 0.0, 0.0, -1.1
333, Jacob Gilyard , BKN, 25, 37, 10, 27, 17.7, 4.7, 1.6, 3.9, 41.7, 1.4, 3.2, 42.5, 0.1, 0.1, 100, 0.2, 0.9, 1.2, 3.5, 0.8, 0.7, 0.1, 0.9, 13.2, 0.0, 0.0, -4.2
334, Onuralp Bitim , CHI, 24, 12, 6, 6, 14.6, 4.7, 1.8, 4.0, 45.8, 0.8, 2.3, 33.3, 0.3, 0.3, 75.0, 0.4, 1.6, 2.0, 0.8, 0.4, 0.3, 0.2, 1.1, 9.0, 0.0, 0.0, -0.1
335, Kris Murray , POR, 23, 47, 10, 37, 17.8, 4.7, 1.8, 4.5, 39.4, 0.6, 2.3, 26.4, 0.5, 0.8, 63.9, 1.0, 1.9, 2.9, 1.2, 0.7, 0.8, 0.3, 1.2, 12.3, 1.0, 0.0, -0.8
336, Skylar Mays , LAL, 26, 33, 11, 22, 12.8, 4.6, 1.9, 4.7, 39.7, 0.5, 1.6, 29.6, 0.4, 0.5, 76.5, 0.3, 1.0, 1.3, 2.5, 0.6, 0.5, 0.1, 0.8, 11.4, 2.0, 0.0, -3.1
337, Max Christie , LAL, 21, 54, 28, 26, 15.6, 4.6, 1.6, 3.9, 42.8, 0.7, 1.9, 35.9, 0.6, 0.8, 78.6, 0.2, 2.1, 2.3, 1.0, 0.6, 0.3, 0.3, 1.0, 10.0, 0.0, 0.0, -0.8
338, Bismack Biyombo , OKC, 31, 35, 17, 18, 21.4, 4.6, 1.9, 3.5, 55.3, 0.0, 0.0, 0.0, 0.7, 1.4, 50.0, 1.7, 3.9, 5.6, 1.5, 1.1, 0.3, 1.0, 2.5, 16.3, 2.0, 0.0, -1.7
339, Lester Quinones , GSW, 23, 30, 17, 13, 11.9, 4.6, 1.6, 4.0, 39.5, 0.9, 2.4, 35.6, 0.6, 0.8, 68.0, 0.7, 1.6, 2.2, 1.0, 0.5, 0.2, 0.1, 1.4, 9.0, 0.0, 0.0, 0.4
340, Neemias Queta , BOS, 24, 25, 21, 4, 11.7, 4.6, 2.0, 3.2, 60.5, 0.0, 0.0, 0.0, 0.6, 0.9, 72.7, 1.8, 2.4, 4.2, 0.5, 0.4, 0.4, 0.6, 1.8, 12.9, 2.0, 0.0, 4.3
341, Kevon Looney , GSW, 28, 62, 33, 29, 16.9, 4.5, 1.9, 3.2, 59.9, 0.0, 0.0, 0.0, 0.7, 1.1, 66.7, 2.0, 3.8, 5.9, 2.0, 0.7, 0.4, 0.4, 2.2, 16.1, 1.0, 0.0, -0.5
342, AJ Green , MIL, 24, 45, 31, 14, 10.3, 4.5, 1.5, 3.5, 42.9, 1.2, 3.0, 41.0, 0.3, 0.4, 93.8, 0.2, 1.0, 1.2, 0.6, 0.2, 0.1, 0.0, 0.9, 7.1, 0.0, 0.0, 0.1
343, Joe Ingles , ORL, 36, 54, 35, 19, 17.2, 4.5, 1.5, 3.5, 42.9, 1.1, 2.5, 42.9, 0.4, 0.5, 85.2, 0.3, 1.8, 2.1, 3.0, 0.9, 0.6, 0.1, 1.4, 12.7, 0.0, 0.0, 1.7
344, Jontay Porter , TOR, 24, 24, 6, 18, 14.0, 4.5, 1.6, 4.2, 38.0, 0.8, 2.4, 32.8, 0.5, 0.7, 81.3, 1.0, 2.3, 3.2, 2.2, 0.8, 0.8, 0.8, 1.5, 15.5, 0.0, 0.0, -3.1
345, Jalen Wilson , BKN, 23, 29, 8, 21, 14.2, 4.5, 1.6, 3.8, 41.3, 0.6, 1.6, 34.8, 0.8, 0.9, 88.9, 1.1, 1.5, 2.6, 1.1, 0.4, 0.2, 0.0, 1.1, 9.7, 1.0, 0.0, -1.8
346, Davion Mitchell , SAC, 25, 56, 33, 23, 13.7, 4.4, 1.7, 3.8, 44.8, 0.6, 2.0, 32.7, 0.4, 0.5, 74.1, 0.2, 0.9, 1.1, 1.7, 0.6, 0.2, 0.1, 1.2, 8.4, 0.0, 0.0, -2.1
347, Robert Covington , PHI, 33, 29, 20, 9, 16.8, 4.4, 1.5, 3.4, 43.9, 0.7, 1.9, 33.9, 0.8, 0.9, 84.6, 1.1, 2.3, 3.3, 0.8, 0.4, 1.3, 0.6, 1.9, 15.2, 0.0, 0.0, 3.6
348, JaVale McGee , SAC, 36, 40, 24, 16, 7.9, 4.4, 1.9, 2.9, 63.2, 0.0, 0.1, 20.0, 0.6, 1.1, 58.1, 0.9, 1.9, 2.8, 0.4, 0.8, 0.3, 0.5, 1.1, 9.6, 0.0, 0.0, 0.0
349, Jared Butler , WAS, 23, 26, 2, 24, 9.5, 4.3, 1.7, 3.2, 51.2, 0.4, 1.2, 31.3, 0.7, 0.8, 85.0, 0.1, 0.7, 0.8, 2.2, 0.8, 0.4, 0.1, 0.9, 9.2, 0.0, 0.0, -1.0
350, Richaun Holmes , WAS, 30, 35, 10, 25, 12.2, 4.3, 1.8, 3.2, 56.6, 0.0, 0.1, 50.0, 0.7, 1.0, 67.6, 1.4, 2.2, 3.6, 0.6, 0.5, 0.3, 0.4, 1.7, 11.0, 2.0, 0.0, -2.2
351, Dru Smith , MIA, 26, 9, 7, 2, 14.5, 4.3, 1.7, 3.7, 45.5, 0.8, 1.9, 41.2, 0.2, 0.2, 100, 0.7, 0.9, 1.6, 1.6, 0.6, 1.0, 0.3, 1.3, 12.0, 0.0, 0.0, -4.8
351, MarJon Beauchamp , MIL, 23, 45, 29, 16, 13.1, 4.3, 1.6, 3.4, 47.7, 0.6, 1.6, 39.4, 0.4, 0.6, 67.9, 0.5, 1.6, 2.1, 0.7, 0.6, 0.3, 0.1, 1.2, 8.5, 0.0, 0.0, -0.3
351, Thomas Bryant , MIA, 26, 30, 17, 13, 10.5, 4.3, 1.8, 3.1, 56.4, 0.0, 0.3, 0.0, 0.8, 1.0, 82.8, 0.9, 2.2, 3.1, 0.6, 0.5, 0.2, 0.3, 1.0, 9.9, 0.0, 0.0, -1.6
354, Caleb Houstan , ORL, 21, 51, 27, 24, 14.0, 4.3, 1.4, 3.5, 38.5, 1.2, 3.3, 37.1, 0.4, 0.5, 79.2, 0.5, 1.0, 1.5, 0.5, 0.3, 0.2, 0.1, 1.1, 7.5, 0.0, 0.0, -0.6
355, Maxi Kleber , DAL, 32, 31, 17, 14, 21.0, 4.3, 1.5, 3.6, 39.8, 0.7, 2.3, 30.0, 0.7, 1.1, 66.7, 0.6, 2.9, 3.5, 1.6, 0.6, 0.3, 0.6, 2.0, 13.1, 1.0, 0.0, 0.5
356, John Konchar , MEM, 27, 52, 17, 35, 20.6, 4.3, 1.6, 3.8, 43.1, 0.7, 2.1, 32.4, 0.4, 0.4, 82.6, 1.3, 3.3, 4.5, 1.9, 0.8, 0.9, 0.9, 1.3, 17.2, 1.0, 0.0, -2.9
357, Danuel House Jr. , PHI, 30, 34, 21, 13, 15.0, 4.2, 1.4, 3.1, 44.8, 0.4, 1.5, 30.0, 1.0, 1.4, 76.1, 0.5, 1.2, 1.7, 0.8, 0.6, 0.4, 0.1, 1.3, 8.7, 0.0, 0.0, 0.6
358, Jae'Sean Tate , HOU, 28, 57, 26, 31, 16.7, 4.2, 1.7, 3.7, 46.7, 0.4, 1.3, 30.6, 0.4, 0.6, 65.7, 1.0, 2.2, 3.2, 1.0, 0.5, 0.7, 0.2, 2.2, 11.8, 0.0, 0.0, 1.2
359, Armoni Brooks , BKN, 25, 10, 3, 7, 10.4, 4.2, 1.5, 4.6, 32.6, 1.1, 3.2, 34.4, 0.1, 0.2, 50.0, 0.7, 1.1, 1.8, 0.5, 0.3, 0.1, 0.1, 0.3, 7.4, 0.0, 0.0, 2.8
359, Micah Potter , UTA, 25, 5, 2, 3, 9.4, 4.2, 1.4, 1.8, 77.8, 0.8, 1.0, 80.0, 0.6, 0.6, 100, 0.4, 1.8, 2.2, 0.2, 0.0, 0.0, 0.0, 0.4, 7.1, 0.0, 0.0, -1.2
359, T.J. Warren , MIN, 30, 5, 3, 2, 16.1, 4.2, 2.0, 5.2, 38.5, 0.2, 1.6, 12.5, 0.0, 0.0, 0.0, 0.6, 1.8, 2.4, 1.0, 0.6, 0.4, 0.0, 2.0, 9.2, 0.0, 0.0, 6.6
362, Eugene Omoruyi , WAS, 27, 36, 4, 32, 7.9, 4.2, 1.6, 3.3, 49.2, 0.2, 0.8, 21.4, 0.8, 1.1, 69.2, 0.8, 1.2, 2.0, 0.8, 0.5, 0.6, 0.1, 1.5, 9.2, 1.0, 0.0, -3.2
363, Delon Wright , MIA, 31, 37, 9, 28, 14.4, 4.2, 1.5, 3.7, 39.9, 0.4, 1.1, 38.1, 0.8, 0.9, 82.9, 0.4, 1.4, 1.8, 2.5, 0.3, 1.1, 0.2, 0.6, 13.7, 0.0, 0.0, -1.2
364, Blake Wesley , SAS, 21, 47, 12, 35, 13.3, 4.2, 1.6, 3.3, 50.0, 0.1, 0.7, 14.3, 0.8, 1.2, 66.1, 0.3, 1.0, 1.3, 2.7, 0.7, 0.5, 0.1, 1.5, 10.8, 0.0, 0.0, -2.7
365, Ben Sheppard , IND, 22, 43, 23, 20, 12.6, 4.2, 1.5, 3.5, 41.4, 0.8, 2.4, 33.7, 0.4, 0.5, 85.7, 0.2, 1.3, 1.5, 0.7, 0.2, 0.5, 0.0, 1.4, 8.6, 0.0, 0.0, 0.7
366, Kenrich Williams , OKC, 29, 55, 40, 15, 14.0, 4.1, 1.6, 3.6, 45.0, 0.8, 2.0, 39.1, 0.1, 0.2, 30.0, 0.8, 2.1, 2.9, 1.2, 0.4, 0.5, 0.1, 1.4, 11.0, 0.0, 0.0, 2.8
367, Ryan Rollins , MIL, 21, 10, 1, 9, 6.6, 4.1, 1.3, 2.5, 52.0, 0.2, 0.3, 66.7, 1.3, 1.7, 76.5, 0.2, 0.9, 1.1, 1.1, 0.7, 0.8, 0.3, 0.7, 9.7, 0.0, 0.0, 5.7
368, Ashton Hagans , POR, 24, 13, 2, 11, 16.6, 4.1, 1.5, 3.6, 42.6, 0.4, 1.1, 35.7, 0.6, 0.8, 72.7, 0.6, 1.8, 2.4, 2.7, 1.6, 0.5, 0.5, 2.2, 12.6, 0.0, 0.0, -0.5
369, DeAndre Jordan , DEN, 35, 29, 19, 10, 11.3, 4.1, 1.7, 2.6, 63.2, 0.0, 0.0, 0.0, 0.8, 1.7, 44.9, 1.7, 2.9, 4.6, 0.7, 0.7, 0.2, 0.4, 1.7, 11.8, 1.0, 0.0, -2.3
370, Troy Brown Jr. , DET, 24, 44, 28, 16, 11.2, 4.1, 1.4, 3.3, 42.7, 0.8, 2.3, 36.4, 0.5, 0.5, 87.5, 0.4, 1.6, 2.0, 1.0, 0.5, 0.2, 0.0, 0.7, 8.2, 0.0, 0.0, -1.0
371, Chris Duarte , SAC, 26, 46, 27, 19, 12.8, 4.0, 1.4, 3.5, 39.3, 0.8, 2.1, 36.8, 0.5, 0.6, 75.9, 0.4, 1.5, 1.9, 0.8, 0.4, 0.5, 0.1, 1.5, 9.0, 0.0, 0.0, -0.8
372, Izaiah Brockington , NOP, 24, 1, 1, 0, 3.4, 4.0, 2.0, 5.0, 40.0, 0.0, 1.0, 0.0, 0.0, 0.0, 0.0, 1.0, 1.0, 2.0, 0.0, 0.0, 0.0, 0.0, 0.0, 6.4, 0.0, 0.0, 3.0
372, Jeff Dowtin Jr. , PHI, 26, 4, 0, 4, 14.3, 4.0, 1.5, 2.8, 54.5, 1.0, 2.0, 50.0, 0.0, 0.0, 0.0, 0.0, 1.0, 1.0, 2.0, 0.8, 0.8, 0.3, 0.0, 10.5, 0.0, 0.0, 3.0
372, Mamadi Diakite , NYK, 27, 3, 2, 1, 5.3, 4.0, 1.3, 1.7, 80.0, 0.0, 0.0, 0.0, 1.3, 2.0, 66.7, 0.3, 0.7, 1.0, 0.7, 0.0, 0.0, 0.3, 0.3, 7.2, 0.0, 0.0, 1.7
372, Matt Hurt , MEM, 23, 8, 2, 6, 14.2, 4.0, 1.5, 4.3, 35.3, 0.6, 2.5, 25.0, 0.4, 0.4, 100, 1.1, 0.9, 2.0, 0.5, 0.3, 0.4, 0.4, 1.0, 9.2, 0.0, 0.0, -1.5
372, Ousmane Dieng , OKC, 20, 30, 18, 12, 11.3, 4.0, 1.4, 3.4, 41.7, 0.7, 2.2, 30.3, 0.5, 0.5, 87.5, 0.3, 1.3, 1.6, 1.1, 0.5, 0.2, 0.1, 0.6, 7.9, 0.0, 0.0, 0.2
377, Malachi Flynn , DET, 25, 55, 26, 29, 11.1, 4.0, 1.4, 3.5, 39.9, 0.7, 1.9, 34.0, 0.5, 0.7, 75.7, 0.2, 1.2, 1.5, 1.6, 0.8, 0.4, 0.1, 0.9, 8.9, 0.0, 0.0, -1.9
378, Jaxson Hayes , LAL, 23, 57, 31, 26, 11.7, 3.9, 1.6, 2.3, 69.9, 0.0, 0.1, 0.0, 0.6, 1.1, 60.7, 0.9, 1.8, 2.7, 0.4, 0.5, 0.5, 0.4, 1.7, 9.8, 1.0, 0.0, -1.4
379, Mo Bamba , PHI, 25, 45, 23, 22, 12.1, 3.9, 1.5, 3.2, 47.9, 0.4, 0.9, 41.5, 0.5, 0.7, 63.6, 1.3, 2.5, 3.8, 0.7, 0.8, 0.3, 0.9, 1.7, 12.6, 0.0, 0.0, -0.8
380, Justin Holiday , DEN, 34, 44, 28, 16, 14.5, 3.9, 1.5, 3.2, 46.0, 0.9, 2.2, 40.2, 0.1, 0.1, 75.0, 0.1, 1.1, 1.2, 1.1, 0.2, 0.6, 0.1, 1.2, 9.0, 0.0, 0.0, 0.5
381, Keon Ellis , SAC, 24, 41, 25, 16, 13.1, 3.9, 1.3, 3.0, 45.1, 0.9, 2.2, 39.1, 0.3, 0.5, 63.2, 0.4, 1.1, 1.5, 1.2, 0.5, 0.7, 0.4, 1.5, 10.3, 0.0, 0.0, 1.2
382, Terquavion Smith , PHI, 21, 12, 4, 8, 5.8, 3.8, 1.3, 3.3, 40.0, 1.0, 2.6, 38.7, 0.2, 0.3, 66.7, 0.0, 0.2, 0.2, 0.8, 0.3, 0.6, 0.0, 0.3, 6.7, 0.0, 0.0, 0.3
383, Keita Bates-Diop , BKN, 28, 51, 29, 22, 12.9, 3.8, 1.4, 3.3, 43.4, 0.4, 1.4, 30.4, 0.6, 0.8, 75.0, 0.6, 1.5, 2.1, 0.7, 0.3, 0.5, 0.4, 0.7, 9.9, 0.0, 0.0, -1.3
384, Tristan Thompson , CLE, 33, 37, 24, 13, 12.5, 3.8, 1.7, 2.6, 65.6, 0.0, 0.0, 0.0, 0.4, 1.2, 31.8, 1.7, 2.2, 3.9, 1.1, 0.7, 0.2, 0.3, 1.4, 11.1, 1.0, 0.0, 1.0
385, Jarace Walker , IND, 20, 26, 12, 14, 10.3, 3.8, 1.4, 3.6, 38.3, 0.7, 1.9, 36.7, 0.3, 0.3, 88.9, 0.4, 1.5, 1.9, 1.1, 0.5, 0.5, 0.4, 1.0, 9.8, 0.0, 0.0, 0.7
386, Jaylin Williams , OKC, 21, 55, 39, 16, 12.4, 3.7, 1.3, 3.2, 39.8, 0.7, 2.0, 36.6, 0.4, 0.5, 82.1, 0.5, 2.7, 3.2, 1.3, 0.4, 0.4, 0.4, 1.4, 11.4, 0.0, 0.0, 2.7
387, Garrison Mathews , ATL, 27, 51, 23, 28, 13.4, 3.7, 1.2, 2.7, 44.1, 1.1, 2.4, 44.6, 0.3, 0.4, 75.0, 0.3, 1.1, 1.4, 0.5, 0.3, 0.3, 0.1, 1.7, 6.9, 0.0, 0.0, -1.3
388, Dwight Powell , DAL, 32, 54, 32, 22, 14.0, 3.7, 1.3, 1.8, 69.4, 0.0, 0.0, 50.0, 1.1, 1.6, 72.6, 1.6, 1.9, 3.4, 1.4, 0.5, 0.4, 0.4, 1.9, 11.7, 1.0, 0.0, 0.9
388, Kobe Bufkin , ATL, 20, 9, 6, 3, 9.9, 3.7, 1.4, 4.1, 35.1, 0.6, 1.9, 29.4, 0.2, 0.4, 50.0, 0.2, 1.3, 1.6, 1.7, 0.6, 0.3, 0.1, 0.7, 8.8, 0.0, 0.0, 0.8
390, Brandon Boston Jr. , LAC, 22, 23, 13, 10, 7.2, 3.7, 1.4, 3.5, 40.0, 0.3, 1.1, 28.0, 0.6, 0.8, 72.2, 0.4, 0.5, 1.0, 0.3, 0.3, 0.1, 0.2, 0.9, 5.8, 0.0, 0.0, -3.0
391, Oshae Brissett , BOS, 25, 44, 37, 7, 11.2, 3.6, 1.2, 2.7, 44.9, 0.3, 1.1, 25.5, 1.0, 1.5, 64.6, 1.0, 1.8, 2.9, 0.8, 0.3, 0.4, 0.1, 1.0, 9.3, 0.0, 0.0, 2.0
392, Nassir Little , PHX, 24, 37, 22, 15, 11.6, 3.6, 1.3, 2.9, 45.0, 0.5, 1.7, 30.6, 0.5, 0.5, 85.0, 0.4, 1.6, 1.9, 0.5, 0.4, 0.3, 0.3, 1.0, 8.0, 0.0, 0.0, -2.0
393, James Bouknight , CHA, 23, 14, 0, 14, 5.8, 3.6, 1.3, 2.9, 43.9, 0.9, 2.1, 43.3, 0.1, 0.1, 50.0, 0.1, 0.6, 0.6, 0.4, 0.1, 0.1, 0.1, 0.2, 5.3, 0.0, 0.0, -0.8
394, A.J. Lawson , DAL, 23, 32, 19, 13, 7.6, 3.5, 1.3, 2.9, 46.7, 0.4, 1.3, 31.0, 0.4, 0.7, 61.9, 0.4, 0.7, 1.1, 0.4, 0.3, 0.3, 0.1, 0.6, 6.3, 0.0, 0.0, 0.8
395, KJ Martin , PHI, 23, 50, 26, 24, 11.6, 3.5, 1.5, 2.7, 54.4, 0.1, 0.5, 30.4, 0.4, 0.7, 55.9, 0.5, 1.3, 1.8, 0.7, 0.5, 0.4, 0.1, 1.6, 7.9, 0.0, 0.0, -0.7
396, Gui Santos , GSW, 21, 17, 11, 6, 8.7, 3.5, 1.1, 2.3, 48.7, 0.4, 1.1, 38.9, 0.8, 0.9, 93.3, 0.9, 1.7, 2.6, 0.6, 0.4, 0.2, 0.1, 1.0, 8.0, 0.0, 0.0, 1.4
396, Theo Maledon , PHX, 22, 17, 5, 12, 12.5, 3.5, 1.2, 4.1, 28.6, 0.3, 1.8, 16.7, 0.8, 0.9, 93.3, 0.2, 1.2, 1.4, 1.6, 1.1, 0.4, 0.0, 1.2, 7.8, 0.0, 0.0, -3.8
398, Mike Muscala , OKC, 32, 42, 11, 31, 12.6, 3.5, 1.2, 3.4, 35.0, 0.7, 2.2, 30.4, 0.4, 0.6, 70.8, 0.8, 1.8, 2.6, 0.8, 0.4, 0.2, 0.3, 1.1, 8.8, 0.0, 0.0, -2.1
399, Jeremiah Robinson-Earl , NOP, 23, 29, 16, 13, 9.9, 3.4, 1.3, 2.7, 48.7, 0.4, 1.1, 37.5, 0.4, 0.5, 80.0, 0.7, 1.5, 2.2, 0.7, 0.4, 0.3, 0.1, 0.7, 8.2, 0.0, 0.0, -0.6
400, Omer Yurtseven , UTA, 25, 36, 15, 21, 9.3, 3.4, 1.5, 2.8, 54.5, 0.1, 0.5, 23.5, 0.3, 0.5, 58.8, 1.3, 2.4, 3.6, 0.4, 0.7, 0.1, 0.5, 1.2, 9.6, 0.0, 0.0, -2.1
401, Yuta Watanabe , MEM, 29, 34, 18, 16, 13.7, 3.4, 1.2, 3.4, 35.3, 0.7, 2.5, 29.4, 0.3, 0.5, 58.8, 0.3, 1.3, 1.6, 0.4, 0.6, 0.4, 0.2, 1.1, 7.1, 0.0, 0.0, -1.9
402, Wenyen Gabriel , MEM, 26, 5, 1, 4, 16.2, 3.4, 1.6, 4.4, 36.4, 0.2, 1.2, 16.7, 0.0, 1.0, 0.0, 1.4, 3.6, 5.0, 0.6, 1.6, 0.4, 0.4, 2.0, 11.1, 0.0, 0.0, -3.2
403, Charles Bassey , SAS, 23, 19, 3, 16, 10.8, 3.3, 1.5, 2.1, 72.5, 0.0, 0.1, 0.0, 0.3, 0.3, 83.3, 1.2, 2.8, 4.0, 1.1, 0.8, 0.4, 0.9, 1.6, 12.9, 0.0, 0.0, -2.4
404, Jaden Springer , BOS, 21, 41, 26, 15, 10.1, 3.3, 1.2, 3.1, 38.0, 0.2, 1.0, 19.5, 0.7, 0.8, 82.4, 0.7, 0.9, 1.6, 0.9, 0.7, 0.7, 0.3, 1.4, 8.5, 0.0, 0.0, -1.8
405, Collin Gillespie , DEN, 24, 19, 12, 7, 8.5, 3.3, 1.2, 2.4, 51.1, 0.6, 1.3, 45.8, 0.3, 0.4, 62.5, 0.1, 0.6, 0.6, 0.8, 0.5, 0.5, 0.0, 0.9, 6.3, 0.0, 0.0, -0.2
406, Javon Freeman-Liberty , TOR, 24, 8, 1, 7, 9.2, 3.3, 1.0, 2.5, 40.0, 0.3, 1.1, 22.2, 1.0, 1.1, 88.9, 0.3, 1.3, 1.5, 0.9, 0.4, 0.0, 0.3, 0.8, 6.7, 0.0, 0.0, -1.1
406, Orlando Robinson , MIA, 23, 28, 15, 13, 9.8, 3.3, 1.2, 2.4, 49.3, 0.3, 0.5, 50.0, 0.6, 0.9, 75.0, 0.9, 2.0, 2.8, 1.0, 0.6, 0.3, 0.3, 1.3, 9.1, 1.0, 0.0, 0.8
406, Oscar Tshiebwe , IND, 24, 8, 2, 6, 5.2, 3.3, 1.3, 2.5, 50.0, 0.0, 0.0, 0.0, 0.8, 1.0, 75.0, 1.0, 1.0, 2.0, 0.3, 0.0, 0.3, 0.1, 0.4, 7.2, 0.0, 0.0, 1.8
409, Ish Smith , CHA, 35, 43, 6, 37, 17.2, 3.2, 1.5, 3.7, 41.8, 0.1, 0.2, 50.0, 0.1, 0.1, 75.0, 0.3, 1.5, 1.8, 3.4, 1.1, 0.4, 0.1, 1.1, 10.8, 0.0, 0.0, -6.5
410, Saben Lee , PHX, 24, 21, 12, 9, 8.5, 3.2, 0.9, 2.5, 34.0, 0.1, 0.8, 12.5, 1.4, 1.9, 74.4, 0.4, 1.0, 1.5, 1.4, 0.4, 0.3, 0.1, 0.6, 8.2, 0.0, 0.0, 0.8
411, Zeke Nnaji , DEN, 23, 53, 37, 16, 9.8, 3.2, 1.2, 2.6, 44.9, 0.1, 0.4, 23.8, 0.8, 1.1, 71.2, 1.1, 1.0, 2.1, 0.6, 0.5, 0.2, 0.7, 1.4, 8.9, 0.0, 0.0, -3.1
412, Luka Garza , MIN, 25, 16, 12, 4, 3.9, 3.2, 1.1, 2.4, 43.6, 0.3, 1.0, 31.3, 0.8, 1.0, 75.0, 0.6, 0.5, 1.1, 0.2, 0.2, 0.0, 0.0, 1.0, 4.6, 0.0, 0.0, -0.1
413, Luka Samanic , UTA, 24, 33, 13, 20, 7.2, 3.1, 1.1, 2.9, 36.8, 0.3, 1.2, 25.0, 0.7, 0.8, 85.2, 0.4, 1.6, 1.9, 0.3, 0.5, 0.1, 0.2, 0.7, 6.1, 0.0, 0.0, -0.2
414, Jock Landale , HOU, 28, 41, 19, 22, 10.3, 3.1, 1.2, 2.6, 44.4, 0.1, 0.6, 20.0, 0.6, 0.8, 78.8, 1.4, 1.2, 2.6, 0.9, 0.4, 0.3, 0.4, 1.1, 9.1, 0.0, 0.0, 2.0
415, Patty Mills , MIA, 35, 24, 11, 13, 11.3, 3.1, 1.2, 3.3, 35.4, 0.7, 2.2, 32.7, 0.0, 0.0, 100, 0.2, 1.0, 1.2, 0.8, 0.5, 0.5, 0.0, 0.9, 7.0, 0.0, 0.0, -0.9
416, Trevelin Queen , ORL, 27, 13, 5, 8, 12.5, 3.1, 1.1, 2.9, 36.8, 0.2, 1.3, 17.6, 0.7, 0.9, 75.0, 0.2, 1.2, 1.5, 1.4, 0.5, 0.5, 0.4, 1.2, 9.1, 0.0, 0.0, -0.7
417, Devonte' Graham , SAS, 29, 14, 4, 10, 8.2, 3.1, 1.0, 2.5, 40.0, 0.6, 1.8, 36.0, 0.4, 0.6, 75.0, 0.1, 1.1, 1.3, 1.4, 0.2, 0.3, 0.1, 0.4, 7.5, 0.0, 0.0, 2.6
418, Jalen McDaniels , TOR, 26, 39, 10, 29, 9.4, 3.1, 1.2, 3.4, 35.1, 0.3, 1.5, 18.3, 0.4, 0.6, 66.7, 0.3, 1.2, 1.5, 0.6, 0.5, 0.4, 0.1, 1.0, 6.7, 0.0, 0.0, -1.6
419, Drew Peterson , BOS, 24, 1, 1, 0, 2.6, 3.0, 1.0, 1.0, 100, 1.0, 1.0, 100, 0.0, 0.0, 0.0, 0.0, 0.0, 0.0, 1.0, 0.0, 0.0, 0.0, 1.0, 4.5, 0.0, 0.0, 2.0
419, Patrick Baldwin Jr. , WAS, 21, 25, 3, 22, 9.4, 3.0, 1.0, 3.0, 33.3, 0.6, 1.8, 35.6, 0.4, 0.5, 69.2, 0.4, 2.2, 2.5, 0.6, 0.4, 0.2, 0.2, 1.0, 8.0, 0.0, 0.0, 0.3
421, Svi Mykhailiuk , BOS, 26, 28, 22, 6, 8.2, 3.0, 1.0, 2.9, 35.8, 0.8, 2.3, 33.8, 0.1, 0.2, 50.0, 0.3, 0.8, 1.1, 0.6, 0.3, 0.3, 0.0, 0.4, 5.7, 0.0, 0.0, 1.4
422, Noah Clowney , BKN, 19, 10, 4, 6, 8.6, 2.9, 1.1, 1.9, 57.9, 0.1, 0.5, 20.0, 0.6, 0.6, 100, 0.6, 1.0, 1.6, 0.8, 0.5, 0.2, 0.1, 0.6, 6.4, 0.0, 0.0, -3.0
423, Jordan McLaughlin , MIN, 27, 41, 25, 16, 9.6, 2.9, 1.0, 2.4, 43.4, 0.6, 1.5, 43.3, 0.1, 0.2, 60.0, 0.3, 1.0, 1.2, 1.8, 0.3, 0.7, 0.2, 0.6, 9.3, 0.0, 0.0, 1.5
424, Vit Krejci , ATL, 23, 7, 3, 4, 19.3, 2.9, 0.9, 2.7, 31.6, 0.6, 1.9, 30.8, 0.6, 0.7, 80.0, 0.3, 0.7, 1.0, 2.1, 0.3, 0.7, 0.4, 1.7, 10.4, 0.0, 0.0, 0.3
425, Nate Hinton , HOU, 24, 11, 6, 5, 5.2, 2.8, 0.9, 1.8, 50.0, 0.6, 1.0, 63.6, 0.4, 0.5, 80.0, 0.3, 0.8, 1.1, 0.5, 0.2, 0.2, 0.2, 0.9, 5.9, 0.0, 0.0, 1.5
426, Wesley Matthews , ATL, 37, 27, 7, 20, 11.1, 2.8, 0.8, 2.3, 34.9, 0.6, 1.7, 34.0, 0.6, 0.8, 72.7, 0.1, 1.2, 1.4, 0.6, 0.2, 0.4, 0.3, 1.1, 7.2, 0.0, 0.0, -2.1
427, JT Thor , CHA, 21, 51, 12, 39, 12.4, 2.8, 1.1, 3.0, 37.7, 0.4, 1.3, 32.8, 0.1, 0.3, 53.8, 0.8, 1.5, 2.3, 0.4, 0.3, 0.2, 0.4, 0.9, 7.6, 0.0, 0.0, -1.4
428, Rayan Rupert , POR, 19, 24, 5, 19, 9.3, 2.8, 1.0, 2.7, 35.4, 0.5, 1.2, 41.4, 0.4, 0.5, 75.0, 0.5, 1.0, 1.5, 0.9, 0.5, 0.2, 0.0, 0.8, 6.0, 0.0, 0.0, -1.5
429, D.J. Carton , TOR, 23, 4, 2, 2, 8.9, 2.8, 0.8, 2.0, 37.5, 0.3, 1.0, 25.0, 1.0, 1.3, 80.0, 0.5, 0.5, 1.0, 0.8, 0.3, 0.3, 0.0, 0.8, 5.6, 0.0, 0.0, -7.8
430, Jules Bernard , WAS, 24, 11, 1, 10, 6.0, 2.7, 1.1, 2.7, 40.0, 0.4, 1.4, 26.7, 0.2, 0.4, 50.0, 0.5, 0.5, 0.9, 0.6, 0.4, 0.1, 0.1, 0.5, 5.0, 0.0, 0.0, 0.0
431, Lindy Waters III , OKC, 26, 28, 19, 9, 6.6, 2.7, 0.9, 2.1, 44.1, 0.9, 2.0, 43.6, 0.0, 0.0, 0.0, 0.1, 0.9, 1.0, 0.5, 0.2, 0.1, 0.1, 0.6, 5.1, 0.0, 0.0, -0.4
432, Harry Giles III , LAL, 25, 20, 8, 12, 4.4, 2.7, 1.1, 2.3, 47.8, 0.2, 0.6, 25.0, 0.4, 0.7, 53.8, 0.6, 0.8, 1.4, 0.3, 0.3, 0.1, 0.2, 0.8, 5.1, 0.0, 0.0, -1.1
433, Markieff Morris , DAL, 34, 20, 11, 9, 8.4, 2.7, 1.0, 2.6, 36.5, 0.6, 1.6, 37.5, 0.2, 0.2, 75.0, 0.2, 1.3, 1.5, 0.6, 0.5, 0.3, 0.1, 0.6, 5.7, 0.0, 0.0, -2.2
434, Damian Jones , CLE, 28, 31, 21, 10, 7.4, 2.6, 1.1, 1.9, 56.9, 0.1, 0.4, 18.2, 0.5, 0.5, 82.4, 0.6, 1.3, 1.8, 0.5, 0.4, 0.2, 0.4, 0.7, 7.0, 0.0, 0.0, -1.8
435, Moussa Diabate , LAC, 22, 11, 7, 4, 5.8, 2.6, 0.9, 1.7, 52.6, 0.0, 0.0, 0.0, 0.8, 1.3, 64.3, 1.4, 0.8, 2.2, 0.4, 0.2, 0.5, 0.1, 0.4, 7.3, 0.0, 0.0, -0.2
436, Aleksej Pokusevski , CHA, 22, 15, 10, 5, 9.5, 2.6, 1.0, 2.9, 34.9, 0.3, 1.4, 23.8, 0.3, 0.4, 66.7, 0.5, 1.3, 1.7, 1.0, 0.5, 0.4, 0.4, 0.7, 8.1, 0.0, 0.0, -2.0
436, Otto Porter Jr. , TOR, 30, 15, 6, 9, 11.6, 2.6, 0.9, 2.2, 42.4, 0.5, 1.5, 34.8, 0.2, 0.2, 100, 0.4, 1.5, 1.9, 0.5, 0.1, 0.3, 0.3, 1.3, 7.6, 0.0, 0.0, 1.5
438, Chuma Okeke , ORL, 25, 40, 19, 21, 10.0, 2.6, 1.0, 2.6, 37.1, 0.6, 1.9, 29.9, 0.1, 0.1, 40.0, 0.5, 1.4, 1.9, 0.5, 0.3, 0.2, 0.2, 0.5, 6.3, 0.0, 0.0, -1.3
439, Colin Castleton , LAL, 23, 7, 3, 4, 5.1, 2.6, 1.0, 1.4, 70.0, 0.0, 0.0, 0.0, 0.6, 0.6, 100, 0.6, 0.7, 1.3, 0.4, 0.1, 0.0, 0.0, 1.0, 4.6, 0.0, 0.0, -3.0
440, Alex Len , SAC, 30, 32, 16, 16, 8.7, 2.6, 1.1, 1.9, 58.1, 0.0, 0.1, 0.0, 0.3, 0.7, 47.6, 1.1, 1.6, 2.7, 0.8, 0.6, 0.3, 0.6, 1.2, 9.1, 0.0, 0.0, 3.3
441, Ish Wainright , PHX, 29, 9, 1, 8, 6.6, 2.6, 0.8, 2.7, 29.2, 0.8, 2.2, 35.0, 0.2, 0.2, 100, 0.3, 1.2, 1.6, 0.1, 0.2, 0.3, 0.1, 0.7, 5.7, 0.0, 0.0, -0.6
442, Olivier-Maxence Prosper , DAL, 21, 33, 19, 14, 7.9, 2.5, 0.8, 2.2, 35.1, 0.2, 1.0, 23.5, 0.7, 1.0, 67.6, 0.5, 1.3, 1.9, 0.6, 0.2, 0.2, 0.1, 0.5, 6.2, 0.0, 0.0, -1.6
443, Furkan Korkmaz , PHI, 26, 35, 22, 13, 8.6, 2.5, 0.9, 2.2, 39.5, 0.4, 1.1, 35.0, 0.4, 0.6, 70.0, 0.1, 0.7, 0.9, 0.7, 0.3, 0.4, 0.1, 0.5, 5.8, 0.0, 0.0, 1.3
444, Adama Sanogo , CHI, 22, 4, 1, 3, 2.9, 2.5, 1.0, 1.0, 100, 0.0, 0.0, 0.0, 0.5, 0.8, 66.7, 0.8, 1.0, 1.8, 0.0, 0.3, 0.0, 0.0, 0.0, 4.4, 0.0, 0.0, 5.3
444, Greg Brown III , DAL, 22, 6, 3, 3, 6.6, 2.5, 0.8, 1.8, 45.5, 0.2, 0.5, 33.3, 0.7, 1.5, 44.4, 0.5, 1.0, 1.5, 0.7, 0.7, 0.0, 0.7, 0.8, 6.6, 0.0, 0.0, -1.5
444, Jared Rhoden , DET, 24, 6, 1, 5, 7.1, 2.5, 1.0, 1.8, 54.5, 0.2, 0.7, 25.0, 0.3, 0.3, 100, 0.2, 0.7, 0.8, 0.7, 0.5, 0.0, 0.3, 0.7, 5.0, 0.0, 0.0, 3.0
444, Nate Williams , HOU, 25, 14, 6, 8, 5.8, 2.5, 1.0, 2.2, 45.2, 0.1, 0.3, 25.0, 0.4, 0.6, 66.7, 0.6, 0.3, 0.9, 0.4, 0.1, 0.1, 0.0, 0.6, 4.5, 0.0, 0.0, 1.1
444, Udoka Azubuike , PHX, 24, 14, 10, 4, 7.7, 2.5, 1.1, 1.6, 72.7, 0.0, 0.0, 0.0, 0.2, 0.8, 27.3, 0.8, 1.5, 2.3, 0.2, 0.3, 0.1, 0.4, 1.2, 6.8, 1.0, 0.0, -2.7
449, Dalen Terry , CHI, 21, 45, 21, 24, 10.0, 2.4, 0.9, 2.1, 40.6, 0.3, 1.1, 24.0, 0.4, 0.7, 62.5, 0.4, 1.3, 1.6, 1.2, 0.5, 0.4, 0.2, 1.2, 7.5, 0.0, 0.0, 0.7
450, Joe Harris , DET, 32, 16, 4, 12, 10.6, 2.4, 0.9, 2.4, 35.9, 0.6, 1.9, 33.3, 0.1, 0.1, 50.0, 0.2, 0.6, 0.8, 0.6, 0.3, 0.2, 0.1, 1.2, 5.0, 0.0, 0.0, -3.0
451, Olivier Sarr , OKC, 25, 14, 7, 7, 6.8, 2.4, 0.8, 1.4, 57.9, 0.1, 0.4, 33.3, 0.7, 1.1, 66.7, 0.7, 1.8, 2.5, 0.1, 0.2, 0.0, 0.5, 1.3, 6.9, 0.0, 0.0, 0.6
451, Tosan Evbuomwan , DET, 23, 7, 0, 7, 13.0, 2.4, 1.0, 2.6, 38.9, 0.4, 1.3, 33.3, 0.0, 0.0, 0.0, 1.1, 1.1, 2.3, 0.9, 0.1, 0.1, 0.1, 0.9, 7.2, 0.0, 0.0, -4.6
453, Cory Joseph , GSW, 32, 26, 10, 16, 11.4, 2.4, 0.9, 2.5, 35.9, 0.5, 1.6, 31.0, 0.2, 0.3, 57.1, 0.2, 0.9, 1.2, 1.6, 0.5, 0.2, 0.1, 1.0, 6.6, 0.0, 0.0, -0.5
454, Kira Lewis Jr. , UTA, 22, 19, 10, 9, 8.0, 2.4, 0.9, 2.8, 31.5, 0.1, 1.1, 9.5, 0.5, 0.6, 90.9, 0.3, 0.5, 0.8, 1.1, 0.4, 0.3, 0.1, 0.5, 5.7, 0.0, 0.0, -1.1
455, Kenneth Lofton Jr. , UTA, 21, 17, 5, 12, 6.3, 2.4, 0.9, 2.5, 34.9, 0.2, 0.7, 25.0, 0.5, 0.9, 53.3, 0.1, 0.9, 1.1, 0.8, 0.5, 0.2, 0.2, 0.9, 5.5, 0.0, 0.0, -0.5
456, Johnny Davis , WAS, 22, 37, 4, 33, 10.1, 2.4, 1.0, 2.9, 35.5, 0.2, 0.7, 24.0, 0.2, 0.4, 53.8, 0.4, 0.9, 1.4, 0.5, 0.2, 0.3, 0.2, 0.9, 5.9, 0.0, 0.0, -2.4
457, Andre Jackson Jr. , MIL, 22, 49, 30, 19, 10.4, 2.4, 1.0, 1.8, 52.8, 0.3, 0.8, 37.5, 0.2, 0.2, 72.7, 0.8, 1.2, 2.0, 0.9, 0.5, 0.3, 0.1, 1.7, 6.8, 1.0, 0.0, -1.3
458, Sandro Mamukelashvili , SAS, 24, 37, 8, 29, 6.4, 2.4, 0.9, 2.1, 44.7, 0.2, 0.9, 22.9, 0.3, 0.5, 70.6, 0.7, 1.1, 1.8, 0.9, 0.2, 0.2, 0.2, 0.6, 6.7, 0.0, 0.0, 0.7
459, Moses Brown , POR, 24, 14, 4, 10, 8.3, 2.4, 1.1, 2.4, 47.1, 0.0, 0.0, 0.0, 0.1, 0.5, 14.3, 1.6, 2.4, 3.9, 0.3, 0.4, 0.1, 0.3, 1.1, 8.4, 0.0, 0.0, -2.4
460, Jericho Sims , NYK, 25, 38, 24, 14, 13.6, 2.3, 1.0, 1.3, 74.5, 0.0, 0.0, 0.0, 0.3, 0.5, 65.0, 1.3, 2.1, 3.4, 0.6, 0.3, 0.2, 0.4, 0.9, 8.9, 0.0, 0.0, -0.9
461, Dereon Seabron , NOP, 23, 6, 3, 3, 9.2, 2.3, 0.7, 2.2, 30.8, 0.2, 0.3, 50.0, 0.8, 1.0, 83.3, 0.2, 1.0, 1.2, 0.8, 0.0, 0.3, 0.2, 0.7, 6.5, 0.0, 0.0, 4.7
462, Reggie Bullock Jr. , HOU, 33, 29, 15, 14, 9.3, 2.3, 0.8, 2.0, 41.4, 0.6, 1.6, 39.1, 0.0, 0.0, 100, 0.1, 1.4, 1.5, 0.4, 0.3, 0.2, 0.1, 0.5, 5.4, 0.0, 0.0, -0.6
463, Boban Marjanovic , HOU, 35, 10, 6, 4, 5.0, 2.3, 1.0, 2.2, 45.5, 0.0, 0.2, 0.0, 0.3, 0.6, 50.0, 0.6, 1.6, 2.2, 0.4, 0.2, 0.0, 0.1, 0.5, 5.6, 0.0, 0.0, -2.7
464, Cole Swider , MIA, 24, 11, 4, 7, 5.0, 2.3, 0.8, 2.3, 36.0, 0.5, 1.7, 26.3, 0.2, 0.2, 100, 0.1, 0.3, 0.4, 0.4, 0.5, 0.1, 0.1, 0.2, 3.3, 0.0, 0.0, 0.1
464, Emoni Bates , CLE, 20, 11, 6, 5, 8.0, 2.3, 0.8, 2.9, 28.1, 0.5, 2.2, 25.0, 0.1, 0.4, 25.0, 0.1, 0.9, 1.0, 0.5, 0.2, 0.1, 0.2, 0.5, 4.9, 0.0, 0.0, -5.5
464, Leaky Black , CHA, 24, 22, 1, 21, 9.9, 2.3, 0.8, 1.8, 43.6, 0.3, 0.7, 46.7, 0.4, 0.6, 64.3, 0.4, 1.4, 1.7, 0.8, 0.2, 0.2, 0.3, 0.7, 6.8, 0.0, 0.0, -1.8
467, Julian Phillips , CHI, 20, 40, 20, 20, 8.1, 2.2, 0.8, 1.9, 41.6, 0.3, 1.0, 31.6, 0.3, 0.5, 68.4, 0.3, 0.6, 0.9, 0.3, 0.3, 0.2, 0.2, 1.0, 4.6, 0.0, 0.0, -0.1
468, Anthony Gill , WAS, 31, 38, 6, 32, 5.6, 2.2, 0.8, 1.8, 46.3, 0.1, 0.5, 22.2, 0.4, 0.6, 77.3, 0.5, 0.7, 1.2, 0.4, 0.4, 0.2, 0.2, 0.4, 5.0, 0.0, 0.0, 1.8
469, Trent Forrest , ATL, 25, 29, 14, 15, 10.5, 2.1, 0.8, 2.2, 36.9, 0.1, 0.2, 28.6, 0.4, 0.5, 78.6, 0.2, 1.0, 1.2, 2.1, 0.4, 0.2, 0.1, 0.8, 7.2, 0.0, 0.0, -2.1
470, AJ Griffin , ATL, 20, 18, 8, 10, 7.4, 2.1, 0.7, 2.5, 28.9, 0.5, 1.8, 27.3, 0.1, 0.1, 100, 0.1, 0.7, 0.8, 0.2, 0.3, 0.1, 0.1, 0.3, 3.3, 0.0, 0.0, -1.6
471, Colby Jones , SAC, 21, 19, 9, 10, 6.7, 2.1, 0.9, 2.5, 37.5, 0.1, 0.7, 7.7, 0.1, 0.3, 40.0, 0.5, 0.8, 1.4, 0.6, 0.3, 0.2, 0.1, 0.8, 5.1, 0.0, 0.0, 0.2
472, Brandon Williams , DAL, 24, 12, 7, 5, 4.9, 2.0, 0.7, 1.8, 36.4, 0.2, 0.5, 33.3, 0.5, 0.9, 54.5, 0.3, 0.3, 0.6, 1.0, 0.3, 0.1, 0.1, 0.2, 4.5, 0.0, 0.0, -2.3
472, D'Moi Hodge , LAL, 25, 7, 1, 6, 5.9, 2.0, 0.7, 2.1, 33.3, 0.4, 1.7, 25.0, 0.1, 0.3, 50.0, 0.0, 0.0, 0.0, 0.7, 0.1, 0.1, 0.1, 0.6, 3.8, 0.0, 0.0, -5.0
472, Henri Drell , CHI, 23, 1, 0, 1, 2.9, 2.0, 1.0, 2.0, 50.0, 0.0, 1.0, 0.0, 0.0, 0.0, 0.0, 1.0, 0.0, 1.0, 2.0, 0.0, 0.0, 0.0, 0.0, 6.2, 0.0, 0.0, 3.0
472, Isaiah Mobley , CLE, 24, 6, 1, 5, 8.5, 2.0, 0.8, 2.2, 38.5, 0.3, 1.2, 28.6, 0.0, 0.0, 0.0, 0.0, 1.0, 1.0, 1.0, 0.2, 0.2, 0.0, 0.8, 5.0, 0.0, 0.0, -1.5
472, Jordan Ford , SAC, 25, 6, 2, 4, 3.6, 2.0, 0.7, 1.2, 57.1, 0.3, 0.5, 66.7, 0.3, 0.3, 100, 0.0, 0.3, 0.3, 0.3, 0.2, 0.0, 0.0, 0.0, 2.7, 0.0, 0.0, 2.3
472, Kevon Harris , ORL, 26, 2, 1, 1, 3.0, 2.0, 1.0, 1.5, 66.7, 0.0, 0.0, 0.0, 0.0, 0.0, 0.0, 0.0, 1.0, 1.0, 0.5, 0.5, 0.0, 0.0, 1.5, 3.5, 0.0, 0.0, 0.0
472, Lindell Wigginton , MIL, 25, 3, 3, 0, 2.5, 2.0, 0.7, 1.7, 40.0, 0.0, 0.7, 0.0, 0.7, 0.7, 100, 0.0, 0.0, 0.0, 0.0, 0.3, 0.0, 0.0, 0.3, 1.7, 0.0, 0.0, -3.3
472, Markquis Nowell , TOR, 24, 1, 0, 1, 3.5, 2.0, 0.0, 1.0, 0.0, 0.0, 0.0, 0.0, 2.0, 2.0, 100, 2.0, 0.0, 2.0, 2.0, 0.0, 1.0, 0.0, 0.0, 10.4, 0.0, 0.0, 4.0
472, Taze Moore , POR, 25, 3, 1, 2, 3.4, 2.0, 1.0, 1.7, 60.0, 0.0, 0.7, 0.0, 0.0, 0.0, 0.0, 0.0, 0.0, 0.0, 0.3, 0.3, 0.3, 0.0, 0.7, 3.2, 0.0, 0.0, 1.7
472, Ty Jerome , CLE, 26, 2, 1, 1, 7.4, 2.0, 1.0, 2.0, 50.0, 0.0, 0.5, 0.0, 0.0, 0.0, 0.0, 0.5, 0.0, 0.5, 1.5, 0.5, 0.0, 0.0, 1.0, 4.4, 0.0, 0.0, -7.0
482, Cody Zeller , NOP, 31, 39, 23, 16, 7.7, 1.9, 0.6, 1.5, 41.7, 0.0, 0.1, 33.3, 0.6, 0.9, 61.1, 1.2, 1.6, 2.7, 0.9, 0.4, 0.2, 0.1, 1.1, 7.2, 0.0, 0.0, 1.5
483, Daishen Nix , MIN, 22, 12, 9, 3, 3.3, 1.8, 0.7, 1.7, 40.0, 0.4, 1.2, 35.7, 0.1, 0.3, 25.0, 0.0, 0.1, 0.1, 0.2, 0.2, 0.3, 0.0, 0.1, 3.0, 0.0, 0.0, 1.7
484, Xavier Moon , LAC, 29, 5, 3, 2, 4.1, 1.8, 0.8, 1.0, 80.0, 0.0, 0.2, 0.0, 0.2, 0.4, 50.0, 0.2, 0.4, 0.6, 0.8, 0.4, 0.0, 0.0, 0.6, 3.3, 0.0, 0.0, -3.0
485, P.J. Tucker , LAC, 38, 21, 7, 14, 16.2, 1.7, 0.6, 1.7, 34.3, 0.4, 1.2, 34.6, 0.1, 0.1, 100, 1.1, 1.8, 2.9, 0.5, 0.3, 0.5, 0.3, 2.0, 8.0, 0.0, 0.0, -1.0
486, Kobe Brown , LAC, 24, 36, 25, 11, 8.1, 1.7, 0.7, 1.8, 38.1, 0.3, 1.1, 30.8, 0.0, 0.1, 50.0, 0.3, 1.0, 1.3, 0.5, 0.2, 0.2, 0.1, 1.1, 4.5, 0.0, 0.0, -1.8
487, Jamaree Bouyea , SAS, 24, 6, 0, 6, 9.5, 1.7, 0.8, 3.5, 23.8, 0.0, 1.3, 0.0, 0.0, 0.0, 0.0, 0.3, 1.3, 1.7, 1.3, 1.3, 0.0, 0.0, 0.5, 4.3, 0.0, 0.0, -3.7
487, Leonard Miller , MIN, 20, 9, 8, 1, 3.3, 1.7, 0.8, 1.2, 63.6, 0.1, 0.3, 33.3, 0.0, 0.0, 0.0, 0.2, 1.1, 1.3, 0.6, 0.1, 0.1, 0.1, 0.4, 4.7, 0.0, 0.0, -0.8
489, Jett Howard , ORL, 20, 14, 7, 7, 3.7, 1.6, 0.6, 1.6, 34.8, 0.4, 1.3, 27.8, 0.1, 0.3, 50.0, 0.1, 0.3, 0.4, 0.2, 0.1, 0.0, 0.1, 0.2, 2.5, 0.0, 0.0, -0.1
490, Jermaine Samuels Jr. , HOU, 25, 11, 6, 5, 4.8, 1.6, 0.7, 1.0, 72.7, 0.0, 0.2, 0.0, 0.2, 0.2, 100, 0.2, 0.8, 1.0, 0.2, 0.0, 0.1, 0.1, 0.4, 3.7, 0.0, 0.0, -1.0
491, Jordan Miller , LAC, 24, 8, 5, 3, 3.5, 1.6, 0.6, 1.1, 55.6, 0.1, 0.3, 50.0, 0.3, 0.3, 100, 0.4, 0.3, 0.6, 0.0, 0.1, 0.0, 0.0, 0.3, 2.3, 0.0, 0.0, -1.6
492, Jalen Hood-Schifino , LAL, 20, 21, 10, 11, 5.2, 1.6, 0.5, 2.1, 22.2, 0.1, 0.7, 13.3, 0.6, 1.0, 60.0, 0.1, 0.5, 0.6, 0.4, 0.4, 0.1, 0.1, 0.6, 3.2, 0.0, 0.0, -2.6
492, Jalen Pickett , DEN, 24, 21, 15, 6, 5.2, 1.6, 0.6, 1.4, 40.0, 0.3, 1.0, 31.8, 0.1, 0.2, 75.0, 0.0, 0.5, 0.5, 0.7, 0.4, 0.1, 0.0, 0.5, 3.4, 0.0, 0.0, -0.4
494, Josh Minott , MIN, 21, 24, 18, 6, 2.8, 1.6, 0.5, 1.1, 44.4, 0.1, 0.3, 25.0, 0.5, 0.6, 85.7, 0.1, 0.4, 0.5, 0.2, 0.1, 0.1, 0.2, 0.3, 3.3, 0.0, 0.0, 0.2
495, Seth Lundy , ATL, 23, 9, 2, 7, 5.8, 1.6, 0.4, 1.9, 23.5, 0.3, 1.4, 23.1, 0.3, 0.4, 75.0, 0.1, 0.7, 0.8, 0.0, 0.1, 0.0, 0.0, 0.7, 2.4, 0.0, 0.0, -1.4
495, Terry Taylor , CHI, 24, 27, 11, 16, 6.4, 1.6, 0.7, 1.4, 51.4, 0.1, 0.3, 22.2, 0.1, 0.1, 66.7, 0.6, 0.7, 1.3, 0.3, 0.3, 0.1, 0.1, 0.6, 4.0, 0.0, 0.0, 0.6
497, Ibou Badji , POR, 21, 19, 5, 14, 10.8, 1.5, 0.6, 1.0, 63.2, 0.0, 0.0, 0.0, 0.3, 0.5, 50.0, 1.0, 1.5, 2.5, 0.7, 0.7, 0.1, 1.1, 2.2, 8.3, 0.0, 0.0, -4.3
498, Dariq Whitehead , BKN, 19, 2, 1, 1, 12.0, 1.5, 0.5, 2.5, 20.0, 0.0, 1.5, 0.0, 0.5, 1.0, 50.0, 0.0, 2.0, 2.0, 1.5, 0.0, 0.0, 0.5, 0.0, 7.7, 0.0, 0.0, -11.0
499, Jacob Toppin , NYK, 23, 9, 2, 7, 4.2, 1.4, 0.6, 1.0, 55.6, 0.1, 0.4, 25.0, 0.2, 0.2, 100, 0.3, 0.4, 0.8, 0.3, 0.1, 0.0, 0.1, 0.3, 3.1, 0.0, 0.0, -1.8
500, Garrett Temple , TOR, 37, 16, 4, 12, 4.3, 1.4, 0.5, 1.3, 38.1, 0.1, 0.6, 22.2, 0.3, 0.4, 83.3, 0.3, 0.4, 0.7, 0.4, 0.3, 0.2, 0.0, 0.4, 3.1, 0.0, 0.0, -0.6
501, Kessler Edwards , SAC, 23, 42, 26, 16, 4.6, 1.4, 0.5, 1.3, 40.7, 0.3, 0.8, 36.4, 0.1, 0.1, 66.7, 0.1, 0.6, 0.7, 0.2, 0.0, 0.1, 0.1, 0.4, 3.2, 0.0, 0.0, -0.7
502, Jerome Robinson , GSW, 27, 17, 12, 5, 3.8, 1.4, 0.5, 1.5, 32.0, 0.1, 0.8, 14.3, 0.4, 0.6, 60.0, 0.1, 0.2, 0.3, 0.3, 0.1, 0.0, 0.2, 0.2, 2.7, 0.0, 0.0, 1.4
503, Jay Huff , DEN, 26, 14, 11, 3, 2.6, 1.4, 0.5, 0.9, 58.3, 0.2, 0.6, 37.5, 0.1, 0.1, 100, 0.1, 0.6, 0.7, 0.1, 0.1, 0.1, 0.0, 0.5, 2.5, 0.0, 0.0, -1.1
504, Jason Preston , UTA, 24, 3, 1, 2, 8.8, 1.3, 0.7, 2.0, 33.3, 0.0, 0.0, 0.0, 0.0, 0.0, 0.0, 1.0, 1.3, 2.3, 2.3, 0.7, 0.0, 0.0, 0.3, 7.0, 0.0, 0.0, 3.3
504, Kendall Brown , IND, 20, 9, 5, 4, 3.5, 1.3, 0.4, 0.8, 57.1, 0.0, 0.1, 0.0, 0.4, 0.7, 66.7, 0.2, 0.0, 0.2, 0.3, 0.1, 0.0, 0.0, 0.4, 2.0, 0.0, 0.0, -0.6
506, Nathan Mensah , CHA, 25, 25, 3, 22, 12.3, 1.3, 0.5, 1.1, 42.9, 0.0, 0.0, 0.0, 0.4, 0.5, 75.0, 1.2, 1.4, 2.6, 0.4, 0.6, 0.2, 0.6, 2.6, 6.8, 0.0, 0.0, -5.3
507, Amari Bailey , CHA, 20, 4, 0, 4, 4.1, 1.3, 0.5, 1.8, 28.6, 0.0, 0.8, 0.0, 0.3, 0.5, 50.0, 0.5, 0.0, 0.5, 0.3, 0.3, 0.0, 0.0, 0.0, 2.0, 0.0, 0.0, 0.5
507, Dylan Windler , ATL, 27, 12, 6, 6, 3.3, 1.3, 0.4, 0.9, 45.5, 0.4, 0.8, 50.0, 0.0, 0.0, 0.0, 0.0, 0.4, 0.4, 0.6, 0.0, 0.0, 0.0, 0.3, 2.6, 0.0, 0.0, -0.1
507, R.J. Hampton , MIA, 23, 8, 3, 5, 9.5, 1.3, 0.5, 1.8, 28.6, 0.1, 1.0, 12.5, 0.1, 0.3, 50.0, 0.3, 0.5, 0.8, 1.0, 0.4, 0.0, 0.0, 1.0, 3.3, 0.0, 0.0, 2.6
510, Keyontae Johnson , OKC, 23, 9, 7, 2, 7.4, 1.2, 0.6, 1.8, 31.3, 0.1, 0.3, 33.3, 0.0, 0.0, 0.0, 0.4, 0.7, 1.1, 0.4, 0.4, 0.1, 0.0, 0.6, 3.1, 0.0, 0.0, -0.8
511, Justin Minaya , POR, 24, 24, 2, 22, 8.0, 1.1, 0.4, 1.5, 25.0, 0.2, 1.0, 20.8, 0.2, 0.3, 50.0, 0.5, 0.6, 1.1, 0.4, 0.3, 0.3, 0.2, 0.5, 4.1, 0.0, 0.0, -1.4
511, Robin Lopez , MIL, 35, 16, 10, 6, 4.0, 1.1, 0.4, 1.2, 36.8, 0.1, 0.5, 25.0, 0.1, 0.1, 100, 0.2, 0.1, 0.3, 0.3, 0.1, 0.1, 0.2, 0.4, 2.5, 0.0, 0.0, -1.4
513, Chris Livingston , MIL, 20, 16, 10, 6, 4.3, 1.1, 0.4, 1.0, 43.8, 0.1, 0.2, 33.3, 0.1, 0.1, 100, 0.1, 0.8, 0.9, 0.3, 0.3, 0.1, 0.0, 0.7, 2.8, 0.0, 0.0, -0.8
514, Alex Fudge , DAL, 20, 4, 1, 3, 3.6, 1.0, 0.3, 1.5, 16.7, 0.0, 0.5, 0.0, 0.5, 0.5, 100, 0.5, 0.0, 0.5, 0.0, 0.3, 0.0, 0.0, 0.3, 1.4, 0.0, 0.0, -5.0
514, Braxton Key , DEN, 27, 17, 12, 5, 3.2, 1.0, 0.4, 0.9, 37.5, 0.1, 0.2, 25.0, 0.2, 0.4, 66.7, 0.2, 0.6, 0.8, 0.5, 0.1, 0.1, 0.1, 0.3, 3.2, 0.0, 0.0, -0.4
514, Filip Petrusev , SAC, 23, 3, 2, 1, 3.1, 1.0, 0.3, 0.7, 50.0, 0.0, 0.0, 0.0, 0.3, 0.7, 50.0, 0.0, 0.3, 0.3, 0.0, 0.0, 0.0, 0.0, 0.3, 1.4, 0.0, 0.0, 2.0
514, Frank Ntilikina , CHA, 25, 5, 0, 5, 8.6, 1.0, 0.2, 1.8, 11.1, 0.2, 1.6, 12.5, 0.4, 0.4, 100, 0.2, 1.0, 1.2, 0.8, 0.2, 0.0, 0.0, 0.8, 3.4, 0.0, 0.0, -0.2
514, Hamidou Diallo , WAS, 25, 2, 1, 1, 2.4, 1.0, 0.5, 1.0, 50.0, 0.0, 0.0, 0.0, 0.0, 0.0, 0.0, 1.0, 0.0, 1.0, 0.5, 0.5, 1.0, 0.0, 0.5, 5.5, 0.0, 0.0, 2.0
514, JD Davison , BOS, 21, 5, 5, 0, 1.7, 1.0, 0.2, 0.4, 50.0, 0.2, 0.4, 50.0, 0.4, 0.4, 100, 0.2, 0.4, 0.6, 0.0, 0.0, 0.0, 0.0, 0.2, 1.7, 0.0, 0.0, 0.4
514, James Johnson , IND, 37, 6, 2, 4, 5.3, 1.0, 0.3, 1.0, 33.3, 0.0, 0.2, 0.0, 0.3, 0.3, 100, 0.2, 0.5, 0.7, 1.0, 0.3, 0.7, 0.2, 1.2, 5.5, 0.0, 0.0, 1.5
514, Joshua Primo , LAC, 21, 2, 2, 0, 5.1, 1.0, 0.5, 1.5, 33.3, 0.0, 0.5, 0.0, 0.0, 0.0, 0.0, 0.5, 0.0, 0.5, 0.0, 2.0, 0.0, 0.5, 0.0, 1.1, 0.0, 0.0, -0.5
514, Mason Jones , SAC, 25, 1, 0, 1, 13.0, 1.0, 0.0, 3.0, 0.0, 0.0, 2.0, 0.0, 1.0, 2.0, 50.0, 1.0, 3.0, 4.0, 4.0, 0.0, 0.0, 0.0, 0.0, 11.8, 0.0, 0.0, 10.0
514, Mouhamadou Gueye , TOR, 25, 2, 0, 2, 4.8, 1.0, 0.5, 2.0, 25.0, 0.0, 0.0, 0.0, 0.0, 0.0, 0.0, 1.5, 1.0, 2.5, 0.0, 0.0, 0.0, 1.5, 1.0, 8.5, 0.0, 0.0, 0.5
514, Sidy Cissoko , SAS, 19, 6, 1, 5, 5.3, 1.0, 0.2, 1.0, 16.7, 0.0, 0.7, 0.0, 0.7, 0.7, 100, 0.0, 1.0, 1.0, 0.0, 0.2, 0.5, 0.0, 0.3, 3.5, 0.0, 0.0, 2.5
514, Taj Gibson , DET, 38, 16, 7, 9, 10.3, 1.0, 0.4, 1.4, 30.4, 0.0, 0.4, 0.0, 0.1, 0.1, 100, 0.6, 1.1, 1.8, 0.6, 0.3, 0.1, 0.4, 1.8, 5.1, 0.0, 0.0, -1.5
526, Thanasis Antetokounmpo , MIL, 31, 28, 18, 10, 4.8, 0.9, 0.5, 0.9, 50.0, 0.0, 0.0, 0.0, 0.0, 0.1, 0.0, 0.2, 0.2, 0.4, 0.5, 0.4, 0.2, 0.1, 0.8, 2.6, 0.0, 0.0, -1.1
527, DaQuan Jeffries , NYK, 26, 13, 8, 5, 2.6, 0.8, 0.4, 1.1, 35.7, 0.1, 0.5, 14.3, 0.0, 0.2, 0.0, 0.0, 0.4, 0.4, 0.2, 0.1, 0.0, 0.0, 0.2, 1.5, 0.0, 0.0, -0.6
528, Admiral Schofield , ORL, 26, 18, 11, 7, 3.4, 0.8, 0.3, 1.0, 33.3, 0.2, 0.6, 27.3, 0.0, 0.1, 0.0, 0.1, 0.5, 0.6, 0.3, 0.2, 0.0, 0.0, 0.4, 1.8, 0.0, 0.0, 0.1
529, Charlie Brown Jr. , NYK, 27, 8, 2, 6, 4.7, 0.8, 0.3, 1.3, 20.0, 0.3, 0.9, 28.6, 0.0, 0.0, 0.0, 0.1, 0.1, 0.3, 0.0, 0.3, 0.0, 0.3, 0.6, 1.6, 0.0, 0.0, -0.8
530, Hunter Tyson , DEN, 23, 11, 8, 3, 2.9, 0.7, 0.3, 1.0, 27.3, 0.2, 0.8, 22.2, 0.0, 0.0, 0.0, 0.1, 0.7, 0.8, 0.1, 0.2, 0.0, 0.0, 0.6, 1.7, 0.0, 0.0, 0.3
531, Jalen Slawson , SAC, 24, 6, 4, 2, 3.4, 0.7, 0.3, 0.5, 66.7, 0.0, 0.2, 0.0, 0.0, 0.0, 0.0, 0.0, 0.8, 0.8, 0.3, 0.3, 0.0, 0.2, 0.7, 2.3, 0.0, 0.0, -2.5
531, Shaquille Harrison , MEM, 30, 3, 1, 2, 2.0, 0.7, 0.3, 0.7, 50.0, 0.0, 0.0, 0.0, 0.0, 0.0, 0.0, 0.0, 0.7, 0.7, 0.0, 0.0, 0.0, 0.3, 0.0, 2.5, 0.0, 0.0, -3.7
533, Juan Toscano-Anderson , SAC, 30, 11, 7, 4, 4.8, 0.6, 0.3, 1.1, 25.0, 0.1, 0.4, 25.0, 0.0, 0.0, 0.0, 0.4, 0.9, 1.3, 0.4, 0.2, 0.1, 0.1, 1.0, 3.1, 0.0, 0.0, -0.8
534, TyTy Washington Jr. , MIL, 22, 5, 3, 2, 4.1, 0.6, 0.2, 1.4, 14.3, 0.2, 0.6, 33.3, 0.0, 0.0, 0.0, 0.0, 0.2, 0.2, 0.2, 0.4, 0.4, 0.0, 0.0, 1.9, 0.0, 0.0, -0.6
535, Wendell Moore Jr. , MIN, 22, 17, 13, 4, 2.9, 0.6, 0.3, 0.6, 50.0, 0.0, 0.2, 0.0, 0.0, 0.0, 0.0, 0.0, 0.4, 0.4, 0.1, 0.2, 0.3, 0.1, 0.2, 2.1, 0.0, 0.0, -1.2
536, E.J. Liddell , NOP, 23, 8, 3, 5, 2.9, 0.5, 0.1, 0.8, 16.7, 0.0, 0.6, 0.0, 0.3, 0.3, 100, 0.0, 0.6, 0.6, 0.1, 0.3, 0.3, 0.3, 0.3, 2.7, 0.0, 0.0, -0.5
536, Jordan Walsh , BOS, 20, 4, 4, 0, 8.3, 0.5, 0.3, 1.3, 20.0, 0.0, 0.8, 0.0, 0.0, 0.0, 0.0, 0.5, 2.3, 2.8, 0.5, 0.5, 0.5, 0.3, 1.3, 6.3, 0.0, 0.0, 6.3
538, Maxwell Lewis , LAL, 21, 24, 11, 13, 3.2, 0.3, 0.1, 0.5, 25.0, 0.0, 0.1, 33.3, 0.0, 0.0, 0.0, 0.0, 0.1, 0.1, 0.1, 0.3, 0.1, 0.0, 0.2, 0.6, 0.0, 0.0, -2.1
539, Adam Flagler , OKC, 24, 1, 1, 0, 5.5, 0.0, 0.0, 3.0, 0.0, 0.0, 3.0, 0.0, 0.0, 0.0, 0.0, 0.0, 0.0, 0.0, 1.0, 0.0, 0.0, 0.0, 0.0, 1.5, 0.0, 0.0, 0.0
539, Alondes Williams , MIA, 24, 2, 2, 0, 4.7, 0.0, 0.0, 1.5, 0.0, 0.0, 1.0, 0.0, 0.0, 0.0, 0.0, 0.0, 0.5, 0.5, 0.0, 0.5, 0.0, 0.0, 0.0, 0.1, 0.0, 0.0, -4.0
539, Andrew Funk , CHI, 24, 2, 1, 1, 1.3, 0.0, 0.0, 0.5, 0.0, 0.0, 0.0, 0.0, 0.0, 0.0, 0.0, 0.0, 0.0, 0.0, 0.0, 0.0, 0.0, 0.0, 0.0, 0.0, 0.0, 0.0, 4.0
539, Danny Green , PHI, 36, 2, 1, 1, 9.2, 0.0, 0.0, 1.0, 0.0, 0.0, 0.5, 0.0, 0.0, 0.0, 0.0, 0.0, 1.0, 1.0, 0.5, 0.0, 0.5, 0.0, 0.5, 3.5, 0.0, 0.0, 0.0
539, Darius Bazley , UTA, 23, 3, 0, 3, 3.3, 0.0, 0.0, 0.3, 0.0, 0.0, 0.0, 0.0, 0.0, 0.0, 0.0, 0.0, 0.3, 0.3, 0.7, 0.3, 0.0, 0.0, 0.0, 1.1, 0.0, 0.0, -0.3
539, Dmytro Skapintsev , NYK, 25, 2, 0, 2, 1.1, 0.0, 0.0, 0.5, 0.0, 0.0, 0.0, 0.0, 0.0, 0.0, 0.0, 0.0, 0.0, 0.0, 0.0, 0.0, 0.0, 0.0, 0.0, 0.0, 0.0, 0.0, 0.0
539, Jalen Crutcher , NOP, 24, 1, 1, 0, 2.7, 0.0, 0.0, 1.0, 0.0, 0.0, 0.0, 0.0, 0.0, 0.0, 0.0, 0.0, 0.0, 0.0, 0.0, 0.0, 0.0, 0.0, 0.0, 0.0, 0.0, 0.0, 1.0
539, Javonte Smart , PHI, 24, 1, 1, 0, 0.7, 0.0, 0.0, 0.0, 0.0, 0.0, 0.0, 0.0, 0.0, 0.0, 0.0, 0.0, 0.0, 0.0, 0.0, 0.0, 0.0, 0.0, 0.0, 0.0, 0.0, 0.0, -3.0
539, Justin Jackson , MIN, 28, 2, 2, 0, 0.4, 0.0, 0.0, 0.0, 0.0, 0.0, 0.0, 0.0, 0.0, 0.0, 0.0, 0.0, 0.0, 0.0, 0.0, 0.0, 0.0, 0.0, 0.0, 0.0, 0.0, 0.0, 0.0
539, Kaiser Gates , NOP, 27, 1, 0, 1, 7.4, 0.0, 0.0, 4.0, 0.0, 0.0, 2.0, 0.0, 0.0, 0.0, 0.0, 0.0, 1.0, 1.0, 0.0, 0.0, 0.0, 0.0, 0.0, 1.2, 0.0, 0.0, -2.0
539, Malcolm Cazalon , DET, 22, 1, 0, 1, 2.6, 0.0, 0.0, 0.0, 0.0, 0.0, 0.0, 0.0, 0.0, 0.0, 0.0, 0.0, 0.0, 0.0, 0.0, 0.0, 0.0, 0.0, 0.0, 0.0, 0.0, 0.0, 5.0
539, Marques Bolden , CHA, 25, 4, 2, 2, 3.9, 0.0, 0.0, 0.3, 0.0, 0.0, 0.0, 0.0, 0.0, 0.0, 0.0, 0.0, 0.8, 0.8, 0.0, 0.3, 0.0, 0.0, 0.5, 0.7, 0.0, 0.0, 2.5
539, Mouhamed Gueye , ATL, 21, 2, 2, 0, 2.2, 0.0, 0.0, 0.5, 0.0, 0.0, 0.5, 0.0, 0.0, 0.0, 0.0, 0.0, 0.0, 0.0, 0.0, 0.0, 0.5, 0.0, 0.5, 1.5, 0.0, 0.0, -6.5
539, Pat Spencer , GSW, 27, 2, 0, 2, 1.7, 0.0, 0.0, 0.0, 0.0, 0.0, 0.0, 0.0, 0.0, 0.0, 0.0, 0.0, 0.0, 0.0, 0.5, 0.0, 0.0, 0.0, 0.0, 0.8, 0.0, 0.0, -2.0
539, Pete Nance , CLE, 24, 3, 1, 2, 2.5, 0.0, 0.0, 0.7, 0.0, 0.0, 0.0, 0.0, 0.0, 0.0, 0.0, 0.0, 0.3, 0.3, 0.0, 0.0, 0.0, 0.0, 0.0, 0.4, 0.0, 0.0, 0.7
539, Quenton Jackson , IND, 25, 1, 1, 0, 1.8, 0.0, 0.0, 0.0, 0.0, 0.0, 0.0, 0.0, 0.0, 0.0, 0.0, 0.0, 1.0, 1.0, 0.0, 0.0, 0.0, 0.0, 0.0, 1.2, 0.0, 0.0, -6.0
539, Ron Harper Jr. , TOR, 23, 1, 1, 0, 3.7, 0.0, 0.0, 0.0, 0.0, 0.0, 0.0, 0.0, 0.0, 0.0, 0.0, 0.0, 0.0, 0.0, 1.0, 0.0, 0.0, 0.0, 2.0, 1.5, 0.0, 0.0, -9.0
539, Ryan Arcidiacono , NYK, 29, 20, 15, 5, 2.3, 0.0, 0.0, 0.3, 0.0, 0.0, 0.3, 0.0, 0.0, 0.0, 0.0, 0.0, 0.4, 0.4, 0.2, 0.1, 0.1, 0.0, 0.3, 1.0, 0.0, 0.0, 0.1
539, Usman Garuba , GSW, 22, 3, 2, 1, 2.6, 0.0, 0.0, 0.3, 0.0, 0.0, 0.0, 0.0, 0.0, 0.0, 0.0, 0.3, 0.0, 0.3, 0.3, 0.0, 0.3, 0.0, 0.7, 1.9, 0.0, 0.0, -1.7