IND, PLAYER, TEAM, AGE, GP, W, L, MIN, USG%, %FGM, %FGA, %3PM, %3PA, %FTM, %FTA, %OREB, %DREB, %REB, %AST, %TOV, %STL, %BLK, %BLKA, %PF, %PFD, %PTS
1, Lindell Wigginton , MIL, 25, 3, 3, 0, 8.0, 41.2, 50.0, 45.5, 0.0, 40.0, 100, 100, 0.0, 0.0, 0.0, 0.0, 50.0, 0.0, 0.0, 0.0, 50.0, 100, 54.5
2, Joel Embiid , PHI, 29, 34, 26, 8, 1157.0, 38.6, 39.4, 35.9, 15.0, 14.9, 57.9, 56.0, 38.2, 35.5, 36.1, 29.2, 45.2, 19.8, 43.8, 36.6, 21.9, 51.9, 41.0
3, Izaiah Brockington , NOP, 24, 1, 1, 0, 3.0, 38.5, 40.0, 38.5, 0.0, 25.0, 0.0, 0.0, 25.0, 33.3, 28.6, 0.0, 0.0, 0.0, 0.0, 100, 0.0, 0.0, 33.3
4, Luka Doncic , DAL, 25, 56, 33, 23, 2104.0, 35.5, 34.3, 34.0, 32.7, 32.5, 50.1, 48.3, 10.4, 32.4, 27.6, 50.0, 42.0, 27.6, 14.9, 24.2, 14.7, 41.9, 36.5
5, Giannis Antetokounmpo , MIL, 29, 62, 40, 22, 2170.0, 32.1, 35.5, 29.0, 5.1, 6.5, 48.4, 54.7, 36.7, 34.0, 34.6, 32.4, 37.5, 24.3, 27.2, 41.1, 20.4, 54.2, 34.1
6, Shai Gilgeous-Alexander , OKC, 25, 63, 45, 18, 2165.0, 31.9, 33.7, 31.0, 13.5, 14.0, 54.8, 53.1, 13.6, 19.9, 18.6, 33.8, 26.8, 34.2, 18.8, 28.0, 18.0, 46.8, 34.8
7, Anthony Edwards , MIN, 22, 62, 42, 20, 2178.0, 31.6, 29.8, 32.1, 26.9, 28.9, 40.8, 38.5, 8.4, 18.3, 16.3, 26.2, 29.9, 23.4, 12.3, 25.0, 13.6, 30.2, 31.2
8, LaMelo Ball , CHA, 22, 22, 7, 15, 711.0, 31.5, 29.1, 31.3, 40.9, 39.0, 33.0, 30.0, 16.5, 17.9, 17.5, 47.2, 41.5, 33.3, 6.8, 20.3, 24.5, 30.0, 30.9
9, Victor Wembanyama , SAS, 20, 56, 13, 43, 1610.0, 30.7, 29.9, 29.9, 22.4, 23.0, 43.3, 42.3, 36.2, 39.3, 38.6, 18.3, 36.1, 28.0, 70.7, 14.7, 23.5, 44.7, 30.9
10, Donovan Mitchell , CLE, 27, 47, 32, 15, 1679.0, 30.7, 29.9, 30.8, 34.1, 32.9, 41.6, 38.4, 11.4, 17.5, 16.1, 30.8, 30.4, 29.5, 13.3, 25.6, 17.3, 31.4, 32.1
11, Stephen Curry , GSW, 35, 59, 33, 26, 1936.0, 30.5, 29.4, 31.5, 45.5, 43.9, 36.7, 32.1, 6.5, 16.5, 14.0, 24.3, 29.3, 17.5, 12.8, 21.4, 12.7, 29.1, 32.5
12, De'Aaron Fox , SAC, 26, 55, 32, 23, 1965.0, 30.3, 29.6, 30.6, 25.5, 26.4, 36.5, 37.6, 11.6, 13.8, 13.2, 27.0, 27.9, 33.9, 13.6, 27.5, 17.9, 33.8, 30.1
13, Jaren Jackson Jr. , MEM, 24, 57, 19, 38, 1824.0, 30.1, 30.5, 29.9, 20.9, 22.1, 44.4, 42.9, 20.2, 20.6, 20.5, 13.3, 25.7, 20.3, 36.6, 40.6, 27.4, 43.7, 31.6
14, Kyle Kuzma , WAS, 28, 62, 11, 51, 1995.0, 30.0, 29.7, 30.7, 29.2, 30.1, 28.0, 27.8, 16.8, 26.7, 24.6, 21.2, 30.5, 10.3, 19.7, 19.5, 16.5, 25.3, 29.4
15, Jalen Brunson , NYK, 27, 59, 36, 23, 2080.0, 29.6, 30.8, 30.8, 27.1, 25.3, 37.2, 34.6, 5.9, 12.8, 10.8, 36.7, 25.6, 16.8, 6.5, 22.6, 15.3, 38.9, 31.4
16, Ja Morant , MEM, 24, 9, 6, 3, 318.0, 29.6, 29.6, 29.8, 16.1, 20.4, 42.6, 40.0, 10.3, 20.3, 18.2, 42.9, 27.6, 15.2, 11.1, 44.4, 15.1, 33.3, 30.2
17, Cam Thomas , BKN, 22, 50, 18, 32, 1492.0, 29.6, 29.2, 30.8, 26.8, 25.9, 40.2, 36.9, 6.0, 12.8, 11.1, 16.2, 22.3, 17.6, 7.5, 40.1, 17.1, 34.3, 30.4
18, Paolo Banchero , ORL, 21, 63, 36, 27, 2199.0, 29.4, 27.9, 28.7, 19.1, 19.1, 36.7, 38.5, 13.9, 25.1, 22.2, 29.6, 29.1, 16.7, 15.1, 33.9, 13.7, 31.4, 28.5
19, Devin Booker , PHX, 27, 50, 31, 19, 1788.0, 29.3, 29.4, 29.9, 23.4, 24.2, 40.0, 36.7, 9.7, 15.4, 14.1, 33.4, 25.6, 18.1, 9.3, 28.2, 22.1, 34.4, 30.6
20, Jayson Tatum , BOS, 26, 60, 47, 13, 2154.0, 29.2, 28.0, 29.0, 25.9, 26.5, 43.1, 42.7, 12.2, 28.1, 24.7, 24.8, 28.6, 20.3, 11.9, 34.5, 16.8, 34.2, 29.8
21, Trae Young , ATL, 25, 51, 22, 29, 1862.0, 29.2, 24.7, 27.1, 31.2, 30.1, 42.5, 40.0, 4.3, 9.6, 8.1, 53.3, 42.3, 23.3, 5.9, 25.6, 14.5, 39.6, 28.4
22, Cade Cunningham , DET, 22, 53, 6, 47, 1794.0, 29.1, 28.0, 29.5, 26.9, 26.1, 34.2, 30.6, 6.2, 16.1, 13.5, 40.8, 30.8, 19.1, 11.0, 31.7, 16.3, 25.6, 28.8
23, Kevin Durant , PHX, 35, 57, 32, 25, 2123.0, 28.9, 30.3, 29.0, 23.0, 21.6, 35.9, 34.2, 7.4, 23.1, 19.6, 25.3, 28.8, 15.0, 29.3, 17.2, 13.2, 34.4, 30.5
24, Nikola Jokic , DEN, 29, 62, 43, 19, 2120.0, 28.8, 31.2, 27.6, 12.4, 13.6, 39.1, 37.4, 38.7, 38.5, 38.5, 40.7, 33.7, 23.4, 27.1, 24.6, 21.7, 40.7, 30.4
25, Julius Randle , NYK, 29, 46, 29, 17, 1630.0, 28.7, 27.3, 27.6, 16.2, 20.1, 35.6, 35.7, 23.3, 28.6, 27.2, 27.5, 33.7, 9.9, 9.0, 36.6, 20.6, 30.9, 27.4
26, Kevon Harris , ORL, 26, 2, 1, 1, 6.0, 28.6, 28.6, 30.0, 0.0, 0.0, 0.0, 0.0, 0.0, 40.0, 40.0, 20.0, 100, 0.0, 0.0, 0.0, 75.0, 0.0, 20.0
27, LeBron James , LAL, 39, 57, 31, 26, 2000.0, 28.4, 29.4, 28.2, 25.9, 24.2, 30.9, 32.5, 13.5, 24.9, 22.7, 37.6, 32.8, 22.2, 13.8, 24.1, 10.6, 28.5, 29.3
28, Luka Garza , MIN, 25, 15, 11, 4, 50.0, 28.3, 31.0, 29.4, 33.3, 26.1, 50.0, 51.6, 47.1, 16.2, 25.9, 13.6, 18.8, 0.0, 0.0, 50.0, 48.3, 54.2, 35.0
29, Justin Champagnie , WAS, 22, 3, 0, 3, 16.0, 28.2, 31.3, 31.3, 33.3, 41.7, 0.0, 0.0, 0.0, 10.0, 8.3, 10.0, 25.0, 50.0, 100, 50.0, 0.0, 0.0, 28.2
30, Anfernee Simons , POR, 24, 40, 10, 30, 1380.0, 27.9, 27.9, 28.8, 38.1, 35.6, 30.6, 27.0, 5.7, 14.7, 12.1, 32.7, 28.5, 9.7, 4.0, 27.3, 15.3, 23.4, 29.5
31, Jaylen Brown , BOS, 27, 58, 44, 14, 1938.0, 27.9, 28.9, 28.7, 19.0, 20.9, 24.9, 28.0, 17.8, 17.3, 17.4, 19.9, 27.0, 24.3, 10.7, 39.6, 23.1, 26.6, 27.0
32, Dexter Dennis , DAL, 25, 4, 1, 3, 30.0, 27.8, 47.6, 34.5, 33.3, 40.0, 5.0, 10.7, 16.7, 32.0, 29.0, 30.8, 27.3, 0.0, 25.0, 0.0, 11.1, 16.7, 33.8
33, Kyrie Irving , DAL, 31, 42, 25, 17, 1439.0, 27.8, 30.2, 30.1, 27.2, 24.8, 26.7, 23.0, 10.6, 18.4, 16.6, 26.8, 20.8, 24.9, 12.5, 22.8, 14.1, 21.6, 29.4
34, Desmond Bane , MEM, 25, 37, 14, 23, 1277.0, 27.6, 30.8, 29.1, 34.6, 30.7, 29.7, 26.4, 11.9, 15.3, 14.4, 30.1, 25.0, 19.7, 12.5, 26.6, 19.5, 22.2, 31.1
35, Zion Williamson , NOP, 23, 53, 32, 21, 1627.0, 27.6, 30.8, 26.4, 1.2, 1.3, 43.4, 46.3, 25.4, 18.1, 19.8, 29.3, 28.9, 15.9, 18.0, 46.6, 18.8, 41.8, 29.6
36, Damian Lillard , MIL, 33, 60, 42, 18, 2100.0, 27.5, 23.2, 26.9, 28.6, 30.4, 43.6, 36.9, 7.8, 14.6, 13.3, 35.9, 28.4, 20.5, 5.1, 38.5, 13.3, 33.0, 27.3
37, Brandon Ingram , NOP, 26, 58, 35, 23, 1924.0, 27.2, 26.4, 26.8, 17.2, 18.1, 34.3, 32.7, 9.6, 18.7, 16.6, 30.7, 28.4, 14.6, 17.9, 21.1, 17.5, 31.3, 26.6
38, Alperen Sengun , HOU, 21, 63, 29, 34, 2046.0, 27.0, 29.6, 25.7, 6.3, 7.6, 33.2, 36.5, 41.2, 28.1, 31.2, 27.9, 31.6, 24.1, 27.7, 30.2, 25.7, 39.6, 27.6
39, Tyrese Maxey , PHI, 23, 55, 35, 20, 2056.0, 27.0, 26.9, 28.6, 32.7, 32.2, 30.4, 29.8, 6.8, 12.9, 11.4, 31.6, 19.8, 16.3, 10.4, 29.4, 13.7, 28.2, 28.1
40, Karl-Anthony Towns , MIN, 28, 60, 41, 19, 1969.0, 26.9, 27.4, 27.0, 25.9, 24.6, 33.4, 30.3, 25.3, 29.5, 28.7, 16.1, 29.0, 15.2, 18.3, 35.4, 25.6, 30.9, 28.2
41, Jamal Murray , DEN, 27, 48, 35, 13, 1526.0, 26.9, 26.6, 28.4, 31.5, 28.9, 26.9, 25.0, 9.4, 15.1, 13.7, 34.0, 25.5, 18.3, 15.1, 25.8, 16.2, 23.1, 27.1
41, Tyler Herro , MIA, 24, 36, 19, 17, 1209.0, 26.9, 27.7, 29.4, 35.2, 34.2, 16.0, 15.5, 7.2, 20.8, 17.6, 23.4, 23.3, 15.4, 3.4, 33.1, 12.2, 15.1, 26.9
43, Jalen Green , HOU, 22, 64, 29, 35, 1973.0, 26.7, 24.1, 26.9, 27.5, 30.5, 29.9, 28.8, 6.5, 19.8, 16.8, 20.6, 27.5, 17.5, 12.1, 34.1, 10.4, 25.6, 25.4
44, Collin Sexton , UTA, 25, 64, 28, 36, 1626.0, 26.4, 26.5, 26.1, 22.8, 20.8, 39.5, 38.4, 12.0, 9.7, 10.3, 30.4, 24.3, 20.3, 7.0, 37.5, 19.3, 36.7, 28.3
45, Paul George , LAC, 33, 57, 38, 19, 1938.0, 26.2, 25.2, 27.8, 33.6, 35.0, 25.0, 23.0, 8.0, 20.5, 17.8, 18.9, 23.4, 27.4, 12.1, 22.9, 21.9, 21.0, 26.1
46, Anthony Davis , LAL, 31, 62, 35, 27, 2222.0, 26.0, 28.7, 25.9, 3.7, 5.3, 39.1, 38.5, 51.8, 36.4, 39.3, 16.8, 20.5, 20.9, 54.9, 32.9, 21.0, 37.5, 28.0
47, Joshua Primo , LAC, 21, 2, 2, 0, 10.0, 25.9, 11.1, 17.6, 0.0, 12.5, 0.0, 0.0, 50.0, 0.0, 9.1, 0.0, 66.7, 0.0, 50.0, 100, 0.0, 0.0, 9.1
48, Cam Whitmore , HOU, 19, 38, 16, 22, 678.0, 25.8, 28.7, 27.6, 38.4, 33.5, 23.6, 25.3, 16.8, 23.2, 21.4, 5.2, 18.2, 17.8, 14.5, 30.4, 15.4, 21.5, 28.9
49, Kawhi Leonard , LAC, 32, 57, 38, 19, 1972.0, 25.8, 29.0, 27.6, 23.9, 21.7, 28.5, 26.3, 17.5, 20.6, 19.9, 19.8, 18.3, 28.6, 23.0, 15.0, 11.8, 31.3, 28.4
50, Jordan Clarkson , UTA, 31, 53, 22, 31, 1616.0, 25.7, 23.2, 26.3, 21.4, 24.7, 26.1, 24.2, 11.8, 12.4, 12.2, 29.3, 27.4, 16.3, 3.2, 23.3, 12.1, 19.8, 23.5
51, Jerami Grant , POR, 29, 53, 17, 36, 1795.0, 25.6, 25.9, 25.7, 26.8, 24.0, 38.8, 38.6, 9.3, 13.8, 12.6, 17.9, 20.8, 15.9, 19.8, 27.4, 15.6, 30.6, 28.1
52, Bam Adebayo , MIA, 26, 54, 30, 24, 1870.0, 25.4, 26.8, 24.4, 0.2, 1.2, 36.0, 38.4, 35.2, 34.4, 34.6, 22.1, 26.5, 18.8, 36.4, 23.5, 19.6, 38.9, 25.5
53, Franz Wagner , ORL, 22, 57, 34, 23, 1885.0, 25.3, 26.7, 26.9, 21.7, 24.9, 28.2, 25.2, 13.4, 20.1, 18.4, 23.7, 21.0, 18.3, 11.8, 31.0, 16.7, 25.5, 26.5
54, Terry Rozier , MIA, 29, 47, 14, 33, 1599.0, 25.3, 25.6, 26.5, 26.8, 28.4, 28.7, 27.1, 9.1, 16.2, 14.5, 34.9, 21.3, 21.4, 11.0, 26.6, 13.9, 25.9, 26.2
55, Darius Garland , CLE, 24, 40, 24, 16, 1322.0, 25.3, 23.2, 25.0, 25.2, 26.0, 26.4, 24.0, 7.2, 8.3, 8.0, 32.7, 32.7, 24.4, 3.0, 22.6, 13.3, 22.3, 23.9
56, Jordan Poole , WAS, 24, 62, 11, 51, 1817.0, 25.2, 22.1, 25.8, 29.0, 31.4, 26.3, 24.0, 6.9, 11.4, 10.4, 22.3, 28.4, 25.4, 11.2, 28.1, 26.8, 24.3, 23.4
57, RJ Barrett , TOR, 23, 52, 24, 28, 1638.0, 25.1, 25.6, 25.0, 20.5, 20.6, 30.4, 32.8, 11.9, 20.9, 18.7, 17.8, 24.2, 10.7, 13.4, 39.1, 17.8, 27.9, 25.8
58, Amari Bailey , CHA, 20, 3, 0, 3, 15.0, 25.0, 14.3, 25.0, 0.0, 23.1, 33.3, 33.3, 66.7, 0.0, 14.3, 25.0, 33.3, 0.0, 0.0, 0.0, 0.0, 20.0, 13.9
58, Dmytro Skapintsev , NYK, 25, 2, 0, 2, 2.0, 25.0, 0.0, 25.0, 0.0, 0.0, 0.0, 0.0, 0.0, 0.0, 0.0, 0.0, 0.0, 0.0, 0.0, 0.0, 0.0, 0.0, 0.0
58, Jason Preston , UTA, 24, 1, 0, 1, 1.0, 25.0, 0.0, 0.0, 0.0, 0.0, 0.0, 0.0, 100, 0.0, 25.0, 0.0, 50.0, 0.0, 0.0, 0.0, 0.0, 0.0, 0.0
61, Scoot Henderson , POR, 20, 44, 15, 29, 1186.0, 25.0, 20.3, 23.5, 16.9, 20.2, 27.6, 27.4, 13.0, 13.0, 13.0, 38.3, 34.4, 12.8, 9.4, 23.1, 25.4, 29.3, 21.1
62, Dejounte Murray , ATL, 27, 61, 27, 34, 2150.0, 24.9, 26.2, 26.2, 24.4, 24.3, 19.4, 19.4, 7.1, 19.2, 15.5, 30.9, 23.8, 24.4, 9.4, 20.2, 12.4, 17.5, 24.9
63, Mikal Bridges , BKN, 27, 65, 26, 39, 2300.0, 24.7, 24.5, 25.2, 25.6, 25.6, 31.2, 28.8, 10.1, 16.4, 14.9, 19.3, 23.1, 20.1, 9.6, 19.5, 10.9, 25.8, 25.5
64, Harry Giles III , LAL, 25, 19, 8, 11, 87.0, 24.7, 26.8, 26.0, 21.4, 19.4, 21.9, 30.2, 30.0, 26.8, 28.1, 11.8, 19.4, 11.1, 37.5, 9.1, 34.9, 29.4, 25.7
65, Kristaps Porzingis , BOS, 28, 46, 35, 11, 1370.0, 24.6, 24.6, 23.8, 21.1, 21.8, 41.4, 39.8, 29.0, 23.1, 24.3, 11.8, 21.0, 16.5, 39.4, 13.8, 27.8, 43.7, 26.7
66, Malik Monk , SAC, 26, 62, 36, 26, 1623.0, 24.6, 23.7, 25.2, 29.6, 28.7, 23.3, 21.1, 6.5, 14.7, 12.6, 35.5, 28.7, 18.6, 26.2, 29.8, 18.0, 20.6, 24.3
67, Pascal Siakam , IND, 29, 63, 27, 36, 2140.0, 24.5, 26.6, 24.8, 14.2, 15.7, 30.5, 30.4, 21.8, 21.7, 21.7, 22.0, 20.9, 16.4, 8.6, 15.2, 18.0, 29.9, 26.0
68, Tyrese Haliburton , IND, 24, 52, 29, 23, 1670.0, 24.4, 23.7, 24.9, 28.8, 29.1, 24.3, 22.7, 9.0, 15.1, 13.7, 53.8, 27.8, 21.7, 14.8, 25.4, 6.8, 20.0, 24.4
69, Jimmy Butler , MIA, 34, 45, 23, 22, 1538.0, 24.3, 24.2, 22.9, 11.1, 10.2, 47.6, 46.0, 29.4, 15.5, 18.6, 26.4, 20.4, 25.5, 13.7, 32.7, 8.9, 38.6, 26.9
70, Bojan Bogdanovic , NYK, 34, 39, 7, 32, 1180.0, 24.3, 24.6, 25.5, 39.6, 34.3, 25.3, 24.7, 6.8, 14.0, 12.2, 13.3, 21.5, 20.1, 5.2, 28.5, 16.4, 22.3, 26.3
71, Jalen Hood-Schifino , LAL, 20, 21, 10, 11, 109.0, 24.2, 13.9, 25.0, 11.1, 21.7, 25.5, 31.7, 9.5, 13.6, 12.7, 17.4, 21.4, 27.3, 18.2, 41.7, 29.5, 22.7, 16.3
72, Lonnie Walker IV , BKN, 25, 44, 20, 24, 802.0, 24.2, 25.1, 26.9, 35.1, 33.1, 15.5, 16.0, 5.0, 15.6, 13.0, 13.7, 18.2, 20.9, 17.6, 26.4, 17.9, 13.2, 25.2
73, Miles Bridges , CHA, 25, 53, 13, 40, 1985.0, 24.2, 26.3, 25.9, 24.4, 24.7, 23.4, 22.3, 13.7, 27.0, 23.9, 16.8, 19.3, 20.1, 15.1, 24.7, 13.5, 19.3, 25.7
74, Daishen Nix , MIN, 22, 11, 8, 3, 37.0, 24.2, 21.6, 26.4, 41.7, 41.9, 5.6, 16.7, 0.0, 5.0, 3.6, 10.0, 40.0, 25.0, 0.0, 66.7, 7.1, 12.5, 21.2
75, DeMar DeRozan , CHI, 34, 62, 30, 32, 2350.0, 24.2, 24.5, 24.1, 10.7, 11.3, 46.6, 43.2, 7.2, 14.7, 12.8, 28.2, 15.9, 18.8, 15.2, 25.1, 14.8, 34.8, 26.6
76, James Bouknight , CHA, 23, 14, 0, 14, 81.0, 24.0, 27.3, 28.7, 44.8, 44.1, 5.6, 7.4, 8.3, 18.6, 16.4, 17.6, 8.3, 10.0, 16.7, 13.3, 9.7, 11.5, 27.9
77, Scottie Barnes , TOR, 22, 60, 22, 38, 2094.0, 24.0, 23.7, 23.9, 20.0, 20.9, 28.1, 27.1, 28.8, 25.1, 26.1, 28.2, 28.8, 22.8, 38.1, 19.8, 15.2, 27.5, 24.0
78, Jaden Ivey , DET, 22, 59, 10, 49, 1668.0, 24.0, 21.4, 23.3, 23.5, 25.6, 29.0, 30.5, 19.3, 11.6, 13.5, 23.2, 27.2, 21.8, 19.9, 29.9, 21.9, 27.5, 22.8
79, Bradley Beal , PHX, 30, 35, 21, 14, 1141.0, 23.9, 23.9, 24.7, 20.6, 21.1, 21.0, 21.1, 14.0, 14.6, 14.4, 24.8, 24.9, 17.7, 8.8, 22.5, 21.7, 17.2, 23.2
80, Terquavion Smith , PHI, 21, 12, 4, 8, 69.0, 23.8, 23.2, 28.8, 57.1, 52.5, 5.6, 6.1, 0.0, 4.8, 3.4, 23.3, 18.2, 38.9, 0.0, 50.0, 16.0, 8.8, 23.6
81, Zach LaVine , CHI, 29, 25, 10, 15, 872.0, 23.8, 23.0, 23.7, 27.8, 27.8, 33.1, 31.4, 5.4, 20.9, 17.7, 22.5, 24.3, 16.5, 10.3, 27.0, 16.5, 22.1, 24.9
82, Lauri Markkanen , UTA, 26, 51, 22, 29, 1677.0, 23.7, 25.7, 25.5, 32.1, 30.6, 32.8, 31.0, 24.3, 26.1, 25.6, 10.0, 12.7, 18.9, 13.2, 17.0, 14.7, 31.4, 27.6
83, Nikola Vucevic , CHI, 33, 59, 29, 30, 2035.0, 23.7, 26.5, 25.9, 13.5, 17.2, 12.4, 12.2, 42.1, 33.9, 35.8, 18.1, 18.4, 13.6, 24.1, 22.7, 19.5, 15.4, 23.1
84, Jonathan Kuminga , GSW, 21, 62, 32, 30, 1601.0, 23.6, 25.7, 23.4, 9.2, 11.4, 35.0, 37.0, 23.4, 18.5, 19.6, 13.2, 21.7, 17.6, 20.0, 33.9, 20.2, 30.6, 25.0
85, Russell Westbrook , LAC, 35, 58, 38, 20, 1313.0, 23.6, 21.7, 23.4, 10.9, 15.9, 16.6, 19.9, 27.9, 23.7, 24.7, 36.1, 33.4, 28.0, 15.6, 26.8, 17.8, 19.2, 19.7
86, Brandon Boston Jr. , LAC, 22, 20, 12, 8, 147.0, 23.6, 23.8, 25.5, 24.1, 20.4, 29.3, 26.4, 18.0, 12.5, 14.5, 9.2, 17.1, 11.8, 22.2, 27.8, 33.3, 22.2, 24.5
87, Cole Swider , MIA, 24, 11, 4, 7, 55.0, 23.5, 20.9, 24.5, 35.7, 39.6, 14.3, 10.5, 7.1, 7.1, 7.1, 13.8, 30.0, 12.5, 50.0, 0.0, 13.3, 5.6, 21.9
88, CJ McCollum , NOP, 32, 48, 32, 16, 1501.0, 23.4, 23.6, 25.6, 39.7, 36.8, 16.1, 15.6, 8.4, 17.1, 15.1, 24.2, 18.4, 19.4, 20.2, 17.5, 17.1, 15.1, 24.3
89, Bones Hyland , LAC, 23, 25, 15, 10, 337.0, 23.4, 20.6, 25.4, 31.7, 32.8, 9.8, 9.5, 3.9, 8.9, 7.6, 33.1, 25.0, 24.6, 5.6, 33.3, 21.9, 17.6, 20.2
90, Jaden Hardy , DAL, 21, 56, 31, 25, 807.0, 23.4, 23.4, 26.4, 28.5, 29.1, 14.7, 15.0, 8.7, 16.8, 14.7, 20.8, 17.2, 14.5, 5.6, 29.0, 17.4, 18.1, 22.7
91, Myles Turner , IND, 27, 61, 34, 27, 1665.0, 23.4, 23.3, 22.7, 16.9, 19.5, 35.2, 36.2, 31.8, 29.5, 30.0, 7.1, 21.5, 14.0, 51.6, 19.3, 28.3, 34.3, 24.2
92, GG Jackson , MEM, 19, 31, 9, 22, 658.0, 23.3, 25.0, 25.2, 30.1, 29.0, 24.6, 25.2, 23.3, 17.8, 19.2, 7.6, 15.1, 12.2, 21.4, 24.1, 15.7, 20.6, 25.5
93, Ryan Rollins , MIL, 21, 10, 1, 9, 66.0, 23.2, 19.1, 20.0, 16.7, 9.7, 40.6, 40.5, 15.4, 20.9, 19.6, 29.7, 31.8, 36.4, 20.0, 25.0, 25.0, 43.8, 22.8
94, Talen Horton-Tucker , UTA, 23, 41, 11, 30, 805.0, 23.2, 21.3, 24.2, 20.1, 22.2, 23.2, 23.5, 8.9, 15.4, 13.5, 35.1, 22.0, 30.5, 13.8, 17.7, 21.9, 20.4, 21.5
95, Alec Burks , NYK, 32, 55, 11, 44, 1084.0, 23.2, 21.8, 25.7, 39.9, 38.5, 31.1, 27.8, 8.0, 15.7, 13.6, 14.9, 12.4, 17.7, 10.5, 11.6, 15.8, 26.0, 25.5
96, Cole Anthony , ORL, 23, 64, 37, 27, 1474.0, 23.2, 21.4, 23.5, 21.5, 22.8, 26.7, 24.8, 15.6, 21.3, 19.8, 27.3, 24.4, 22.1, 17.2, 16.2, 23.6, 22.5, 22.4
97, Devin Vassell , SAS, 23, 58, 13, 45, 1876.0, 23.1, 25.7, 25.3, 29.8, 28.0, 23.1, 23.1, 7.0, 15.4, 13.5, 19.4, 15.0, 20.1, 8.7, 18.1, 8.8, 19.1, 25.8
98, Brandon Miller , CHA, 21, 57, 14, 43, 1828.0, 23.1, 23.4, 24.6, 30.6, 28.7, 18.7, 17.8, 12.5, 16.2, 15.3, 14.0, 19.4, 19.4, 17.5, 19.0, 20.4, 22.4, 23.5
99, Khris Middleton , MIL, 32, 43, 27, 16, 1129.0, 23.0, 22.5, 23.4, 22.7, 22.7, 17.5, 15.9, 11.0, 18.8, 17.1, 32.0, 30.4, 25.7, 9.8, 15.2, 22.4, 18.4, 21.8
100, Eugene Omoruyi , WAS, 27, 32, 4, 28, 236.0, 22.9, 27.8, 24.8, 12.5, 17.3, 27.3, 27.5, 45.6, 26.8, 32.3, 18.5, 17.2, 32.2, 4.8, 27.0, 38.9, 30.2, 26.3
101, Immanuel Quickley , TOR, 24, 59, 26, 33, 1692.0, 22.9, 22.2, 24.2, 35.1, 31.8, 25.1, 22.7, 3.7, 17.0, 13.7, 28.2, 17.9, 15.6, 4.9, 18.9, 14.8, 21.8, 24.0
102, Klay Thompson , GSW, 34, 60, 30, 30, 1779.0, 22.8, 22.7, 25.4, 35.0, 35.1, 16.9, 14.5, 6.5, 14.4, 12.4, 12.1, 17.0, 15.2, 18.8, 12.4, 14.9, 11.1, 23.5
103, Caris LeVert , CLE, 29, 52, 32, 20, 1457.0, 22.8, 20.6, 23.8, 19.6, 22.1, 21.3, 21.7, 8.8, 17.4, 15.4, 30.6, 21.0, 25.0, 14.8, 25.7, 15.2, 18.5, 20.6
104, Jalen Williams , OKC, 22, 58, 40, 18, 1830.0, 22.8, 24.6, 23.4, 18.6, 16.5, 23.5, 23.6, 9.7, 16.1, 14.9, 24.7, 21.4, 19.7, 11.6, 21.1, 20.8, 21.4, 23.9
105, Tim Hardaway Jr. , DAL, 31, 61, 35, 26, 1737.0, 22.7, 21.9, 25.6, 33.1, 33.8, 18.5, 16.9, 5.6, 16.7, 14.1, 11.1, 13.0, 12.5, 3.5, 19.7, 13.3, 17.6, 22.8
106, Malcolm Brogdon , POR, 31, 39, 15, 24, 1121.0, 22.6, 23.4, 24.2, 29.3, 26.8, 21.8, 22.0, 10.5, 16.7, 15.0, 40.2, 18.1, 15.7, 7.0, 20.7, 12.6, 21.6, 23.8
107, Bennedict Mathurin , IND, 21, 59, 33, 26, 1538.0, 22.6, 20.7, 22.7, 20.8, 20.2, 31.6, 30.4, 17.5, 17.8, 17.8, 13.1, 21.5, 13.9, 8.4, 36.3, 16.4, 26.2, 22.4
108, Ricky Council IV , PHI, 22, 21, 8, 13, 195.0, 22.6, 23.0, 22.4, 9.3, 15.4, 50.6, 49.2, 27.9, 20.9, 22.7, 7.1, 7.4, 6.5, 0.0, 17.2, 15.1, 36.1, 26.8
109, Marcus Smart , MEM, 30, 20, 7, 13, 605.0, 22.5, 20.0, 21.1, 22.8, 26.1, 21.9, 22.2, 5.5, 10.5, 9.5, 27.2, 33.7, 37.6, 6.5, 6.8, 18.9, 25.7, 20.7
110, D'Angelo Russell , LAL, 28, 61, 36, 25, 1947.0, 22.4, 22.0, 23.6, 34.7, 31.6, 17.4, 16.9, 7.5, 11.4, 10.6, 31.7, 23.5, 16.6, 12.2, 13.5, 20.0, 18.4, 22.6
111, Coby White , CHI, 24, 64, 31, 33, 2361.0, 22.3, 21.8, 22.7, 30.6, 29.1, 22.7, 21.8, 6.8, 17.0, 14.5, 27.6, 23.9, 13.6, 6.9, 22.1, 16.8, 28.2, 22.9
112, Dalano Banton , POR, 24, 36, 21, 15, 449.0, 22.3, 21.3, 23.1, 17.8, 19.7, 26.4, 28.4, 18.9, 19.4, 19.3, 20.8, 18.2, 15.7, 19.1, 17.2, 19.7, 26.2, 21.7
113, Kaiser Gates , NOP, 27, 1, 0, 1, 7.0, 22.2, 0.0, 28.6, 0.0, 33.3, 0.0, 0.0, 0.0, 20.0, 14.3, 0.0, 0.0, 0.0, 0.0, 33.3, 0.0, 0.0, 0.0
113, Keon Johnson , BKN, 22, 4, 0, 4, 51.0, 22.2, 16.3, 19.8, 33.3, 28.1, 34.5, 29.4, 15.8, 9.5, 12.5, 10.0, 36.4, 60.0, 100, 12.5, 23.5, 31.8, 22.0
113, Mamadi Diakite , SAS, 27, 3, 2, 1, 16.0, 22.2, 33.3, 18.5, 0.0, 0.0, 66.7, 66.7, 33.3, 16.7, 20.0, 28.6, 0.0, 0.0, 50.0, 0.0, 20.0, 37.5, 36.4
113, Markquis Nowell , TOR, 24, 1, 0, 1, 4.0, 22.2, 0.0, 16.7, 0.0, 0.0, 50.0, 50.0, 100, 0.0, 40.0, 100, 0.0, 50.0, 0.0, 50.0, 0.0, 50.0, 22.2
117, Derrick Rose , MEM, 35, 24, 6, 18, 399.0, 22.2, 23.2, 22.7, 16.5, 14.7, 18.5, 15.3, 9.9, 13.3, 12.6, 35.8, 27.7, 13.1, 4.3, 27.3, 13.4, 19.4, 21.8
118, Shaedon Sharpe , POR, 20, 32, 8, 24, 1059.0, 22.0, 20.6, 22.0, 24.5, 24.3, 27.1, 26.3, 16.3, 18.6, 17.9, 19.4, 22.8, 15.9, 12.4, 23.2, 19.1, 27.3, 22.0
119, Lamar Stevens , MEM, 26, 31, 19, 12, 382.0, 22.0, 26.6, 23.9, 11.2, 9.3, 19.1, 19.2, 28.3, 23.4, 24.6, 9.0, 18.4, 18.8, 33.3, 23.8, 25.5, 17.3, 23.6
120, Domantas Sabonis , SAC, 27, 63, 36, 27, 2258.0, 21.9, 24.6, 19.6, 4.3, 3.9, 30.7, 32.6, 46.3, 41.6, 42.7, 38.1, 34.2, 15.9, 22.4, 29.5, 21.4, 33.0, 22.9
121, Bogdan Bogdanovic , ATL, 31, 62, 28, 34, 1835.0, 21.9, 22.2, 24.3, 34.8, 34.9, 14.7, 13.2, 8.0, 13.4, 11.9, 18.1, 16.8, 26.4, 12.3, 18.8, 21.3, 12.5, 22.5
122, Bobby Portis , MIL, 29, 65, 42, 23, 1563.0, 21.9, 24.6, 24.1, 16.8, 16.4, 15.1, 14.8, 33.8, 33.5, 33.5, 8.8, 16.6, 20.2, 16.0, 16.3, 22.9, 14.1, 22.3
123, Josh Giddey , OKC, 21, 63, 45, 18, 1550.0, 21.9, 19.8, 21.9, 13.9, 17.3, 13.2, 13.3, 30.1, 28.1, 28.5, 29.6, 31.5, 18.5, 14.3, 32.6, 13.8, 11.9, 18.2
124, Keldon Johnson , SAS, 24, 60, 14, 46, 1777.0, 21.8, 22.5, 22.9, 24.4, 24.2, 24.3, 24.3, 21.2, 20.0, 20.3, 16.3, 17.1, 18.1, 8.7, 29.1, 18.6, 22.0, 23.0
125, Moritz Wagner , ORL, 26, 63, 36, 27, 1154.0, 21.8, 27.1, 22.0, 11.5, 12.4, 28.8, 27.6, 38.0, 25.9, 29.0, 12.2, 22.0, 16.2, 15.3, 29.3, 25.9, 30.3, 26.0
126, Zach Collins , SAS, 26, 52, 11, 41, 1209.0, 21.7, 22.1, 21.0, 15.6, 17.4, 23.9, 24.9, 34.1, 21.9, 24.8, 21.6, 26.0, 16.4, 31.9, 23.6, 33.1, 26.8, 21.6
127, Jett Howard , ORL, 20, 13, 6, 7, 49.0, 21.5, 22.2, 27.2, 33.3, 36.2, 9.1, 13.8, 11.1, 10.3, 10.4, 11.1, 9.5, 0.0, 25.0, 0.0, 15.8, 10.0, 21.1
128, Adam Flagler , OKC, 24, 1, 1, 0, 6.0, 21.4, 0.0, 33.3, 0.0, 50.0, 0.0, 0.0, 0.0, 0.0, 0.0, 33.3, 0.0, 0.0, 0.0, 0.0, 0.0, 0.0, 0.0
129, Keyonte George , UTA, 20, 57, 24, 33, 1459.0, 21.3, 18.5, 21.4, 30.3, 29.0, 21.5, 21.2, 3.8, 14.4, 11.6, 31.1, 24.4, 14.8, 2.6, 21.1, 11.8, 22.5, 20.3
130, Naz Reid , MIN, 24, 65, 44, 21, 1526.0, 21.3, 24.2, 23.5, 32.6, 29.2, 14.4, 14.8, 20.0, 23.4, 22.6, 9.0, 18.1, 16.5, 25.6, 29.8, 21.5, 13.8, 23.5
131, T.J. McConnell , IND, 31, 54, 29, 25, 956.0, 21.2, 23.5, 21.7, 3.1, 4.0, 12.5, 12.7, 14.6, 19.7, 18.4, 49.2, 29.3, 35.6, 5.5, 20.0, 12.4, 21.6, 20.2
132, Donte DiVincenzo , NYK, 27, 63, 37, 26, 1675.0, 21.2, 22.0, 23.4, 42.6, 39.2, 9.5, 10.4, 11.2, 15.0, 13.9, 18.4, 18.2, 30.0, 15.8, 14.2, 19.9, 12.6, 22.6
133, Alex Fudge , DAL, 20, 4, 1, 3, 14.0, 21.1, 20.0, 30.0, 0.0, 18.2, 22.2, 16.7, 66.7, 0.0, 20.0, 0.0, 12.5, 0.0, 0.0, 100, 16.7, 16.7, 20.0
134, Kenneth Lofton Jr. , PHI, 21, 17, 5, 12, 108.0, 21.0, 17.6, 20.8, 7.7, 11.1, 22.2, 30.0, 8.3, 23.9, 19.8, 23.0, 25.0, 18.8, 16.7, 38.9, 30.6, 23.9, 16.7
135, Kelly Oubre Jr. , PHI, 28, 51, 29, 22, 1494.0, 20.9, 20.9, 21.8, 20.5, 23.7, 21.2, 23.1, 20.1, 17.3, 18.1, 8.6, 16.0, 23.4, 14.9, 27.2, 22.6, 22.2, 20.9
136, JaVale McGee , SAC, 36, 39, 23, 16, 310.0, 20.9, 26.4, 19.9, 0.0, 1.6, 22.7, 27.6, 49.3, 34.7, 38.5, 8.1, 29.8, 23.1, 46.3, 21.7, 30.3, 30.6, 22.9
137, Jordan Nwora , TOR, 25, 35, 13, 22, 380.0, 20.9, 21.0, 23.1, 28.0, 28.5, 19.3, 17.3, 19.3, 22.0, 21.3, 16.5, 17.1, 18.6, 9.5, 19.0, 21.1, 18.7, 21.3
138, Chet Holmgren , OKC, 21, 64, 45, 19, 1924.0, 20.8, 22.1, 21.0, 21.5, 21.8, 22.4, 23.8, 30.6, 29.5, 29.8, 15.7, 21.7, 13.4, 52.3, 21.8, 20.9, 24.5, 22.1
139, Luka Samanic , UTA, 24, 32, 13, 19, 223.0, 20.7, 17.9, 22.4, 18.4, 24.5, 20.2, 19.5, 21.2, 24.6, 23.8, 7.2, 18.8, 6.5, 19.4, 29.2, 25.3, 19.1, 18.4
140, Boban Marjanovic , HOU, 35, 9, 5, 4, 48.0, 20.7, 22.7, 23.9, 0.0, 9.1, 30.0, 40.0, 40.0, 47.1, 44.9, 23.5, 9.1, 0.0, 20.0, 20.0, 28.6, 47.1, 22.5
141, DaQuan Jeffries , NYK, 26, 13, 8, 5, 34.0, 20.5, 20.0, 21.2, 11.1, 18.9, 0.0, 25.0, 0.0, 18.5, 16.7, 12.5, 50.0, 0.0, 0.0, 33.3, 22.2, 14.3, 18.0
141, Oscar Tshiebwe , IND, 24, 8, 2, 6, 42.0, 20.5, 24.4, 23.3, 0.0, 0.0, 33.3, 29.6, 40.0, 32.0, 35.6, 7.7, 0.0, 16.7, 14.3, 66.7, 15.0, 27.8, 24.1
143, Craig Porter Jr. , CLE, 24, 40, 26, 14, 547.0, 20.5, 20.8, 20.3, 6.2, 6.6, 27.3, 27.8, 16.5, 19.1, 18.5, 31.5, 23.8, 27.9, 24.0, 29.8, 17.7, 23.3, 19.6
144, Marvin Bagley III , WAS, 24, 44, 4, 40, 932.0, 20.4, 24.7, 20.2, 2.2, 2.8, 28.5, 30.8, 53.8, 24.7, 32.3, 10.0, 18.4, 13.1, 34.6, 25.8, 21.0, 28.3, 22.9
145, Jonas Valanciunas , NOP, 31, 64, 39, 25, 1595.0, 20.4, 22.8, 20.3, 8.7, 9.9, 24.4, 23.6, 45.4, 38.4, 40.1, 15.1, 20.5, 10.8, 35.7, 25.4, 29.0, 25.2, 21.6
146, Reggie Jackson , DEN, 33, 64, 44, 20, 1427.0, 20.4, 20.3, 22.2, 22.6, 23.2, 11.1, 10.7, 7.4, 10.3, 9.6, 28.6, 20.2, 17.5, 5.6, 18.4, 18.7, 13.0, 19.3
147, James Harden , LAC, 34, 58, 38, 20, 2011.0, 20.3, 16.6, 18.8, 28.7, 27.8, 31.4, 29.7, 7.1, 19.7, 16.9, 43.4, 28.5, 19.3, 24.3, 19.3, 15.1, 24.2, 20.4
148, Kobe Bufkin , ATL, 20, 9, 6, 3, 89.0, 20.3, 17.8, 23.4, 23.8, 25.0, 5.6, 9.1, 14.3, 19.0, 18.2, 31.3, 17.9, 23.1, 7.1, 44.4, 17.6, 5.7, 16.3
149, Andre Drummond , CHI, 30, 64, 31, 33, 1097.0, 20.3, 22.9, 19.3, 0.0, 0.5, 22.1, 29.6, 63.8, 48.3, 53.3, 6.1, 23.6, 33.5, 32.5, 28.4, 26.9, 28.3, 20.7
150, Kevin Love , MIA, 35, 47, 26, 21, 822.0, 20.3, 19.8, 20.5, 32.7, 33.6, 22.3, 23.3, 27.8, 43.1, 39.4, 23.2, 19.7, 14.4, 22.5, 8.3, 27.3, 26.2, 21.8
151, Tobias Harris , PHI, 31, 58, 35, 23, 1975.0, 20.2, 22.3, 21.3, 14.2, 15.7, 19.1, 18.2, 14.4, 22.5, 20.4, 17.9, 16.9, 17.9, 12.3, 25.5, 11.9, 18.5, 20.9
152, Duop Reath , POR, 27, 49, 14, 35, 897.0, 20.2, 23.2, 21.5, 24.5, 24.8, 16.9, 18.9, 31.0, 21.4, 24.4, 12.2, 15.2, 17.1, 38.7, 21.8, 31.4, 21.3, 22.5
153, Jake LaRavia , MEM, 22, 20, 3, 17, 336.0, 20.0, 20.3, 21.6, 22.5, 27.7, 22.9, 22.6, 26.1, 17.1, 19.8, 17.6, 13.3, 25.0, 15.2, 13.0, 27.3, 19.2, 21.1
154, Evan Mobley , CLE, 22, 38, 24, 14, 1183.0, 20.0, 24.1, 19.9, 4.0, 4.4, 22.7, 25.1, 38.3, 33.9, 34.9, 17.1, 21.3, 19.2, 44.4, 23.8, 24.2, 23.3, 21.9
155, Brandon Williams , DAL, 24, 12, 7, 5, 59.0, 20.0, 17.8, 20.2, 13.3, 16.7, 37.5, 39.3, 20.0, 9.1, 11.9, 42.9, 16.7, 14.3, 12.5, 28.6, 12.5, 50.0, 19.8
155, Drew Peterson , BOS, 24, 1, 1, 0, 3.0, 20.0, 33.3, 25.0, 50.0, 33.3, 0.0, 0.0, 0.0, 0.0, 0.0, 33.3, 0.0, 0.0, 0.0, 0.0, 100, 0.0, 37.5
155, Jamaree Bouyea , SAS, 24, 6, 0, 6, 57.0, 20.0, 13.9, 19.4, 0.0, 17.8, 0.0, 0.0, 11.1, 25.0, 20.0, 30.8, 33.3, 0.0, 0.0, 22.2, 15.8, 4.5, 10.2
155, Scotty Pippen Jr. , MEM, 23, 8, 1, 7, 181.0, 20.0, 20.1, 18.3, 24.5, 15.4, 26.8, 27.6, 21.6, 16.1, 17.4, 39.1, 28.3, 29.6, 16.0, 11.8, 30.4, 27.0, 21.7
159, Michael Porter Jr. , DEN, 25, 63, 44, 19, 1997.0, 20.0, 21.3, 22.2, 36.0, 33.7, 9.9, 9.4, 17.3, 25.5, 23.4, 7.3, 14.3, 10.6, 22.0, 15.0, 17.1, 9.5, 21.3
160, Andrew Wiggins , GSW, 29, 54, 26, 28, 1443.0, 19.8, 20.1, 21.0, 13.0, 14.7, 20.2, 22.0, 23.1, 14.6, 16.9, 10.9, 14.3, 18.0, 22.0, 26.1, 19.1, 20.7, 19.2
161, Jared Butler , WAS, 23, 22, 2, 20, 178.0, 19.8, 22.6, 19.2, 20.8, 20.0, 20.9, 18.9, 5.7, 11.5, 10.1, 40.2, 31.9, 31.0, 15.4, 9.5, 27.9, 23.0, 22.1
162, Corey Kispert , WAS, 25, 62, 11, 51, 1429.0, 19.8, 22.1, 21.4, 33.8, 32.5, 17.0, 17.0, 7.7, 14.6, 13.0, 13.7, 16.3, 12.4, 8.3, 20.2, 16.8, 15.2, 22.6
163, Austin Reaves , LAL, 25, 66, 36, 30, 2087.0, 19.7, 19.6, 19.7, 24.4, 24.3, 22.3, 20.1, 12.5, 15.5, 14.9, 29.9, 24.7, 18.4, 5.8, 18.3, 17.8, 21.2, 20.5
164, Dennis Schroder , BKN, 30, 65, 24, 41, 1982.0, 19.7, 18.6, 20.1, 22.2, 21.5, 21.1, 18.8, 6.4, 11.5, 10.3, 33.0, 21.9, 19.0, 6.1, 23.2, 17.4, 18.9, 19.4
165, De'Andre Hunter , ATL, 26, 40, 19, 21, 1133.0, 19.6, 20.1, 20.1, 25.2, 23.0, 25.7, 24.6, 7.6, 17.9, 15.0, 8.7, 17.6, 16.7, 10.6, 13.6, 24.5, 28.5, 21.6
166, Jalen Suggs , ORL, 22, 58, 33, 25, 1543.0, 19.5, 19.2, 20.0, 31.6, 30.4, 14.2, 14.0, 11.2, 14.4, 13.6, 18.5, 22.0, 30.3, 21.3, 13.4, 25.1, 18.5, 19.7
167, John Collins , UTA, 26, 60, 26, 34, 1695.0, 19.4, 23.2, 20.4, 15.1, 15.7, 17.5, 18.8, 30.9, 32.7, 32.2, 7.2, 16.6, 15.1, 31.6, 24.3, 24.7, 20.0, 21.4
168, Jusuf Nurkic , PHX, 29, 60, 37, 23, 1633.0, 19.4, 17.6, 17.4, 4.6, 7.9, 22.3, 26.6, 49.1, 39.8, 41.9, 22.5, 28.1, 23.6, 35.6, 27.7, 33.9, 26.1, 16.9
169, Trendon Watford , BKN, 23, 47, 19, 28, 540.0, 19.4, 21.9, 20.0, 11.7, 11.6, 23.6, 20.1, 25.3, 23.4, 23.9, 19.1, 19.4, 19.0, 26.7, 22.6, 32.7, 20.4, 21.1
170, Norman Powell , LAC, 30, 62, 40, 22, 1605.0, 19.4, 21.5, 21.4, 30.3, 27.6, 16.4, 16.1, 3.9, 13.8, 11.6, 7.6, 13.0, 13.8, 10.3, 16.9, 16.2, 17.3, 21.6
171, Nick Smith Jr. , CHA, 19, 39, 8, 31, 605.0, 19.3, 19.7, 20.9, 30.4, 24.5, 6.5, 5.9, 15.5, 10.4, 11.5, 18.7, 18.8, 9.6, 12.5, 13.9, 20.5, 5.9, 19.3
172, Cameron Johnson , BKN, 28, 49, 19, 30, 1359.0, 19.2, 20.9, 20.7, 29.5, 27.4, 16.1, 15.8, 14.6, 18.4, 17.3, 16.1, 14.6, 22.9, 8.8, 21.5, 18.2, 15.5, 21.4
173, Ziaire Williams , MEM, 22, 51, 20, 31, 1038.0, 19.2, 19.1, 20.1, 21.3, 23.2, 17.0, 15.8, 15.1, 21.5, 19.8, 14.6, 20.1, 19.7, 7.2, 19.1, 21.2, 16.9, 19.0
174, Deandre Ayton , POR, 25, 41, 11, 30, 1303.0, 19.2, 25.8, 20.7, 0.0, 0.1, 9.9, 9.9, 40.1, 38.2, 38.7, 11.0, 17.6, 20.2, 28.3, 17.6, 18.1, 11.2, 20.9
175, P.J. Washington , DAL, 25, 56, 16, 40, 1667.0, 19.2, 18.9, 20.2, 23.9, 26.0, 15.0, 16.1, 19.7, 20.9, 20.6, 12.6, 18.5, 20.4, 22.0, 19.3, 20.2, 15.3, 18.9
176, Deni Avdija , WAS, 23, 61, 11, 50, 1759.0, 19.2, 19.5, 18.5, 15.4, 14.1, 25.4, 26.4, 22.1, 29.4, 27.9, 21.3, 23.5, 17.5, 14.6, 25.4, 21.1, 27.8, 19.8
177, Jordan Hawkins , NOP, 21, 55, 33, 22, 1075.0, 19.1, 18.0, 21.4, 34.6, 35.0, 15.3, 13.7, 10.9, 15.6, 14.4, 10.9, 12.8, 10.3, 6.5, 12.7, 16.1, 9.7, 19.5
178, Malaki Branham , SAS, 20, 59, 12, 47, 1228.0, 19.1, 19.7, 20.8, 21.0, 21.6, 11.8, 9.9, 8.2, 12.0, 11.1, 17.5, 17.6, 13.6, 4.0, 25.4, 17.1, 10.9, 18.8
179, Marcus Sasser , DET, 23, 54, 8, 46, 876.0, 19.1, 20.1, 20.4, 26.1, 24.6, 10.1, 9.7, 3.5, 14.2, 11.3, 33.8, 20.6, 27.1, 9.3, 14.8, 18.9, 13.6, 19.1
180, Leonard Miller , MIN, 20, 7, 6, 1, 26.0, 19.0, 33.3, 23.4, 14.3, 15.0, 0.0, 0.0, 50.0, 52.9, 52.6, 21.4, 10.0, 12.5, 33.3, 20.0, 30.0, 0.0, 28.3
181, Dario Saric , GSW, 29, 60, 32, 28, 1067.0, 19.0, 19.1, 19.0, 22.9, 21.6, 20.8, 18.9, 25.8, 28.1, 27.5, 22.7, 22.7, 19.4, 11.8, 22.6, 25.2, 21.5, 19.8
182, Jarrett Allen , CLE, 25, 59, 39, 20, 1865.0, 19.0, 23.2, 18.1, 0.0, 0.4, 28.6, 30.9, 49.5, 32.8, 36.7, 14.7, 19.3, 14.5, 37.5, 27.4, 18.8, 34.4, 21.4
183, Saben Lee , PHX, 24, 21, 12, 9, 178.0, 18.9, 13.4, 18.1, 5.9, 14.8, 29.9, 32.8, 23.7, 17.1, 18.6, 35.7, 14.3, 30.4, 9.4, 35.0, 21.7, 30.6, 16.8
184, Vasilije Micic , CHA, 30, 43, 29, 14, 682.0, 18.9, 14.9, 18.1, 10.9, 18.0, 17.7, 16.9, 7.0, 9.8, 9.2, 39.5, 28.3, 13.7, 4.1, 26.8, 15.7, 15.8, 14.7
185, Armoni Brooks , BKN, 25, 10, 3, 7, 104.0, 18.8, 15.2, 22.2, 40.7, 42.1, 2.1, 3.2, 17.5, 15.3, 16.1, 7.9, 13.6, 7.7, 14.3, 36.4, 7.5, 2.3, 15.4
186, Gordon Hayward , OKC, 33, 35, 15, 20, 953.0, 18.8, 17.8, 18.8, 11.2, 11.2, 23.1, 23.5, 14.3, 18.3, 17.3, 25.7, 19.4, 22.1, 10.7, 14.3, 13.9, 22.3, 17.8
187, Tari Eason , HOU, 22, 22, 12, 10, 480.0, 18.8, 22.1, 21.1, 14.8, 14.8, 9.6, 11.7, 34.8, 29.8, 31.2, 12.1, 15.3, 36.9, 33.3, 28.8, 21.1, 10.8, 18.9
188, Hamidou Diallo , WAS, 25, 2, 1, 1, 5.0, 18.8, 25.0, 14.3, 0.0, 0.0, 0.0, 0.0, 50.0, 0.0, 22.2, 50.0, 100, 100, 0.0, 0.0, 50.0, 0.0, 22.2
188, Jahmi'us Ramsey , TOR, 22, 1, 0, 1, 5.0, 18.8, 25.0, 23.1, 0.0, 20.0, 0.0, 0.0, 25.0, 20.0, 22.2, 50.0, 0.0, 0.0, 0.0, 0.0, 0.0, 0.0, 20.0
188, Taze Moore , POR, 25, 3, 1, 2, 10.0, 18.8, 25.0, 22.7, 0.0, 18.2, 0.0, 0.0, 0.0, 0.0, 0.0, 16.7, 25.0, 25.0, 0.0, 0.0, 28.6, 16.7, 17.6
191, Julian Strawther , DEN, 21, 40, 27, 13, 497.0, 18.7, 17.8, 21.2, 31.4, 34.1, 12.4, 12.9, 3.3, 14.2, 11.4, 15.4, 12.1, 25.4, 12.1, 13.6, 21.6, 17.8, 18.6
192, Fred VanVleet , HOU, 30, 57, 28, 29, 2098.0, 18.7, 17.6, 19.7, 30.5, 29.0, 19.1, 17.3, 5.0, 12.6, 10.8, 41.2, 18.0, 21.0, 23.7, 10.8, 14.5, 16.4, 19.3
193, Jalen Smith , IND, 23, 45, 26, 19, 799.0, 18.6, 23.4, 19.0, 21.0, 17.8, 24.3, 26.9, 39.4, 34.4, 35.7, 9.6, 16.2, 8.3, 35.0, 9.4, 25.5, 26.2, 23.2
194, Trey Murphy III , NOP, 23, 39, 25, 14, 1059.0, 18.6, 19.5, 21.2, 36.9, 38.2, 17.0, 17.2, 10.6, 18.0, 16.3, 12.5, 6.5, 17.2, 16.5, 8.2, 12.3, 14.9, 21.2
195, Duncan Robinson , MIA, 29, 59, 33, 26, 1673.0, 18.6, 19.6, 20.2, 38.6, 35.9, 11.7, 10.6, 4.1, 11.8, 10.1, 19.2, 18.5, 15.1, 11.0, 15.2, 21.3, 10.4, 20.5
196, Jaime Jaquez Jr. , MIA, 23, 58, 34, 24, 1704.0, 18.4, 20.3, 18.9, 12.4, 13.8, 16.6, 16.9, 21.0, 13.7, 15.4, 16.2, 20.7, 26.8, 10.4, 28.7, 20.4, 15.4, 18.8
197, Jordan Ford , SAC, 25, 6, 2, 4, 22.0, 18.4, 19.0, 17.9, 22.2, 14.3, 28.6, 25.0, 0.0, 14.3, 11.1, 18.2, 33.3, 0.0, 0.0, 0.0, 0.0, 20.0, 20.7
198, Rui Hachimura , LAL, 26, 52, 29, 23, 1326.0, 18.4, 20.7, 20.4, 21.6, 20.6, 14.8, 15.7, 18.8, 16.2, 16.7, 6.8, 10.6, 17.4, 11.0, 21.0, 18.5, 12.8, 19.9
199, Jeremy Sochan , SAS, 20, 64, 14, 50, 1892.0, 18.3, 17.8, 18.6, 12.2, 13.4, 16.1, 16.5, 28.5, 21.4, 23.1, 18.6, 19.3, 17.3, 11.8, 30.8, 22.9, 16.9, 16.9
200, Gary Trent Jr. , TOR, 25, 59, 22, 37, 1614.0, 18.3, 18.6, 21.1, 32.8, 31.0, 8.7, 9.1, 5.2, 11.8, 10.1, 8.9, 9.0, 23.1, 5.6, 11.9, 12.1, 9.0, 18.9
201, Buddy Hield , PHI, 31, 66, 35, 31, 1782.0, 18.3, 17.8, 20.0, 34.2, 32.5, 6.8, 6.2, 11.1, 15.5, 14.4, 18.3, 17.6, 22.0, 16.3, 14.2, 17.7, 4.7, 18.4
202, Santi Aldama , MEM, 23, 53, 20, 33, 1361.0, 18.3, 19.9, 19.8, 23.4, 22.9, 10.8, 13.3, 21.4, 26.4, 25.2, 16.6, 15.5, 16.6, 23.2, 13.7, 14.3, 14.4, 19.0
203, Evan Fournier , DET, 31, 14, 4, 10, 229.0, 18.2, 17.6, 20.4, 37.8, 35.2, 15.9, 14.6, 6.0, 16.0, 13.6, 14.0, 13.2, 24.5, 9.5, 12.9, 19.3, 9.5, 19.1
204, Derrick White , BOS, 29, 59, 47, 12, 1900.0, 18.2, 17.6, 18.7, 23.6, 23.6, 16.2, 14.8, 11.1, 13.5, 13.1, 27.6, 20.3, 22.9, 27.1, 19.6, 18.8, 17.1, 18.2
205, Landry Shamet , WAS, 26, 46, 6, 40, 726.0, 18.1, 18.6, 20.0, 26.1, 27.7, 15.6, 14.7, 10.5, 9.7, 9.9, 12.6, 14.5, 22.9, 17.2, 22.6, 23.9, 16.0, 19.0
206, Day'Ron Sharpe , BKN, 22, 48, 20, 28, 745.0, 18.1, 21.0, 16.8, 2.1, 2.4, 23.2, 28.3, 55.0, 35.7, 41.6, 18.0, 22.7, 18.9, 44.4, 23.7, 32.7, 28.9, 19.3
207, Skylar Mays , LAL, 26, 32, 11, 21, 420.0, 18.0, 18.0, 19.7, 16.8, 18.9, 10.7, 10.2, 9.6, 13.7, 12.5, 39.2, 15.6, 27.3, 9.3, 20.8, 14.0, 13.8, 16.9
208, TyTy Washington Jr. , MIL, 22, 5, 3, 2, 21.0, 18.0, 9.1, 21.2, 20.0, 15.8, 0.0, 0.0, 0.0, 6.3, 5.6, 12.5, 18.2, 40.0, 0.0, 0.0, 0.0, 12.5, 8.3
209, Brice Sensabaugh , UTA, 20, 14, 5, 9, 171.0, 18.0, 17.4, 17.7, 23.3, 23.0, 12.7, 11.8, 11.1, 18.7, 16.4, 10.0, 30.2, 16.0, 0.0, 7.1, 23.7, 14.5, 17.3
210, Emoni Bates , CLE, 20, 11, 6, 5, 88.0, 17.9, 14.1, 21.1, 24.0, 33.8, 8.3, 16.0, 6.3, 19.6, 16.4, 13.0, 6.7, 7.7, 25.0, 25.0, 14.7, 18.5, 15.2
211, Adama Sanogo , CHI, 22, 3, 0, 3, 11.0, 17.9, 42.9, 16.7, 0.0, 0.0, 50.0, 60.0, 50.0, 50.0, 50.0, 0.0, 16.7, 0.0, 0.0, 0.0, 0.0, 40.0, 42.1
211, Josh Minott , MIN, 21, 22, 16, 6, 63.0, 17.9, 19.6, 20.2, 7.1, 13.7, 34.3, 32.6, 25.0, 21.4, 22.2, 9.1, 9.5, 25.0, 42.9, 12.5, 24.1, 27.6, 21.9
213, Cameron Payne , PHI, 29, 60, 35, 25, 977.0, 17.8, 17.5, 19.2, 27.3, 26.4, 15.0, 13.2, 5.4, 10.8, 9.4, 28.6, 17.8, 19.4, 5.9, 14.4, 21.0, 13.4, 18.2
214, Colby Jones , SAC, 21, 17, 7, 10, 121.0, 17.8, 17.3, 20.0, 3.6, 14.6, 4.7, 9.8, 23.8, 18.5, 20.3, 17.2, 15.2, 28.6, 7.1, 23.1, 31.4, 12.2, 13.9
215, Jose Alvarado , NOP, 25, 43, 29, 14, 740.0, 17.8, 16.6, 19.4, 27.3, 28.9, 9.0, 10.1, 8.7, 14.9, 13.3, 20.9, 17.7, 31.0, 18.7, 17.7, 20.7, 12.1, 16.4
216, Moses Moody , GSW, 21, 49, 26, 23, 875.0, 17.8, 19.5, 19.3, 19.9, 21.5, 17.4, 16.7, 21.0, 16.2, 17.6, 7.5, 13.1, 25.8, 23.8, 21.0, 16.4, 18.2, 19.2
217, Greg Brown III , DAL, 22, 6, 3, 3, 40.0, 17.8, 14.7, 14.9, 12.5, 15.0, 21.1, 32.1, 23.1, 17.1, 18.8, 18.2, 23.5, 0.0, 57.1, 20.0, 41.7, 27.8, 15.8
218, Kira Lewis Jr. , UTA, 22, 19, 10, 9, 152.0, 17.7, 15.5, 19.8, 7.4, 19.8, 13.7, 11.6, 12.8, 8.8, 9.8, 31.3, 19.0, 27.3, 10.0, 23.5, 14.1, 10.7, 14.4
219, Jaden Springer , BOS, 21, 38, 23, 15, 397.0, 17.7, 15.3, 17.8, 9.0, 15.1, 15.7, 14.8, 27.7, 13.8, 17.9, 19.3, 24.1, 30.1, 26.8, 25.4, 29.4, 17.4, 14.7
220, Tre Mann , CHA, 23, 24, 16, 8, 455.0, 17.7, 18.6, 18.8, 19.8, 17.5, 15.1, 15.4, 13.6, 23.8, 22.0, 30.3, 17.7, 28.4, 0.0, 24.3, 17.0, 20.4, 18.4
221, David Roddy , PHX, 22, 55, 18, 37, 1146.0, 17.7, 17.4, 19.0, 16.4, 18.1, 12.1, 13.6, 23.2, 20.1, 20.8, 13.0, 15.7, 15.2, 8.0, 20.6, 14.7, 12.7, 16.4
222, Jalen Johnson , ATL, 22, 48, 24, 24, 1630.0, 17.6, 21.0, 18.7, 13.5, 13.6, 12.4, 13.8, 14.5, 31.3, 26.6, 18.4, 18.5, 21.2, 25.6, 22.7, 21.0, 14.8, 18.7
223, Markelle Fultz , ORL, 25, 27, 15, 12, 603.0, 17.6, 20.1, 19.5, 0.8, 2.8, 7.4, 8.7, 25.5, 13.5, 16.6, 26.6, 17.0, 24.2, 20.9, 29.8, 17.5, 11.4, 16.4
224, Miles McBride , NYK, 23, 51, 30, 21, 757.0, 17.6, 21.0, 20.3, 30.7, 25.2, 10.7, 9.8, 7.9, 7.8, 7.8, 19.7, 9.2, 28.0, 7.5, 16.3, 24.7, 15.6, 20.9
225, Hunter Tyson , DEN, 23, 11, 8, 3, 32.0, 17.6, 11.1, 19.6, 13.3, 23.1, 0.0, 0.0, 50.0, 38.1, 39.1, 5.3, 20.0, 0.0, 0.0, 0.0, 36.8, 0.0, 11.3
226, Davis Bertans , CHA, 31, 26, 16, 10, 295.0, 17.6, 17.8, 20.3, 45.2, 40.2, 19.4, 17.9, 11.8, 12.6, 12.5, 13.0, 4.1, 24.4, 20.8, 11.8, 23.5, 11.8, 21.7
227, De'Anthony Melton , PHI, 25, 36, 23, 13, 1002.0, 17.6, 14.9, 18.5, 27.6, 29.0, 13.6, 14.1, 12.1, 16.4, 15.3, 19.9, 16.0, 30.3, 12.2, 16.9, 21.2, 13.8, 16.0
228, Sam Merrill , CLE, 27, 46, 31, 15, 751.0, 17.5, 19.2, 21.2, 43.4, 38.0, 6.2, 4.8, 11.8, 13.1, 12.8, 17.0, 6.2, 15.0, 3.0, 15.8, 18.4, 13.3, 20.9
229, Dillon Brooks , HOU, 28, 55, 25, 30, 1722.0, 17.5, 17.3, 18.4, 24.1, 22.7, 15.8, 15.1, 11.4, 12.5, 12.2, 9.9, 14.8, 19.6, 4.7, 10.5, 24.4, 14.1, 17.8
230, Dennis Smith Jr. , BKN, 26, 49, 19, 30, 966.0, 17.5, 16.5, 17.7, 10.6, 13.8, 13.7, 14.0, 20.9, 17.2, 18.2, 34.8, 21.9, 34.9, 14.0, 19.5, 26.6, 13.9, 15.4
231, DeJon Jarreau , MEM, 26, 1, 0, 1, 28.0, 17.5, 15.0, 18.8, 20.0, 12.5, 0.0, 0.0, 0.0, 52.6, 41.7, 38.5, 28.6, 42.9, 0.0, 33.3, 16.7, 0.0, 12.5
232, Keegan Murray , SAC, 23, 59, 34, 25, 1942.0, 17.5, 18.3, 19.4, 22.1, 23.4, 14.5, 12.6, 17.4, 17.9, 17.8, 8.1, 9.4, 19.6, 28.5, 16.5, 20.6, 10.9, 18.3
233, Aaron Gordon , DEN, 28, 58, 39, 19, 1822.0, 17.4, 18.6, 16.9, 7.2, 9.3, 21.7, 26.2, 31.9, 18.6, 22.0, 16.7, 18.2, 17.6, 19.7, 27.6, 18.2, 24.9, 17.9
234, Shake Milton , NYK, 27, 43, 28, 15, 555.0, 17.4, 16.4, 18.3, 14.9, 18.0, 16.6, 16.0, 11.8, 13.8, 13.3, 20.3, 18.8, 20.5, 8.6, 17.9, 20.6, 16.9, 16.3
235, Kevin Huerter , SAC, 25, 61, 35, 26, 1519.0, 17.3, 17.3, 19.1, 25.9, 26.5, 7.6, 7.4, 13.2, 17.4, 16.5, 16.8, 13.5, 16.7, 18.5, 12.2, 21.4, 7.9, 17.1
236, Theo Maledon , PHX, 22, 17, 5, 12, 213.0, 17.3, 11.0, 17.2, 10.4, 21.9, 15.7, 12.2, 6.1, 14.1, 11.5, 25.9, 28.1, 23.3, 0.0, 29.2, 18.6, 19.2, 11.8
237, Jordan Goodwin , MEM, 25, 46, 25, 21, 731.0, 17.3, 16.1, 19.2, 19.9, 21.8, 9.6, 10.3, 26.2, 18.6, 20.7, 30.1, 16.8, 28.2, 14.3, 26.8, 18.6, 10.2, 15.2
238, Wenyen Gabriel , MEM, 26, 2, 0, 2, 34.0, 17.3, 20.0, 15.1, 0.0, 12.5, 0.0, 21.7, 28.6, 25.9, 26.5, 15.4, 25.0, 28.6, 0.0, 20.0, 27.3, 28.6, 13.8
239, Christian Wood , LAL, 28, 50, 28, 22, 872.0, 17.3, 16.5, 17.6, 19.3, 21.4, 18.3, 19.7, 26.5, 33.0, 31.8, 10.4, 18.2, 13.1, 30.0, 17.1, 23.2, 20.3, 17.1
240, Jalen McDaniels , TOR, 26, 36, 10, 26, 325.0, 17.3, 14.7, 18.9, 13.3, 21.3, 11.2, 12.9, 11.9, 19.6, 17.4, 12.0, 17.0, 24.1, 10.8, 19.4, 24.4, 10.1, 13.9
241, OG Anunoby , NYK, 26, 41, 23, 18, 1401.0, 17.3, 18.6, 18.5, 23.6, 22.9, 13.2, 13.1, 11.7, 13.0, 12.7, 11.0, 15.3, 23.8, 19.3, 21.8, 17.8, 13.0, 18.4
242, Wendell Carter Jr. , ORL, 24, 38, 20, 18, 995.0, 17.3, 19.2, 17.4, 19.1, 17.9, 22.2, 22.8, 38.8, 27.5, 30.2, 11.9, 14.9, 10.3, 26.9, 18.2, 22.4, 24.9, 19.6
243, Jalen Duren , DET, 20, 48, 10, 38, 1431.0, 17.3, 22.1, 16.8, 0.0, 0.3, 21.3, 20.7, 45.1, 39.7, 41.0, 15.8, 20.3, 13.8, 25.5, 20.6, 24.4, 21.6, 19.8
244, Amen Thompson , HOU, 21, 45, 18, 27, 885.0, 17.3, 18.8, 16.5, 4.0, 8.1, 18.2, 20.4, 30.5, 27.3, 28.2, 23.6, 25.3, 28.9, 34.1, 18.8, 25.7, 23.7, 17.3
245, D'Moi Hodge , LAL, 25, 7, 1, 6, 41.0, 17.2, 18.5, 22.4, 60.0, 40.0, 5.9, 8.3, 0.0, 0.0, 0.0, 27.8, 7.1, 14.3, 25.0, 0.0, 30.8, 6.3, 18.4
246, Javon Freeman-Liberty , TOR, 24, 6, 1, 5, 59.0, 17.1, 16.3, 15.3, 10.5, 10.5, 50.0, 42.9, 16.7, 23.1, 21.6, 16.7, 18.8, 0.0, 14.3, 0.0, 23.5, 27.3, 19.5
247, Isaiah Jackson , IND, 22, 48, 29, 19, 648.0, 17.1, 21.9, 16.4, 0.0, 1.0, 28.4, 30.6, 49.7, 30.6, 35.8, 10.0, 16.7, 25.0, 56.7, 28.6, 37.7, 31.0, 20.9
248, Monte Morris , MIN, 28, 17, 10, 7, 241.0, 17.1, 17.3, 20.5, 15.7, 19.6, 7.1, 8.0, 10.6, 14.0, 13.2, 32.0, 6.9, 20.5, 7.9, 20.0, 7.1, 10.5, 15.5
249, A.J. Lawson , DAL, 23, 30, 17, 13, 236.0, 17.1, 19.5, 18.9, 17.8, 21.1, 13.0, 14.2, 16.7, 12.8, 14.0, 10.6, 14.1, 23.7, 11.1, 27.3, 20.4, 11.1, 18.3
250, Ish Wainright , PHX, 29, 7, 1, 6, 46.0, 17.1, 22.2, 21.4, 60.0, 41.0, 13.3, 7.4, 0.0, 23.1, 18.0, 0.0, 7.1, 28.6, 25.0, 0.0, 17.4, 11.8, 25.3
251, Sasha Vezenkov , SAC, 28, 35, 18, 17, 440.0, 17.1, 18.7, 20.0, 25.5, 24.8, 8.0, 7.5, 31.9, 19.4, 22.5, 5.8, 8.0, 31.4, 15.2, 24.3, 16.9, 9.0, 18.4
252, Moussa Diabate , LAC, 22, 11, 7, 4, 64.0, 17.1, 18.2, 16.4, 0.0, 0.0, 31.0, 36.8, 53.6, 25.0, 37.5, 12.1, 10.0, 50.0, 25.0, 42.9, 14.8, 38.5, 19.0
253, Georges Niang , CLE, 30, 64, 41, 23, 1387.0, 17.1, 17.5, 19.1, 25.9, 26.6, 8.9, 8.1, 7.6, 21.2, 18.3, 10.1, 13.0, 10.1, 10.2, 9.3, 25.7, 7.6, 17.5
254, Jabari Smith Jr. , HOU, 20, 59, 28, 31, 1895.0, 17.1, 17.7, 17.8, 21.7, 21.0, 16.3, 15.7, 26.9, 29.0, 28.5, 9.1, 15.2, 16.5, 26.6, 18.3, 19.7, 13.5, 17.9
255, Admiral Schofield , ORL, 26, 16, 9, 7, 56.0, 17.1, 16.2, 19.8, 12.5, 19.3, 0.0, 7.4, 25.0, 20.5, 21.3, 20.0, 17.4, 0.0, 0.0, 50.0, 29.2, 15.8, 12.9
256, Anthony Gill , WAS, 31, 34, 6, 28, 175.0, 17.0, 13.8, 15.4, 6.3, 10.3, 20.0, 19.6, 33.3, 21.4, 24.5, 13.5, 26.3, 18.9, 24.0, 15.8, 18.8, 12.2, 14.0
257, Jevon Carter , CHI, 28, 61, 30, 31, 830.0, 17.0, 16.1, 19.5, 34.0, 34.9, 1.2, 1.5, 3.4, 7.5, 6.4, 17.3, 14.5, 19.0, 14.8, 4.9, 18.8, 3.7, 15.9
258, Andrew Nembhard , IND, 24, 51, 30, 21, 1213.0, 17.0, 16.9, 17.0, 12.7, 13.3, 8.5, 8.1, 11.9, 9.2, 9.8, 28.8, 24.6, 23.8, 2.7, 11.3, 19.7, 14.6, 15.4
259, Spencer Dinwiddie , LAL, 30, 60, 27, 33, 1763.0, 17.0, 13.9, 16.9, 18.3, 22.2, 21.8, 21.2, 7.0, 11.7, 10.6, 33.6, 17.7, 20.2, 6.1, 10.8, 16.7, 17.8, 15.6
260, Chimezie Metu , PHX, 26, 37, 22, 15, 448.0, 17.0, 17.7, 17.2, 16.0, 18.5, 19.9, 18.6, 31.2, 28.6, 29.1, 8.3, 18.4, 26.4, 18.8, 20.0, 22.2, 13.9, 17.9
261, Danilo Gallinari , MIL, 35, 41, 13, 28, 557.0, 16.9, 15.9, 17.3, 16.3, 18.9, 32.9, 30.5, 22.8, 23.1, 23.0, 18.1, 10.9, 14.1, 15.2, 12.5, 20.6, 30.9, 18.9
262, Nate Williams , HOU, 25, 12, 4, 8, 78.0, 16.9, 17.5, 18.2, 6.7, 5.7, 16.7, 19.4, 28.1, 5.0, 13.0, 15.4, 10.5, 15.4, 0.0, 35.7, 22.5, 13.3, 16.6
263, Jerome Robinson , GSW, 27, 16, 12, 4, 62.0, 16.9, 11.1, 18.3, 11.1, 22.4, 28.6, 37.0, 4.8, 4.0, 4.2, 13.9, 4.5, 0.0, 21.4, 0.0, 15.8, 28.6, 13.6
264, Malachi Flynn , DET, 25, 54, 26, 28, 608.0, 16.8, 15.7, 17.1, 23.1, 22.3, 14.0, 14.1, 7.6, 17.0, 14.2, 27.4, 21.9, 22.0, 9.2, 16.9, 21.9, 16.1, 16.3
265, Seth Lundy , ATL, 23, 9, 2, 7, 52.0, 16.8, 10.5, 21.3, 25.0, 28.9, 11.5, 12.9, 14.3, 18.8, 17.9, 0.0, 5.9, 0.0, 0.0, 66.7, 40.0, 14.3, 12.3
266, Svi Mykhailiuk , BOS, 26, 26, 20, 6, 206.0, 16.8, 14.7, 19.2, 32.2, 32.6, 4.4, 6.7, 12.3, 11.4, 11.7, 12.4, 12.3, 22.9, 0.0, 10.5, 13.5, 9.1, 15.4
267, Jarace Walker , IND, 20, 23, 10, 13, 227.0, 16.8, 14.3, 18.6, 29.4, 29.2, 8.0, 6.9, 15.3, 24.5, 21.7, 19.6, 17.6, 24.1, 31.0, 6.3, 20.6, 11.2, 14.9
268, Caleb Martin , MIA, 28, 47, 26, 21, 1280.0, 16.7, 17.1, 17.8, 19.8, 19.0, 12.2, 12.7, 21.7, 18.7, 19.4, 14.3, 16.7, 17.8, 23.8, 20.5, 21.6, 14.8, 16.6
269, Chris Boucher , TOR, 31, 50, 16, 34, 705.0, 16.7, 17.5, 16.4, 16.9, 17.7, 28.9, 27.8, 32.3, 30.9, 31.3, 5.5, 14.9, 12.5, 34.3, 19.7, 24.0, 30.2, 19.1
270, Alondes Williams , MIA, 24, 2, 2, 0, 9.0, 16.7, 0.0, 23.1, 0.0, 40.0, 0.0, 0.0, 0.0, 12.5, 11.1, 0.0, 14.3, 0.0, 0.0, 100, 0.0, 0.0, 0.0
270, Jalen Crutcher , NOP, 24, 1, 1, 0, 3.0, 16.7, 0.0, 25.0, 0.0, 0.0, 0.0, 0.0, 0.0, 0.0, 0.0, 0.0, 0.0, 0.0, 0.0, 0.0, 0.0, 0.0, 0.0
270, Jay Huff , DEN, 26, 13, 10, 3, 35.0, 16.7, 30.4, 21.4, 37.5, 25.0, 15.4, 12.5, 33.3, 40.9, 40.0, 6.3, 7.7, 16.7, 0.0, 0.0, 36.8, 10.0, 28.4
273, Max Strus , CLE, 27, 60, 39, 21, 1932.0, 16.7, 15.3, 17.8, 28.1, 29.0, 9.4, 9.4, 12.0, 16.7, 15.6, 20.6, 16.9, 16.4, 14.3, 17.0, 22.0, 12.9, 15.9
274, Jonathan Isaac , ORL, 26, 44, 27, 17, 655.0, 16.6, 18.9, 18.2, 20.0, 18.0, 16.7, 18.1, 32.8, 30.4, 31.1, 6.0, 12.0, 25.2, 53.1, 18.9, 16.3, 17.9, 18.6
275, Thomas Bryant , MIA, 26, 27, 15, 12, 275.0, 16.6, 19.7, 16.5, 0.0, 3.6, 21.7, 22.4, 45.5, 29.3, 33.1, 10.5, 17.0, 16.7, 32.0, 13.8, 28.0, 16.7, 17.4
276, Eric Gordon , PHX, 35, 53, 31, 22, 1564.0, 16.6, 16.9, 19.0, 30.9, 31.2, 7.1, 7.3, 5.0, 8.7, 7.9, 13.5, 12.7, 20.7, 12.0, 24.5, 10.4, 8.0, 16.7
277, Bruno Fernando , ATL, 25, 27, 13, 14, 337.0, 16.6, 18.2, 15.3, 0.0, 1.3, 23.7, 28.0, 47.9, 32.9, 36.6, 10.4, 20.8, 27.5, 59.4, 32.3, 40.2, 23.7, 17.2
278, Trayce Jackson-Davis , GSW, 24, 50, 27, 23, 674.0, 16.5, 23.9, 15.9, 0.0, 0.0, 24.1, 31.4, 41.8, 25.6, 30.3, 11.6, 16.4, 16.7, 54.1, 29.0, 30.0, 23.7, 21.2
279, Clint Capela , ATL, 29, 56, 26, 30, 1416.0, 16.5, 20.4, 16.5, 0.0, 0.0, 19.7, 23.4, 56.0, 32.8, 40.3, 7.7, 13.2, 13.8, 58.9, 30.4, 26.0, 23.3, 18.1
280, Ivica Zubac , LAC, 26, 51, 32, 19, 1337.0, 16.4, 21.5, 16.2, 0.0, 0.0, 17.5, 21.5, 51.5, 33.1, 37.4, 9.4, 15.6, 5.8, 46.6, 30.0, 31.4, 21.1, 18.6
281, Bol Bol , PHX, 24, 26, 17, 9, 291.0, 16.4, 25.7, 19.5, 17.5, 16.0, 6.1, 7.0, 32.9, 29.4, 30.3, 7.4, 11.5, 17.1, 34.8, 7.1, 26.5, 5.1, 21.7
282, Precious Achiuwa , NYK, 24, 57, 28, 29, 1312.0, 16.4, 17.9, 16.4, 6.9, 8.8, 13.5, 16.7, 41.6, 26.7, 31.1, 11.3, 18.9, 19.4, 39.3, 21.4, 24.2, 14.7, 16.0
283, Jontay Porter , TOR, 24, 20, 6, 14, 244.0, 16.4, 13.7, 17.0, 17.8, 21.6, 13.3, 11.9, 31.5, 25.5, 27.0, 24.1, 17.7, 33.3, 46.2, 10.3, 29.1, 7.5, 14.2
284, Patrick Williams , CHI, 22, 43, 19, 24, 1174.0, 16.3, 15.6, 16.7, 19.7, 18.9, 12.9, 13.1, 16.5, 15.2, 15.5, 11.4, 19.0, 22.3, 29.7, 20.4, 18.9, 12.2, 15.7
285, Jalen Pickett , DEN, 24, 21, 15, 6, 108.0, 16.3, 14.1, 16.8, 25.0, 27.2, 10.3, 10.3, 6.3, 13.3, 12.1, 22.4, 22.9, 30.0, 0.0, 16.7, 22.4, 10.3, 15.0
286, Garrett Temple , TOR, 37, 16, 4, 12, 69.0, 16.3, 14.3, 16.0, 12.5, 16.7, 17.2, 17.1, 25.0, 14.6, 18.0, 17.6, 20.8, 23.1, 0.0, 20.0, 28.6, 16.7, 14.6
287, Saddiq Bey , ATL, 24, 63, 28, 35, 2062.0, 16.3, 15.4, 17.4, 19.5, 22.4, 19.8, 19.1, 27.7, 17.9, 20.9, 8.2, 9.5, 17.3, 5.7, 19.3, 11.0, 16.2, 16.6
288, Peyton Watson , DEN, 21, 62, 43, 19, 1138.0, 16.3, 16.6, 17.0, 14.7, 17.4, 17.4, 18.4, 16.9, 17.6, 17.5, 9.7, 14.5, 23.6, 37.1, 19.7, 20.8, 14.2, 16.5
289, Luke Kennard , MEM, 27, 33, 12, 21, 822.0, 16.3, 18.1, 17.7, 35.5, 28.6, 13.5, 11.8, 6.4, 16.2, 14.1, 21.7, 15.1, 12.1, 0.9, 9.9, 10.5, 8.2, 19.8
290, Jrue Holiday , BOS, 33, 58, 45, 13, 1924.0, 16.3, 16.5, 16.6, 18.7, 16.3, 8.4, 8.4, 19.1, 17.2, 17.6, 26.7, 22.4, 20.4, 16.6, 17.0, 14.7, 11.1, 15.6
291, AJ Green , MIL, 24, 42, 29, 13, 401.0, 16.3, 17.8, 20.3, 35.7, 36.2, 7.6, 6.6, 9.4, 14.3, 13.4, 12.0, 6.0, 4.7, 6.5, 3.4, 19.6, 9.4, 19.0
292, Lester Quinones , GSW, 23, 29, 17, 12, 354.0, 16.2, 15.4, 17.2, 27.4, 24.7, 14.5, 16.1, 17.1, 17.7, 17.5, 15.0, 14.5, 14.3, 4.4, 17.9, 28.6, 23.9, 16.7
293, Jaylen Nowell , MEM, 24, 9, 3, 6, 156.0, 16.2, 16.7, 18.6, 9.1, 18.5, 6.3, 5.5, 8.6, 10.8, 10.2, 20.8, 10.6, 10.3, 0.0, 0.0, 21.0, 7.3, 14.3
294, Naji Marshall , NOP, 26, 52, 34, 18, 981.0, 16.2, 15.4, 16.3, 17.2, 17.5, 15.0, 15.0, 21.7, 20.2, 20.5, 19.1, 21.5, 19.9, 12.2, 13.3, 18.8, 14.6, 15.6
295, Mark Williams , CHA, 22, 19, 7, 12, 508.0, 16.2, 20.8, 15.5, 0.0, 0.0, 31.5, 33.9, 54.3, 31.1, 37.8, 7.4, 11.9, 20.8, 42.6, 31.6, 26.9, 28.0, 19.9
296, Ausar Thompson , DET, 21, 63, 10, 53, 1583.0, 16.1, 17.3, 16.4, 6.4, 11.1, 12.2, 16.2, 32.3, 25.2, 27.1, 14.4, 16.7, 31.8, 33.1, 18.1, 24.7, 19.8, 15.5
297, Nate Hinton , HOU, 24, 11, 6, 5, 58.0, 16.1, 17.9, 18.2, 58.3, 26.2, 16.0, 14.3, 18.8, 17.0, 17.4, 22.2, 12.5, 28.6, 25.0, 40.0, 35.7, 12.5, 20.8
298, Kelly Olynyk , TOR, 32, 62, 29, 33, 1294.0, 16.1, 16.6, 14.6, 14.4, 12.2, 21.7, 21.1, 26.9, 25.9, 26.2, 34.2, 22.9, 29.1, 14.4, 11.3, 31.3, 25.1, 17.2
299, Jabari Walker , POR, 21, 57, 16, 41, 1260.0, 16.1, 17.4, 16.4, 9.8, 12.4, 20.4, 21.2, 33.9, 34.4, 34.2, 8.4, 13.4, 17.6, 17.1, 26.0, 23.9, 20.9, 17.1
300, Aaron Nesmith , IND, 24, 56, 31, 25, 1519.0, 16.1, 16.8, 17.0, 26.1, 23.0, 15.5, 16.4, 16.2, 16.7, 16.6, 8.3, 12.6, 23.2, 20.2, 20.9, 26.9, 19.4, 17.7
301, Tyus Jones , WAS, 27, 64, 11, 53, 1868.0, 16.0, 18.4, 17.8, 21.6, 18.2, 5.5, 5.3, 5.6, 13.1, 11.4, 40.0, 12.2, 24.1, 8.0, 11.0, 6.2, 7.3, 17.2
302, Zeke Nnaji , DEN, 23, 49, 34, 15, 482.0, 16.0, 14.6, 14.7, 4.8, 6.3, 32.3, 32.8, 49.6, 16.4, 25.4, 12.1, 19.7, 18.3, 37.1, 37.5, 30.4, 39.7, 15.9
303, Nikola Jovic , MIA, 20, 30, 14, 16, 533.0, 16.0, 14.0, 15.6, 21.3, 21.3, 11.6, 14.7, 20.0, 27.5, 26.0, 17.9, 22.1, 15.5, 24.4, 10.3, 29.2, 18.9, 14.6
304, Ayo Dosunmu , CHI, 24, 62, 31, 31, 1701.0, 16.0, 18.1, 16.9, 22.7, 20.0, 9.9, 10.2, 10.4, 11.0, 10.9, 19.7, 17.4, 20.2, 15.6, 22.9, 18.8, 9.7, 17.3
305, Jakob Poeltl , TOR, 28, 50, 21, 29, 1319.0, 16.0, 20.4, 15.3, 0.0, 0.0, 13.9, 18.3, 48.0, 30.9, 35.1, 15.4, 21.2, 16.7, 53.1, 24.8, 33.1, 19.9, 17.7
306, Ousmane Dieng , OKC, 20, 30, 18, 12, 338.0, 16.0, 15.3, 16.7, 20.4, 22.9, 12.4, 11.9, 14.5, 16.8, 16.3, 18.0, 16.5, 10.2, 7.9, 8.6, 17.4, 10.9, 15.5
307, Omer Yurtseven , UTA, 25, 35, 15, 20, 317.0, 16.0, 19.2, 16.0, 4.6, 6.9, 7.8, 11.2, 48.9, 37.2, 40.6, 9.5, 21.2, 14.3, 41.2, 17.1, 30.2, 18.1, 15.7
308, Dante Exum , DAL, 28, 38, 22, 16, 722.0, 15.9, 17.6, 15.8, 14.5, 11.8, 16.7, 16.8, 15.0, 17.0, 16.6, 26.3, 19.9, 19.0, 7.8, 24.6, 20.8, 18.4, 17.1
309, Seth Curry , CHA, 33, 44, 25, 19, 615.0, 15.9, 15.4, 18.1, 20.7, 21.4, 12.9, 10.8, 14.5, 12.0, 12.5, 13.4, 11.7, 20.6, 9.7, 15.3, 16.5, 10.3, 15.7
310, Jamal Cain , MIA, 24, 16, 7, 9, 225.0, 15.9, 16.0, 17.2, 16.7, 17.0, 23.1, 22.3, 24.1, 12.9, 15.9, 3.6, 7.1, 30.3, 36.4, 14.3, 19.5, 16.1, 17.2
311, Colin Castleton , LAL, 23, 7, 3, 4, 36.0, 15.9, 28.0, 17.5, 0.0, 0.0, 22.2, 17.4, 66.7, 25.0, 34.6, 17.6, 9.1, 0.0, 0.0, 0.0, 50.0, 15.4, 25.4
311, Josh Richardson , MIA, 30, 43, 24, 19, 1103.0, 15.9, 17.4, 18.0, 24.3, 24.4, 11.9, 10.3, 9.4, 14.0, 13.1, 17.9, 11.6, 15.1, 21.5, 8.4, 17.3, 11.4, 17.2
313, Sandro Mamukelashvili , SAS, 24, 35, 8, 27, 223.0, 15.8, 16.2, 17.1, 11.9, 17.5, 13.5, 14.4, 48.8, 25.5, 30.6, 22.3, 12.5, 16.2, 38.1, 26.7, 27.8, 14.3, 15.2
314, Markieff Morris , DAL, 34, 19, 10, 9, 163.0, 15.8, 14.1, 17.1, 25.5, 24.4, 5.2, 5.1, 12.5, 24.3, 21.6, 13.8, 20.8, 20.8, 9.1, 18.2, 18.0, 8.8, 14.1
315, Bruce Brown , TOR, 27, 52, 25, 27, 1463.0, 15.8, 15.1, 16.4, 10.4, 12.9, 18.0, 16.7, 13.8, 19.5, 18.1, 15.1, 13.8, 21.2, 9.3, 17.3, 18.5, 14.4, 15.0
316, Simone Fontecchio , DET, 28, 62, 27, 35, 1499.0, 15.8, 17.1, 17.3, 29.0, 25.9, 8.5, 8.6, 16.7, 15.1, 15.5, 10.6, 13.4, 17.4, 12.3, 14.7, 16.7, 8.7, 17.1
317, Obi Toppin , IND, 26, 65, 36, 29, 1425.0, 15.8, 18.7, 16.9, 20.3, 18.9, 12.3, 12.8, 22.5, 20.0, 20.6, 10.2, 14.0, 15.2, 18.6, 16.3, 17.5, 12.5, 18.0
318, Nic Claxton , BKN, 24, 55, 21, 34, 1629.0, 15.8, 21.6, 15.6, 0.2, 0.3, 18.7, 23.4, 42.7, 36.3, 37.9, 12.7, 15.8, 14.9, 59.7, 19.7, 22.1, 30.9, 18.6
319, Mo Bamba , PHI, 25, 42, 22, 20, 477.0, 15.8, 16.7, 15.3, 11.5, 10.2, 13.1, 15.5, 45.2, 31.9, 35.7, 11.7, 23.3, 15.9, 62.5, 20.7, 29.1, 16.8, 15.5
320, Cody Martin , CHA, 28, 28, 7, 21, 753.0, 15.7, 13.1, 15.6, 13.9, 16.0, 10.2, 13.0, 12.8, 17.9, 16.8, 26.7, 21.0, 29.9, 25.4, 20.2, 17.5, 16.3, 12.9
321, Stanley Umude , DET, 24, 18, 2, 16, 204.0, 15.7, 15.4, 16.5, 36.7, 28.8, 26.2, 23.1, 16.2, 20.0, 19.2, 7.9, 13.4, 17.4, 27.3, 13.6, 28.4, 20.5, 19.5
322, Marcus Morris Sr. , PHI, 34, 37, 22, 15, 637.0, 15.7, 17.0, 17.4, 25.7, 21.3, 10.8, 10.3, 11.7, 22.1, 19.3, 9.3, 12.8, 12.6, 17.2, 8.1, 20.1, 11.3, 16.6
323, Johnny Juzang , UTA, 22, 6, 2, 4, 55.0, 15.7, 12.2, 18.2, 10.0, 23.7, 0.0, 0.0, 12.5, 13.2, 13.0, 13.8, 7.1, 0.0, 0.0, 0.0, 12.5, 6.7, 11.2
324, Kevin Knox II , DET, 24, 31, 4, 27, 560.0, 15.7, 17.7, 17.7, 24.4, 24.5, 9.1, 7.6, 13.6, 15.2, 14.8, 7.3, 13.5, 17.1, 17.1, 16.9, 21.1, 9.7, 16.9
325, AJ Griffin , ATL, 20, 18, 8, 10, 132.0, 15.6, 11.9, 18.7, 19.6, 28.9, 3.2, 2.6, 9.1, 14.5, 13.3, 6.5, 15.0, 4.0, 7.7, 10.0, 13.3, 1.9, 11.3
326, Isaiah Joe , OKC, 24, 60, 42, 18, 1103.0, 15.6, 17.0, 18.0, 35.8, 32.1, 6.4, 6.5, 11.5, 15.5, 14.6, 11.8, 12.5, 16.8, 12.5, 8.6, 14.4, 13.3, 17.1
327, Aaron Holiday , HOU, 27, 61, 28, 33, 1008.0, 15.6, 17.2, 17.2, 26.5, 23.2, 10.3, 8.6, 6.4, 11.6, 10.3, 22.2, 16.5, 18.2, 5.4, 12.0, 20.0, 11.5, 17.1
328, Payton Pritchard , BOS, 26, 63, 49, 14, 1279.0, 15.5, 16.2, 17.1, 23.5, 23.4, 7.1, 7.1, 15.7, 15.6, 15.6, 24.5, 12.5, 16.8, 3.7, 12.6, 17.0, 8.3, 16.0
329, Vince Williams Jr. , MEM, 23, 52, 18, 34, 1437.0, 15.5, 14.6, 14.6, 19.4, 18.0, 21.1, 19.6, 18.8, 24.9, 23.4, 23.1, 20.5, 18.9, 16.9, 12.9, 23.8, 21.6, 16.2
330, Aaron Wiggins , OKC, 25, 61, 44, 17, 891.0, 15.4, 18.6, 16.1, 20.2, 16.0, 11.9, 12.2, 28.7, 15.9, 18.6, 11.1, 16.8, 22.2, 10.8, 20.8, 21.2, 11.1, 17.8
331, Aleksej Pokusevski , CHA, 22, 11, 9, 2, 68.0, 15.4, 11.3, 14.9, 11.5, 19.0, 28.6, 28.6, 18.2, 22.7, 21.8, 12.8, 16.0, 28.6, 28.6, 0.0, 21.7, 15.0, 13.0
332, Collin Gillespie , DEN, 24, 19, 12, 7, 161.0, 15.4, 16.5, 15.4, 27.5, 20.5, 9.3, 10.8, 2.9, 9.9, 8.3, 17.4, 26.3, 34.5, 0.0, 33.3, 28.6, 12.7, 16.7
333, Jaden McDaniels , MIN, 23, 55, 36, 19, 1609.0, 15.4, 16.9, 16.8, 16.6, 18.3, 7.4, 7.8, 14.4, 10.4, 11.3, 9.1, 14.4, 20.3, 17.4, 13.3, 26.7, 10.0, 15.4
334, Brandin Podziemski , GSW, 21, 55, 28, 27, 1476.0, 15.4, 15.3, 16.3, 14.9, 15.4, 8.8, 10.9, 21.6, 21.7, 21.7, 24.1, 17.3, 21.8, 8.3, 14.9, 16.3, 16.8, 14.4
335, Shaquille Harrison , MEM, 30, 3, 1, 2, 6.0, 15.4, 33.3, 20.0, 0.0, 0.0, 0.0, 0.0, 0.0, 50.0, 50.0, 0.0, 0.0, 0.0, 100, 0.0, 0.0, 0.0, 33.3
336, Draymond Green , GSW, 34, 39, 22, 17, 1033.0, 15.3, 14.1, 13.6, 12.3, 11.3, 13.0, 13.6, 21.0, 29.1, 27.2, 35.4, 30.1, 20.3, 37.8, 13.5, 28.5, 23.7, 13.7
337, Jared Rhoden , DET, 24, 6, 1, 5, 42.0, 15.3, 15.0, 16.9, 8.3, 16.7, 7.1, 6.1, 25.0, 14.8, 16.1, 16.7, 18.8, 0.0, 33.3, 50.0, 25.0, 8.0, 12.5
338, Xavier Tillman , BOS, 25, 38, 17, 21, 749.0, 15.3, 16.1, 16.3, 6.2, 9.1, 8.4, 14.6, 34.8, 21.8, 25.0, 15.3, 12.7, 29.5, 37.4, 22.5, 20.5, 13.7, 13.6
339, Rudy Gobert , MIN, 31, 62, 43, 19, 2104.0, 15.3, 18.2, 13.8, 0.0, 0.2, 26.4, 31.6, 53.4, 36.8, 40.4, 6.5, 14.9, 12.7, 50.8, 23.5, 24.2, 34.9, 17.5
340, Christian Braun , DEN, 22, 64, 44, 20, 1225.0, 15.3, 15.2, 15.8, 16.0, 15.1, 20.9, 21.5, 17.9, 20.4, 19.8, 12.7, 12.5, 17.6, 16.7, 23.0, 20.0, 14.6, 16.0
341, Quentin Grimes , DET, 23, 49, 30, 19, 988.0, 15.2, 15.1, 17.2, 29.7, 31.1, 8.7, 8.9, 5.7, 12.0, 10.3, 13.0, 9.9, 24.3, 8.4, 10.6, 18.0, 8.1, 16.0
342, Paul Reed , PHI, 24, 64, 36, 28, 1199.0, 15.2, 18.7, 16.1, 6.3, 5.7, 9.1, 10.3, 48.7, 29.2, 34.8, 14.4, 15.8, 19.0, 43.3, 14.5, 29.2, 16.4, 16.0
343, Patrick Baldwin Jr. , WAS, 21, 21, 3, 18, 164.0, 15.2, 14.7, 16.2, 25.0, 23.1, 15.5, 15.5, 15.9, 29.9, 26.3, 8.7, 13.7, 5.6, 22.2, 11.1, 31.4, 17.1, 16.1
344, Braxton Key , DEN, 27, 17, 12, 5, 55.0, 15.2, 14.3, 17.0, 8.3, 9.1, 22.2, 24.0, 50.0, 30.6, 33.3, 28.6, 7.7, 22.2, 16.7, 33.3, 18.5, 22.2, 14.9
345, Lindy Waters III , OKC, 26, 27, 18, 9, 186.0, 15.2, 17.8, 17.7, 37.5, 32.2, 0.0, 0.0, 5.9, 19.1, 16.4, 15.0, 10.5, 7.7, 22.2, 0.0, 21.8, 0.0, 18.9
346, Brook Lopez , MIL, 35, 62, 41, 21, 1932.0, 15.1, 16.4, 16.7, 19.5, 20.6, 10.2, 9.8, 24.3, 15.9, 17.6, 9.8, 11.0, 15.1, 69.7, 8.7, 21.8, 11.0, 15.7
347, Rayan Rupert , POR, 19, 22, 5, 17, 209.0, 15.1, 13.7, 15.9, 18.8, 16.9, 12.7, 12.3, 20.6, 19.2, 19.7, 19.4, 14.7, 13.5, 0.0, 23.5, 21.3, 10.7, 14.3
348, Gradey Dick , TOR, 20, 43, 16, 27, 747.0, 15.0, 16.3, 17.1, 28.7, 25.8, 9.1, 7.4, 10.5, 13.1, 12.4, 11.0, 10.7, 18.3, 0.0, 18.3, 20.1, 9.3, 16.6
349, Filip Petrusev , SAC, 23, 3, 2, 1, 9.0, 15.0, 11.1, 14.3, 0.0, 0.0, 50.0, 40.0, 0.0, 11.1, 11.1, 0.0, 0.0, 0.0, 0.0, 0.0, 50.0, 20.0, 13.6
350, James Wiseman , DET, 22, 44, 5, 39, 647.0, 14.9, 21.6, 14.9, 0.0, 0.5, 13.0, 16.6, 50.4, 30.3, 35.4, 8.9, 18.3, 9.5, 37.1, 10.8, 33.2, 15.4, 18.0
351, DeAndre Jordan , DEN, 35, 29, 19, 10, 327.0, 14.9, 17.7, 12.6, 0.0, 0.0, 26.2, 36.8, 51.6, 37.8, 41.9, 12.1, 19.4, 15.2, 34.2, 21.4, 30.8, 38.3, 16.8
352, Daniel Theis , LAC, 31, 48, 34, 14, 826.0, 14.9, 16.8, 15.3, 8.4, 9.1, 10.7, 12.4, 43.2, 22.5, 27.3, 11.0, 17.1, 13.6, 40.2, 27.2, 29.2, 14.7, 15.0
353, Matt Ryan , NOP, 26, 19, 11, 8, 350.0, 14.9, 15.6, 16.1, 40.4, 32.7, 10.0, 8.1, 7.2, 13.4, 11.9, 8.6, 14.9, 11.1, 2.7, 2.7, 19.6, 10.7, 17.6
354, Isaiah Stewart , DET, 22, 41, 7, 34, 1266.0, 14.8, 14.9, 15.1, 20.7, 19.9, 13.4, 14.2, 23.2, 23.8, 23.6, 9.6, 14.9, 10.6, 23.4, 10.5, 16.3, 16.3, 15.2
355, Jules Bernard , WAS, 24, 8, 1, 7, 36.0, 14.8, 12.1, 16.0, 25.0, 28.1, 10.0, 9.5, 15.8, 12.0, 13.6, 27.8, 13.3, 12.5, 16.7, 14.3, 26.7, 18.8, 13.1
356, Troy Brown Jr. , DET, 24, 44, 28, 16, 495.0, 14.8, 14.8, 16.3, 27.1, 27.4, 10.8, 9.7, 15.4, 20.0, 19.0, 15.3, 13.0, 14.1, 3.6, 8.8, 14.4, 9.0, 15.5
357, Tre Jones , SAS, 24, 59, 13, 46, 1555.0, 14.8, 15.5, 14.7, 9.6, 11.2, 16.0, 14.5, 12.5, 14.4, 13.9, 35.6, 17.9, 22.5, 3.3, 14.3, 12.4, 17.4, 14.9
358, E.J. Liddell , NOP, 23, 8, 3, 5, 23.0, 14.8, 6.3, 16.2, 0.0, 27.8, 11.8, 9.5, 0.0, 35.7, 26.3, 16.7, 25.0, 33.3, 66.7, 0.0, 50.0, 7.7, 7.7
359, Orlando Robinson , MIA, 23, 28, 15, 13, 276.0, 14.8, 14.6, 14.1, 8.6, 7.3, 16.1, 17.6, 40.7, 28.9, 31.7, 19.5, 18.3, 18.4, 43.8, 18.8, 29.9, 18.9, 14.1
360, Luguentz Dort , OKC, 24, 62, 43, 19, 1762.0, 14.7, 13.5, 15.5, 25.7, 25.2, 13.1, 13.2, 19.9, 14.0, 15.2, 8.1, 12.4, 19.5, 16.8, 15.5, 25.5, 17.3, 14.8
361, Ty Jerome , CLE, 26, 2, 1, 1, 15.0, 14.7, 15.4, 14.8, 0.0, 9.1, 0.0, 0.0, 33.3, 0.0, 10.0, 42.9, 25.0, 0.0, 0.0, 0.0, 20.0, 0.0, 12.5
362, Harrison Barnes , SAC, 31, 63, 36, 27, 1837.0, 14.7, 15.8, 15.6, 22.2, 20.1, 19.7, 18.2, 13.0, 10.3, 10.9, 6.4, 8.8, 14.7, 7.9, 9.7, 11.1, 17.8, 17.1
363, Cedi Osman , SAS, 28, 63, 13, 50, 1099.0, 14.7, 16.5, 15.9, 24.7, 22.4, 9.7, 11.0, 9.9, 18.7, 16.5, 16.0, 13.0, 21.2, 7.0, 14.7, 19.8, 14.8, 16.5
364, Killian Hayes , DET, 22, 42, 7, 35, 1008.0, 14.7, 13.3, 15.3, 10.1, 11.9, 10.8, 12.4, 5.6, 15.8, 13.6, 34.7, 15.7, 28.8, 18.9, 9.8, 17.2, 14.5, 12.6
365, Mike Conley , MIN, 36, 60, 42, 18, 1734.0, 14.6, 14.6, 16.0, 29.4, 27.0, 11.3, 9.9, 7.8, 12.1, 11.2, 39.1, 12.8, 25.0, 5.7, 7.3, 14.9, 11.9, 15.7
366, Patrick Beverley , MIL, 35, 60, 36, 24, 1152.0, 14.6, 14.0, 14.8, 20.1, 19.3, 11.8, 11.9, 15.0, 19.2, 18.1, 32.8, 20.1, 17.8, 18.2, 7.9, 20.9, 14.9, 14.1
367, Devonte' Graham , SAS, 29, 13, 4, 9, 111.0, 14.6, 13.7, 15.8, 25.0, 26.4, 14.0, 13.8, 7.7, 21.9, 18.2, 27.5, 11.5, 22.2, 5.9, 9.1, 15.4, 11.1, 15.2
368, Doug McDermott , IND, 32, 52, 14, 38, 766.0, 14.6, 14.8, 16.3, 39.2, 31.7, 4.7, 6.2, 5.9, 8.0, 7.5, 12.6, 11.0, 10.8, 2.2, 9.5, 17.4, 4.6, 16.2
369, Derrick Jones Jr. , DAL, 27, 59, 33, 26, 1397.0, 14.6, 15.3, 15.0, 16.8, 16.7, 15.0, 16.1, 22.7, 14.8, 16.6, 7.9, 14.2, 23.2, 26.8, 15.1, 17.9, 16.3, 15.5
370, Alex Caruso , CHI, 30, 55, 27, 28, 1512.0, 14.5, 14.8, 14.8, 25.8, 23.9, 10.5, 11.0, 15.8, 15.2, 15.3, 21.5, 18.4, 33.6, 36.9, 11.8, 25.3, 17.4, 15.3
371, Charlie Brown Jr. , NYK, 27, 8, 2, 6, 37.0, 14.5, 6.9, 14.9, 20.0, 23.3, 0.0, 0.0, 10.0, 3.8, 5.6, 0.0, 16.7, 0.0, 40.0, 100, 33.3, 9.1, 7.9
372, Jeff Green , HOU, 37, 60, 27, 33, 976.0, 14.4, 14.7, 14.0, 12.1, 13.1, 23.0, 21.9, 15.9, 13.6, 14.2, 12.0, 14.7, 6.5, 24.3, 8.8, 18.3, 19.5, 16.0
373, Ashton Hagans , POR, 24, 12, 2, 10, 193.0, 14.4, 11.1, 12.4, 7.7, 10.3, 11.8, 11.6, 12.5, 17.1, 15.6, 34.8, 27.1, 25.9, 31.8, 20.6, 25.0, 13.2, 10.9
374, Herbert Jones , NOP, 25, 59, 37, 22, 1732.0, 14.4, 15.0, 14.6, 21.6, 19.1, 16.3, 14.5, 16.6, 12.0, 13.1, 14.4, 15.1, 26.5, 23.4, 17.1, 24.4, 16.4, 15.9
375, Olivier-Maxence Prosper , DAL, 21, 33, 19, 14, 260.0, 14.4, 12.1, 14.9, 11.8, 16.6, 24.7, 24.1, 23.7, 23.8, 23.8, 14.6, 7.1, 14.7, 15.8, 17.9, 18.1, 19.3, 14.0
376, Grant Williams , CHA, 25, 60, 30, 30, 1643.0, 14.4, 13.4, 14.5, 19.9, 18.9, 13.2, 13.2, 21.3, 16.0, 17.2, 13.8, 18.4, 14.7, 20.8, 17.4, 27.2, 16.1, 14.2
377, Chris Paul , GSW, 38, 39, 20, 19, 1048.0, 14.3, 14.0, 15.2, 18.4, 17.2, 10.9, 10.1, 4.7, 18.4, 14.8, 44.3, 15.8, 31.0, 3.8, 7.4, 14.6, 11.1, 14.1
378, Jordan Miller , LAC, 24, 6, 5, 1, 22.0, 14.3, 23.5, 15.4, 16.7, 7.1, 28.6, 28.6, 33.3, 16.7, 22.2, 0.0, 11.1, 0.0, 0.0, 0.0, 25.0, 25.0, 23.4
378, Neemias Queta , BOS, 24, 23, 19, 4, 283.0, 14.3, 18.2, 14.7, 0.0, 0.0, 16.1, 17.2, 48.4, 28.6, 34.7, 6.9, 13.0, 25.0, 48.3, 36.0, 39.1, 18.8, 15.3
378, Pete Nance , CLE, 24, 3, 1, 2, 7.0, 14.3, 0.0, 22.2, 0.0, 0.0, 0.0, 0.0, 0.0, 20.0, 20.0, 0.0, 0.0, 0.0, 0.0, 0.0, 0.0, 0.0, 0.0
381, Daniel Gafford , DAL, 25, 57, 16, 41, 1409.0, 14.2, 18.9, 13.2, 0.0, 0.0, 23.5, 26.1, 57.8, 30.0, 36.2, 9.1, 14.7, 23.8, 56.3, 19.2, 30.7, 26.5, 17.6
382, Julian Champagnie , SAS, 22, 56, 11, 45, 954.0, 14.1, 12.6, 15.0, 26.1, 26.6, 14.8, 14.3, 16.3, 17.4, 17.2, 11.7, 12.5, 20.1, 19.7, 13.8, 17.6, 11.9, 14.5
383, Dominick Barlow , SAS, 20, 26, 5, 21, 350.0, 14.1, 15.7, 14.2, 3.1, 3.2, 20.3, 24.1, 40.9, 24.4, 29.2, 14.7, 6.6, 20.8, 38.2, 12.2, 29.9, 21.5, 15.0
384, Moses Brown , POR, 24, 13, 4, 9, 114.0, 14.0, 17.2, 14.9, 0.0, 0.0, 2.8, 13.2, 62.9, 44.0, 50.0, 7.3, 14.0, 14.3, 36.4, 38.9, 38.5, 25.0, 12.8
385, Davion Mitchell , SAC, 25, 53, 31, 22, 719.0, 14.0, 14.9, 15.4, 18.8, 17.7, 9.3, 9.3, 6.1, 9.5, 8.7, 21.6, 13.7, 11.6, 5.6, 13.6, 21.2, 12.5, 14.6
386, Gui Santos , GSW, 21, 17, 11, 6, 147.0, 14.0, 14.2, 13.4, 18.9, 14.2, 26.9, 22.7, 30.6, 23.4, 25.4, 13.3, 14.6, 16.7, 10.0, 22.2, 26.2, 17.9, 16.5
387, Dylan Windler , ATL, 27, 11, 6, 5, 35.0, 13.9, 16.1, 18.6, 50.0, 38.5, 0.0, 0.0, 0.0, 13.8, 12.1, 33.3, 0.0, 0.0, 0.0, 0.0, 21.4, 0.0, 18.1
387, Robin Lopez , MIL, 35, 16, 10, 6, 65.0, 13.9, 13.2, 16.2, 9.5, 13.6, 20.0, 13.3, 23.1, 5.0, 9.4, 13.8, 8.3, 10.0, 75.0, 16.7, 24.1, 28.6, 13.1
389, Oshae Brissett , BOS, 25, 40, 33, 7, 427.0, 13.9, 13.3, 13.5, 8.2, 11.1, 25.5, 28.6, 29.1, 22.9, 24.7, 13.3, 10.7, 27.6, 9.1, 14.3, 22.3, 23.2, 14.2
390, Malik Beasley , MIL, 27, 63, 40, 23, 1875.0, 13.9, 14.9, 16.0, 31.7, 27.7, 2.4, 2.9, 10.9, 14.1, 13.5, 8.5, 9.5, 20.2, 3.1, 13.9, 18.8, 4.4, 15.0
391, Mason Plumlee , LAC, 34, 29, 19, 10, 484.0, 13.9, 14.8, 11.8, 0.0, 0.0, 26.2, 30.6, 48.9, 38.0, 40.3, 13.3, 16.8, 12.3, 25.0, 18.8, 24.9, 29.8, 14.8
392, Jeremiah Robinson-Earl , NOP, 23, 27, 15, 12, 261.0, 13.8, 16.6, 15.1, 21.1, 17.2, 11.7, 10.7, 22.7, 22.1, 22.3, 8.7, 12.2, 28.1, 18.2, 14.3, 16.2, 11.4, 16.2
393, Isaac Okoro , CLE, 23, 55, 35, 20, 1479.0, 13.8, 15.2, 14.3, 16.2, 14.5, 17.0, 18.5, 18.3, 11.0, 12.6, 12.6, 10.8, 20.9, 19.4, 19.2, 20.3, 16.7, 15.6
394, Mouhamadou Gueye , TOR, 25, 2, 0, 2, 10.0, 13.8, 12.5, 19.0, 0.0, 0.0, 0.0, 0.0, 50.0, 20.0, 31.3, 0.0, 0.0, 0.0, 100, 0.0, 40.0, 25.0, 9.5
395, MarJon Beauchamp , MIL, 23, 45, 29, 16, 589.0, 13.8, 14.1, 14.5, 17.0, 16.6, 8.4, 9.6, 20.8, 18.4, 18.9, 9.8, 15.6, 12.9, 10.5, 22.9, 19.0, 8.8, 13.5
396, Chris Duarte , SAC, 26, 43, 25, 18, 569.0, 13.8, 12.0, 14.6, 18.9, 19.5, 14.1, 12.1, 13.1, 16.9, 15.8, 11.4, 12.2, 27.7, 11.4, 15.3, 28.4, 17.6, 13.1
397, Trevelin Queen , ORL, 27, 13, 5, 8, 163.0, 13.8, 11.5, 14.9, 5.7, 13.3, 15.0, 14.1, 11.1, 15.2, 14.4, 21.4, 12.7, 23.3, 29.4, 0.0, 20.8, 17.5, 11.2
398, Bryce McGowens , CHA, 21, 50, 9, 41, 789.0, 13.8, 13.9, 13.9, 16.0, 16.9, 20.1, 21.6, 11.5, 15.2, 14.4, 12.1, 11.5, 19.4, 9.5, 17.7, 22.8, 21.8, 15.1
399, Blake Wesley , SAS, 20, 43, 11, 32, 573.0, 13.8, 14.0, 12.5, 3.9, 7.5, 16.2, 19.1, 8.5, 11.3, 10.6, 34.2, 23.0, 24.7, 11.5, 11.9, 28.6, 15.4, 13.3
400, Grayson Allen , PHX, 28, 58, 34, 24, 1949.0, 13.7, 14.2, 14.4, 29.7, 25.2, 12.4, 11.3, 9.4, 14.0, 13.0, 16.1, 13.1, 17.4, 16.1, 10.8, 17.0, 13.7, 15.5
401, Bilal Coulibaly , WAS, 19, 60, 11, 49, 1619.0, 13.7, 12.7, 13.4, 15.0, 14.4, 14.9, 16.0, 16.6, 18.6, 18.1, 11.1, 17.0, 18.6, 25.5, 21.8, 19.1, 14.4, 13.3
402, Nickeil Alexander-Walker , MIN, 25, 65, 44, 21, 1516.0, 13.7, 13.5, 15.4, 22.8, 23.8, 6.4, 6.4, 10.7, 9.4, 9.7, 20.1, 13.5, 22.4, 17.1, 14.9, 18.2, 10.4, 13.5
403, Taylor Hendricks , UTA, 20, 23, 10, 13, 401.0, 13.7, 14.4, 15.1, 20.7, 21.8, 6.5, 6.8, 25.0, 22.1, 22.9, 5.8, 12.6, 22.6, 29.5, 10.6, 24.4, 6.3, 14.0
404, Trey Lyles , SAC, 28, 48, 28, 20, 960.0, 13.7, 13.5, 14.6, 22.8, 22.8, 12.7, 13.5, 22.4, 24.4, 23.9, 10.0, 11.2, 10.7, 14.7, 9.8, 18.4, 14.3, 14.6
405, Kyle Anderson , MIN, 30, 62, 43, 19, 1383.0, 13.7, 13.4, 13.4, 2.5, 4.3, 13.0, 14.6, 16.4, 17.4, 17.2, 34.8, 18.1, 20.9, 17.1, 11.3, 16.8, 12.8, 12.2
406, Toumani Camara , POR, 23, 60, 18, 42, 1448.0, 13.6, 13.9, 13.7, 13.7, 14.4, 13.0, 13.6, 28.2, 19.6, 22.3, 9.5, 15.1, 23.6, 21.5, 12.0, 24.3, 17.3, 13.7
407, Richaun Holmes , WAS, 30, 33, 10, 23, 382.0, 13.6, 17.3, 13.5, 1.3, 0.4, 15.1, 16.6, 47.0, 27.6, 33.1, 9.7, 15.5, 16.0, 43.3, 22.7, 31.3, 14.8, 15.5
408, Mike Muscala , OKC, 32, 39, 9, 30, 527.0, 13.6, 11.3, 14.5, 16.9, 20.6, 10.4, 11.2, 31.1, 21.2, 23.4, 11.5, 11.8, 11.6, 27.3, 18.5, 22.4, 13.4, 11.9
409, Dorian Finney-Smith , BKN, 30, 56, 23, 33, 1593.0, 13.5, 13.7, 14.7, 22.1, 22.4, 4.9, 5.2, 26.3, 15.5, 18.2, 10.5, 12.7, 19.2, 19.5, 11.1, 21.4, 6.7, 13.7
410, Gary Payton II , GSW, 31, 28, 16, 12, 435.0, 13.4, 17.8, 15.1, 10.1, 10.5, 5.0, 6.2, 27.6, 15.6, 19.0, 10.3, 12.9, 31.2, 24.4, 19.5, 24.7, 9.3, 14.7
411, Nick Richards , CHA, 26, 54, 11, 43, 1419.0, 13.4, 18.2, 12.0, 0.0, 0.1, 27.3, 29.0, 50.0, 31.8, 36.2, 6.2, 13.8, 10.9, 47.6, 18.1, 26.8, 25.8, 17.5
412, Matt Hurt , MEM, 23, 8, 2, 6, 113.0, 13.4, 15.6, 17.4, 20.0, 23.5, 5.9, 4.3, 25.7, 10.0, 15.2, 9.8, 4.4, 16.7, 25.0, 10.0, 21.6, 9.6, 13.9
413, Sam Hauser , BOS, 26, 62, 49, 13, 1286.0, 13.4, 14.7, 15.4, 28.6, 26.3, 3.4, 3.1, 11.7, 17.4, 16.0, 8.3, 8.7, 13.8, 10.1, 8.6, 17.3, 3.1, 15.2
414, Drew Eubanks , PHX, 27, 58, 31, 27, 922.0, 13.4, 17.2, 12.5, 1.6, 0.5, 15.4, 16.8, 39.6, 27.2, 30.2, 11.8, 17.9, 16.4, 37.7, 18.9, 25.9, 17.6, 15.4
415, Royce O'Neale , PHX, 30, 61, 26, 35, 1557.0, 13.3, 12.5, 14.8, 26.7, 26.8, 3.6, 4.0, 12.5, 22.7, 20.0, 20.8, 12.9, 19.0, 20.3, 10.0, 22.4, 6.2, 12.9
416, Josh Hart , NYK, 29, 63, 36, 27, 2002.0, 13.3, 12.8, 13.7, 12.9, 14.1, 8.4, 8.6, 15.8, 28.6, 24.8, 22.6, 16.2, 18.0, 11.2, 15.3, 17.2, 10.9, 12.1
417, Kris Murray , POR, 23, 43, 9, 34, 723.0, 13.3, 13.0, 14.3, 14.5, 18.4, 7.5, 9.0, 19.3, 17.6, 18.2, 14.2, 12.1, 28.5, 14.5, 15.4, 16.3, 9.6, 12.3
418, Onyeka Okongwu , ATL, 23, 53, 23, 30, 1367.0, 13.3, 17.4, 13.6, 5.3, 5.7, 14.9, 15.4, 44.7, 25.2, 30.3, 9.5, 11.8, 10.5, 50.4, 16.0, 29.2, 14.8, 15.5
419, Trey Jemison , MEM, 24, 13, 2, 11, 228.0, 13.3, 15.4, 13.0, 0.0, 0.0, 13.3, 12.9, 48.8, 19.9, 26.0, 8.1, 14.9, 13.5, 50.0, 32.0, 41.4, 17.7, 13.2
420, Jacob Toppin , NYK, 23, 9, 2, 7, 38.0, 13.3, 19.2, 14.1, 10.0, 14.8, 16.7, 14.3, 60.0, 20.0, 28.0, 20.0, 8.3, 0.0, 50.0, 25.0, 23.1, 7.1, 17.6
421, Jaylin Williams , OKC, 21, 52, 37, 15, 658.0, 13.2, 12.0, 14.4, 19.7, 21.5, 9.1, 9.5, 23.4, 31.8, 30.0, 19.4, 11.4, 17.5, 30.3, 12.9, 27.4, 16.0, 12.5
422, Kris Dunn , UTA, 29, 56, 25, 31, 1029.0, 13.2, 12.6, 12.7, 10.8, 10.7, 4.9, 6.1, 15.0, 16.0, 15.7, 33.3, 22.0, 35.5, 21.5, 11.5, 25.0, 7.1, 11.3
423, T.J. Warren , MIN, 30, 3, 1, 2, 51.0, 13.2, 17.8, 14.6, 6.3, 12.8, 0.0, 0.0, 14.3, 16.2, 15.7, 7.7, 18.2, 25.0, 0.0, 0.0, 28.6, 0.0, 13.6
424, Walker Kessler , UTA, 22, 52, 25, 27, 1213.0, 13.1, 18.6, 13.6, 1.3, 2.2, 9.6, 13.6, 43.8, 29.2, 33.1, 6.8, 13.2, 15.7, 73.2, 17.5, 25.8, 14.3, 15.3
425, Onuralp Bitim , CHI, 24, 8, 4, 4, 96.0, 13.1, 12.0, 14.5, 30.8, 28.6, 9.1, 8.3, 9.5, 14.7, 13.5, 5.7, 12.0, 12.5, 12.5, 20.0, 14.3, 10.6, 13.9
426, Taurean Prince , LAL, 29, 63, 34, 29, 1796.0, 13.1, 13.0, 14.5, 26.8, 26.5, 5.6, 6.0, 4.9, 13.8, 12.1, 9.7, 11.9, 18.5, 14.4, 10.2, 21.4, 7.3, 13.2
427, Jalen Wilson , BKN, 23, 27, 8, 19, 393.0, 13.1, 12.7, 14.1, 15.4, 15.3, 18.7, 15.6, 27.2, 18.4, 21.3, 13.8, 9.5, 14.3, 3.0, 17.1, 20.4, 11.8, 13.8
428, Chris Livingston , MIL, 20, 16, 10, 6, 69.0, 13.0, 11.1, 13.4, 4.8, 6.4, 12.5, 9.5, 20.0, 27.7, 26.3, 13.5, 20.0, 28.6, 0.0, 27.3, 23.9, 7.1, 10.4
429, Kyle Lowry , PHI, 37, 45, 24, 21, 1274.0, 13.0, 12.3, 13.0, 22.3, 21.6, 9.2, 8.8, 10.8, 15.2, 14.0, 28.5, 18.3, 23.2, 16.7, 10.2, 21.8, 15.3, 12.9
430, Max Christie , LAL, 21, 52, 28, 24, 824.0, 13.0, 12.2, 14.0, 18.2, 19.4, 10.1, 9.8, 9.7, 17.7, 16.4, 11.2, 13.4, 14.9, 16.2, 22.2, 18.7, 7.7, 12.4
431, Keita Bates-Diop , BKN, 28, 49, 29, 20, 651.0, 13.0, 14.1, 15.1, 14.4, 16.8, 10.2, 10.9, 22.6, 18.0, 19.1, 11.2, 7.4, 27.0, 22.7, 21.4, 13.8, 8.9, 13.3
432, Alex Len , SAC, 30, 29, 14, 15, 252.0, 12.9, 14.0, 11.3, 0.0, 1.3, 9.5, 16.2, 46.5, 28.2, 33.3, 18.6, 28.6, 22.9, 50.0, 22.6, 30.0, 17.2, 11.6
433, Yuta Watanabe , MEM, 29, 34, 18, 16, 464.0, 12.9, 10.9, 14.0, 21.2, 25.4, 5.9, 7.9, 11.2, 14.1, 13.4, 6.6, 12.7, 16.7, 11.3, 10.7, 21.8, 7.3, 11.2
434, Josh Green , DAL, 23, 51, 29, 22, 1385.0, 12.9, 13.3, 13.4, 15.5, 15.2, 7.7, 8.6, 13.5, 14.1, 14.0, 16.1, 15.2, 22.5, 7.6, 24.2, 17.6, 12.2, 12.8
435, Terance Mann , LAC, 27, 57, 38, 19, 1443.0, 12.9, 14.2, 14.2, 14.4, 16.2, 9.9, 10.1, 22.5, 12.3, 14.8, 12.9, 9.1, 13.7, 9.9, 15.9, 20.3, 11.0, 13.6
436, Ochai Agbaji , TOR, 23, 63, 29, 34, 1208.0, 12.9, 12.7, 14.4, 17.8, 19.5, 5.4, 5.8, 15.9, 12.8, 13.6, 8.3, 11.6, 22.1, 20.4, 18.4, 17.2, 6.8, 12.2
437, Patty Mills , MIA, 35, 21, 9, 12, 232.0, 12.9, 13.4, 14.1, 26.6, 21.6, 0.0, 0.0, 8.2, 11.9, 10.9, 11.7, 16.1, 25.7, 5.3, 7.4, 20.0, 6.8, 13.1
438, Olivier Sarr , OKC, 25, 14, 7, 7, 95.0, 12.9, 14.3, 11.7, 6.5, 8.0, 32.3, 39.5, 43.5, 33.3, 35.7, 4.7, 8.6, 0.0, 53.8, 0.0, 56.3, 33.3, 15.7
439, Jordan McLaughlin , MIN, 27, 39, 23, 16, 360.0, 12.9, 13.3, 14.2, 25.8, 21.1, 5.8, 6.8, 16.1, 13.1, 13.7, 31.8, 13.0, 34.2, 15.4, 11.4, 15.8, 11.6, 13.9
440, Delon Wright , MIA, 31, 36, 8, 28, 511.0, 12.9, 12.0, 13.9, 11.7, 11.3, 16.6, 14.9, 13.6, 14.1, 14.0, 31.7, 7.3, 44.2, 18.8, 13.8, 11.1, 15.9, 12.6
441, Damian Jones , CLE, 28, 28, 20, 8, 187.0, 12.9, 16.2, 12.9, 5.1, 5.2, 25.5, 20.0, 32.4, 23.1, 25.3, 14.3, 15.6, 25.0, 64.7, 13.3, 27.1, 20.9, 16.2
442, Tristan Thompson , CLE, 32, 36, 24, 12, 446.0, 12.8, 15.7, 11.7, 0.0, 0.3, 8.6, 18.2, 52.7, 25.0, 32.1, 16.2, 18.0, 13.8, 34.4, 22.9, 25.4, 23.6, 12.5
443, Chuma Okeke , ORL, 25, 38, 17, 21, 395.0, 12.8, 13.9, 15.3, 21.1, 23.5, 1.4, 2.5, 18.2, 20.6, 19.9, 10.5, 10.2, 14.8, 17.9, 6.7, 11.0, 2.0, 12.7
444, Keyontae Johnson , OKC, 23, 9, 7, 2, 66.0, 12.8, 9.6, 14.0, 6.7, 6.8, 0.0, 0.0, 28.6, 11.8, 15.4, 12.9, 13.8, 10.0, 0.0, 33.3, 27.8, 0.0, 7.9
445, Kentavious Caldwell-Pope , DEN, 31, 58, 41, 17, 1845.0, 12.8, 11.7, 13.4, 19.6, 19.6, 14.6, 12.3, 6.3, 8.8, 8.2, 11.4, 11.9, 27.4, 14.5, 7.7, 17.6, 11.7, 12.9
446, Cam Reddish , LAL, 24, 40, 22, 18, 886.0, 12.8, 11.1, 13.5, 17.2, 17.9, 11.5, 11.4, 14.0, 11.1, 11.7, 9.2, 11.4, 26.6, 12.2, 21.7, 19.5, 11.5, 11.7
447, Dru Smith , MIA, 26, 9, 7, 2, 131.0, 12.8, 16.7, 14.1, 25.9, 18.5, 3.5, 3.2, 20.7, 9.9, 12.7, 28.0, 13.5, 34.6, 23.1, 8.3, 25.5, 10.3, 14.8
448, KJ Martin , PHI, 23, 47, 25, 22, 541.0, 12.7, 15.1, 13.1, 5.1, 6.2, 7.4, 10.8, 19.2, 19.1, 19.1, 12.1, 14.4, 17.1, 12.1, 25.7, 28.6, 9.8, 12.9
449, Jock Landale , HOU, 28, 38, 16, 22, 352.0, 12.7, 12.0, 13.1, 4.4, 8.0, 16.0, 14.4, 42.9, 14.9, 23.2, 17.2, 10.5, 16.1, 36.6, 29.8, 22.9, 16.2, 11.8
450, Johnny Davis , WAS, 22, 33, 4, 29, 325.0, 12.6, 11.1, 14.0, 6.9, 8.2, 6.3, 8.8, 18.4, 14.4, 15.4, 8.1, 8.5, 17.5, 9.4, 10.2, 21.4, 9.9, 9.9
451, Ben Simmons , BKN, 27, 15, 7, 8, 359.0, 12.6, 13.3, 10.6, 0.0, 0.0, 7.5, 13.8, 37.8, 33.5, 34.5, 38.9, 29.3, 22.2, 26.5, 10.3, 28.1, 18.4, 11.1
452, Furkan Korkmaz , PHI, 26, 35, 22, 13, 300.0, 12.6, 11.5, 14.2, 19.4, 19.8, 8.4, 9.4, 5.6, 14.2, 11.8, 15.8, 10.5, 21.2, 10.7, 6.9, 12.5, 10.5, 11.6
453, Ben Sheppard , IND, 22, 40, 21, 19, 479.0, 12.5, 11.9, 14.3, 27.0, 26.4, 9.2, 8.7, 8.0, 16.2, 14.2, 9.3, 6.0, 25.0, 3.5, 13.6, 25.4, 8.1, 13.1
454, Kenrich Williams , OKC, 29, 52, 38, 14, 743.0, 12.5, 12.9, 14.5, 18.7, 20.0, 1.1, 2.9, 28.1, 21.6, 23.0, 16.4, 10.2, 19.3, 5.7, 17.1, 24.0, 8.4, 11.8
455, D.J. Carton , TOR, 23, 4, 2, 2, 36.0, 12.5, 13.0, 12.9, 20.0, 15.4, 26.7, 31.3, 33.3, 9.5, 14.8, 21.4, 7.7, 20.0, 0.0, 0.0, 17.6, 25.0, 16.7
455, JD Davison , BOS, 21, 3, 3, 0, 6.0, 12.5, 0.0, 11.1, 0.0, 14.3, 66.7, 50.0, 50.0, 14.3, 22.2, 0.0, 0.0, 0.0, 0.0, 0.0, 0.0, 50.0, 18.2
455, Nassir Little , PHX, 24, 34, 21, 13, 426.0, 12.5, 14.5, 14.3, 20.9, 21.8, 10.0, 9.4, 13.7, 19.0, 17.7, 9.6, 9.0, 14.5, 15.2, 13.6, 20.4, 11.0, 14.3
455, Thaddeus Young , PHX, 35, 25, 6, 19, 379.0, 12.5, 16.8, 13.5, 1.1, 2.6, 3.6, 7.6, 41.4, 21.4, 26.9, 21.6, 12.6, 31.1, 10.0, 17.4, 30.7, 9.0, 13.1
459, Goga Bitadze , ORL, 24, 52, 27, 25, 906.0, 12.5, 15.3, 11.7, 1.0, 2.1, 14.7, 16.8, 45.0, 27.0, 31.8, 17.4, 14.5, 20.8, 55.1, 16.0, 26.2, 18.6, 13.8
460, Noah Clowney , BKN, 19, 9, 4, 5, 82.0, 12.4, 16.2, 12.2, 4.8, 7.0, 17.6, 15.4, 37.5, 22.5, 26.8, 17.0, 13.0, 15.4, 16.7, 11.8, 23.1, 15.6, 15.2
461, Josh Okogie , PHX, 25, 54, 33, 21, 926.0, 12.4, 10.9, 12.3, 12.2, 14.5, 16.7, 18.2, 32.0, 12.4, 17.5, 13.4, 10.7, 29.0, 19.6, 17.0, 18.0, 21.9, 12.2
462, Cason Wallace , OKC, 20, 64, 45, 19, 1307.0, 12.4, 14.3, 14.1, 20.7, 19.6, 5.2, 5.4, 17.6, 12.1, 13.3, 12.5, 8.2, 19.4, 15.3, 11.3, 18.6, 6.4, 13.8
463, Thanasis Antetokounmpo , MIL, 31, 27, 18, 9, 126.0, 12.3, 11.9, 11.5, 0.0, 0.9, 0.0, 5.7, 37.5, 4.6, 9.7, 19.7, 20.8, 22.7, 30.8, 23.1, 36.8, 17.2, 8.8
464, Dyson Daniels , NOP, 20, 52, 30, 22, 1139.0, 12.3, 11.1, 12.4, 11.1, 14.4, 7.0, 8.5, 19.0, 18.2, 18.4, 21.9, 17.5, 34.4, 19.1, 10.6, 18.6, 8.1, 10.4
465, Robert Williams III , POR, 26, 6, 2, 4, 119.0, 12.2, 18.1, 11.6, 0.0, 0.0, 15.6, 15.0, 32.4, 34.6, 33.9, 10.0, 21.2, 31.8, 46.7, 19.0, 30.9, 16.3, 16.0
466, Keon Ellis , SAC, 24, 38, 23, 15, 454.0, 12.2, 10.9, 12.7, 20.9, 22.3, 7.8, 8.9, 16.0, 12.0, 13.0, 16.6, 14.8, 28.8, 30.4, 6.0, 29.0, 13.8, 11.8
467, Dereon Seabron , NOP, 23, 6, 3, 3, 55.0, 12.2, 8.5, 14.1, 6.3, 6.9, 17.2, 18.2, 10.0, 12.5, 12.1, 16.7, 0.0, 33.3, 16.7, 20.0, 15.4, 14.3, 10.1
468, Isaiah Livers , WAS, 25, 23, 1, 22, 469.0, 12.2, 10.2, 13.6, 19.1, 22.8, 6.8, 7.6, 15.2, 11.5, 12.5, 10.2, 10.5, 19.1, 13.5, 14.8, 20.2, 7.9, 10.6
469, Kessler Edwards , SAC, 23, 39, 24, 15, 189.0, 12.2, 14.1, 15.6, 27.9, 23.6, 6.8, 7.1, 10.2, 19.2, 16.8, 9.6, 1.7, 15.4, 20.0, 21.1, 28.1, 13.7, 14.5
470, Caleb Houstan , ORL, 21, 48, 24, 24, 697.0, 12.2, 12.2, 14.2, 33.3, 30.7, 7.9, 7.3, 13.9, 10.9, 11.7, 8.4, 7.6, 13.6, 4.4, 1.8, 18.8, 5.9, 14.0
471, Julian Phillips , CHI, 20, 38, 19, 19, 283.0, 12.2, 11.4, 12.8, 14.1, 18.7, 10.3, 11.7, 13.3, 11.8, 12.2, 8.2, 12.2, 9.8, 15.4, 13.2, 28.1, 13.8, 11.5
472, Torrey Craig , CHI, 33, 35, 14, 21, 721.0, 12.1, 12.1, 12.7, 23.2, 21.4, 8.9, 9.3, 30.3, 22.1, 24.4, 10.8, 13.4, 16.4, 25.4, 7.8, 27.5, 9.1, 12.8
473, Mason Jones , SAC, 25, 1, 0, 1, 13.0, 12.1, 0.0, 11.5, 0.0, 22.2, 33.3, 40.0, 20.0, 27.3, 25.0, 66.7, 0.0, 0.0, 0.0, 33.3, 0.0, 40.0, 3.7
474, Haywood Highsmith , MIA, 27, 48, 28, 20, 950.0, 12.1, 12.8, 13.7, 21.0, 20.6, 5.6, 5.8, 21.8, 14.2, 15.9, 9.2, 9.4, 26.1, 34.7, 12.2, 26.3, 7.9, 12.4
475, Anthony Black , ORL, 20, 59, 32, 27, 1088.0, 12.1, 11.7, 11.9, 14.5, 13.1, 11.2, 13.1, 13.2, 14.2, 13.9, 15.7, 13.8, 18.4, 12.4, 13.2, 23.4, 15.9, 11.9
476, Trent Forrest , ATL, 25, 26, 13, 13, 257.0, 12.0, 10.3, 12.1, 3.3, 3.7, 11.5, 11.9, 9.4, 17.2, 14.9, 37.1, 15.1, 21.2, 4.2, 10.7, 24.7, 13.8, 9.7
477, Jaxson Hayes , LAL, 23, 55, 31, 24, 633.0, 12.0, 16.1, 11.5, 0.0, 1.9, 16.8, 19.6, 45.7, 20.9, 25.6, 6.8, 13.9, 27.4, 40.7, 22.6, 39.4, 23.9, 14.4
478, Dalen Terry , CHI, 21, 41, 19, 22, 405.0, 12.0, 9.1, 11.2, 13.9, 18.1, 12.8, 14.2, 12.7, 19.0, 17.1, 25.3, 18.3, 20.3, 17.0, 10.0, 29.1, 12.9, 10.1
479, Udoka Azubuike , PHX, 24, 14, 10, 4, 107.0, 11.9, 17.4, 11.7, 0.0, 0.0, 6.7, 16.2, 39.3, 29.2, 32.0, 7.3, 12.5, 8.3, 30.0, 16.7, 39.5, 17.0, 14.1
480, Ish Smith , CHA, 35, 43, 6, 37, 741.0, 11.9, 10.9, 11.5, 2.6, 1.7, 1.5, 1.5, 7.5, 13.8, 12.3, 38.0, 23.0, 18.9, 5.4, 8.3, 17.4, 5.4, 8.8
481, Gary Harris , ORL, 29, 41, 26, 15, 946.0, 11.8, 12.9, 13.6, 27.1, 25.0, 7.0, 7.1, 9.6, 7.9, 8.3, 14.4, 8.2, 23.1, 10.8, 4.0, 16.8, 7.0, 13.2
482, Dereck Lively II , DAL, 20, 45, 26, 19, 1109.0, 11.8, 16.7, 11.3, 0.0, 0.2, 10.2, 14.4, 51.5, 25.6, 31.6, 8.3, 16.2, 20.1, 50.8, 16.7, 32.7, 14.7, 13.7
483, Cody Zeller , NOP, 31, 39, 23, 16, 301.0, 11.8, 9.2, 10.2, 1.2, 1.3, 16.7, 20.5, 48.9, 29.3, 35.4, 22.0, 18.5, 13.1, 31.3, 25.6, 32.1, 28.1, 9.7
484, Jalen Slawson , SAC, 24, 5, 3, 2, 19.0, 11.6, 14.3, 10.3, 0.0, 9.1, 0.0, 0.0, 0.0, 40.0, 28.6, 16.7, 22.2, 0.0, 50.0, 0.0, 25.0, 0.0, 12.1
485, Danuel House Jr. , PHI, 30, 34, 21, 13, 509.0, 11.6, 11.2, 11.2, 16.5, 17.3, 13.6, 15.1, 13.3, 12.2, 12.5, 12.6, 14.6, 13.8, 10.6, 11.1, 18.4, 16.7, 12.2
486, Kendall Brown , IND, 20, 8, 4, 4, 28.0, 11.5, 15.0, 11.8, 0.0, 5.9, 40.0, 42.9, 13.3, 0.0, 6.1, 15.4, 0.0, 0.0, 0.0, 0.0, 33.3, 40.0, 19.2
487, Gabe Vincent , LAL, 27, 5, 2, 3, 127.0, 11.5, 12.1, 14.3, 8.7, 20.0, 1.9, 2.9, 8.7, 3.2, 4.3, 24.2, 4.9, 25.0, 0.0, 9.1, 25.0, 5.0, 9.8
488, Jacob Gilyard , BKN, 25, 37, 10, 27, 654.0, 11.5, 12.0, 12.2, 23.9, 20.7, 1.0, 0.8, 6.1, 9.3, 8.4, 35.9, 15.6, 27.0, 7.5, 5.1, 13.5, 6.3, 12.2
489, Jeff Dowtin Jr. , PHI, 26, 3, 0, 3, 49.0, 11.4, 14.0, 11.0, 30.8, 19.4, 0.0, 0.0, 0.0, 9.1, 6.7, 27.6, 23.1, 37.5, 12.5, 9.1, 0.0, 7.7, 13.9
490, Al Horford , BOS, 37, 53, 41, 12, 1413.0, 11.3, 12.6, 12.6, 16.0, 16.0, 3.9, 3.6, 24.4, 26.4, 26.0, 18.4, 10.3, 16.6, 26.2, 6.9, 16.8, 4.5, 11.9
491, Joe Ingles , ORL, 36, 51, 32, 19, 884.0, 11.3, 10.0, 11.8, 27.3, 23.7, 5.1, 4.9, 9.8, 16.8, 15.1, 29.9, 17.0, 22.1, 4.3, 6.4, 17.9, 5.7, 10.7
492, Larry Nance Jr. , NOP, 31, 46, 27, 19, 864.0, 11.2, 13.5, 11.0, 8.8, 7.7, 9.9, 10.5, 38.6, 27.9, 30.4, 14.9, 15.5, 28.1, 22.8, 13.7, 22.0, 16.7, 12.3
493, JT Thor , CHA, 21, 49, 12, 37, 619.0, 11.2, 11.2, 12.8, 12.9, 14.3, 3.3, 4.9, 25.5, 18.1, 20.0, 6.6, 7.2, 11.0, 36.2, 21.2, 18.2, 5.3, 10.2
494, Jarred Vanderbilt , LAL, 24, 29, 14, 15, 581.0, 11.1, 11.2, 10.8, 5.3, 7.2, 10.9, 12.5, 35.3, 24.1, 26.6, 10.4, 15.2, 29.5, 8.1, 18.8, 22.2, 16.9, 10.5
495, Frank Ntilikina , CHA, 25, 5, 0, 5, 43.0, 11.1, 2.6, 11.0, 5.6, 18.2, 14.3, 9.1, 14.3, 15.6, 15.4, 13.3, 12.5, 0.0, 0.0, 0.0, 22.2, 5.9, 4.6
495, Isaiah Mobley , CLE, 24, 4, 0, 4, 34.0, 11.1, 12.5, 12.3, 9.1, 8.0, 0.0, 0.0, 0.0, 30.0, 24.0, 31.3, 11.1, 20.0, 0.0, 0.0, 25.0, 0.0, 11.3
495, James Johnson , IND, 37, 6, 2, 4, 32.0, 11.1, 5.9, 9.4, 0.0, 4.5, 20.0, 15.4, 10.0, 23.1, 17.4, 26.1, 28.6, 30.8, 100, 33.3, 70.0, 10.0, 7.0
495, Terry Taylor , CHI, 24, 24, 10, 14, 161.0, 11.1, 12.1, 11.6, 6.7, 9.2, 3.9, 4.3, 45.5, 16.4, 23.1, 8.3, 18.4, 14.3, 11.8, 10.0, 27.6, 3.4, 10.5
495, Xavier Moon , LAC, 29, 2, 2, 0, 12.0, 11.1, 12.5, 11.1, 0.0, 9.1, 0.0, 0.0, 0.0, 25.0, 22.2, 60.0, 14.3, 0.0, 0.0, 0.0, 33.3, 0.0, 10.0
500, Amir Coffey , LAC, 26, 51, 36, 15, 966.0, 11.1, 12.8, 12.1, 16.5, 15.1, 11.9, 11.2, 8.9, 12.0, 11.2, 9.6, 7.8, 19.2, 7.4, 10.3, 17.8, 10.8, 13.1
501, Jae'Sean Tate , HOU, 28, 54, 23, 31, 911.0, 11.0, 12.2, 11.8, 8.2, 9.8, 6.5, 7.2, 25.2, 18.6, 20.2, 12.8, 11.2, 22.1, 12.3, 13.1, 29.7, 12.7, 10.8
502, Charles Bassey , SAS, 23, 19, 3, 16, 205.0, 11.0, 15.8, 10.0, 0.0, 0.6, 9.6, 9.0, 46.0, 39.6, 41.3, 17.4, 21.4, 25.0, 60.7, 5.0, 37.8, 14.1, 13.2
503, Luke Kornet , BOS, 28, 45, 34, 11, 662.0, 10.9, 16.8, 11.1, 0.0, 0.0, 15.8, 14.9, 44.8, 19.3, 26.3, 11.2, 10.1, 19.3, 55.0, 15.0, 28.1, 21.8, 14.4
504, Cory Joseph , GSW, 32, 26, 10, 16, 296.0, 10.8, 8.7, 11.5, 13.5, 17.9, 4.0, 5.1, 7.5, 11.7, 10.5, 24.6, 13.5, 10.0, 10.0, 5.1, 18.7, 7.4, 8.7
505, Jae Crowder , MIL, 33, 34, 19, 15, 823.0, 10.7, 11.0, 12.1, 16.0, 16.7, 5.6, 5.9, 13.3, 17.9, 17.0, 11.5, 8.1, 22.5, 9.2, 9.5, 18.9, 7.7, 10.7
506, Isaiah Hartenstein , NYK, 25, 58, 35, 23, 1448.0, 10.7, 12.2, 9.6, 0.3, 0.3, 14.2, 15.7, 50.0, 28.8, 34.6, 16.4, 16.5, 26.5, 45.7, 14.6, 29.1, 16.8, 11.2
507, Kevon Looney , GSW, 28, 61, 33, 28, 1033.0, 10.7, 13.0, 10.1, 0.0, 0.1, 13.1, 15.3, 43.3, 32.5, 35.5, 20.2, 13.6, 19.0, 27.8, 23.7, 31.8, 15.5, 11.2
508, Juan Toscano-Anderson , SAC, 30, 11, 7, 4, 53.0, 10.6, 7.5, 12.9, 7.7, 10.0, 0.0, 0.0, 22.2, 22.7, 22.6, 14.3, 9.1, 16.7, 10.0, 66.7, 42.3, 0.0, 6.4
509, Reggie Bullock Jr. , HOU, 32, 26, 12, 14, 226.0, 10.6, 10.6, 12.4, 29.1, 26.8, 1.5, 1.1, 5.1, 19.3, 15.6, 9.2, 7.8, 12.1, 9.1, 3.3, 17.0, 3.8, 11.4
510, Wendell Moore Jr. , MIN, 22, 15, 11, 4, 46.0, 10.6, 12.8, 11.6, 0.0, 11.1, 0.0, 0.0, 0.0, 18.8, 15.0, 9.1, 15.8, 50.0, 25.0, 0.0, 18.2, 0.0, 9.9
511, Wesley Matthews , ATL, 37, 24, 6, 18, 254.0, 10.6, 7.5, 10.5, 13.2, 16.8, 12.2, 14.3, 8.9, 17.3, 15.5, 11.7, 10.5, 25.6, 23.1, 6.3, 24.6, 14.5, 9.1
512, Matisse Thybulle , POR, 27, 60, 17, 43, 1401.0, 10.5, 10.4, 11.7, 21.9, 22.3, 4.4, 4.8, 9.5, 11.7, 11.1, 11.8, 8.8, 39.7, 30.6, 6.2, 15.2, 7.0, 10.7
513, Sidy Cissoko , SAS, 19, 6, 1, 5, 32.0, 10.5, 3.7, 9.4, 0.0, 13.8, 25.0, 19.0, 0.0, 22.2, 16.2, 0.0, 11.1, 37.5, 0.0, 25.0, 18.2, 15.4, 7.8
514, Bismack Biyombo , OKC, 31, 35, 17, 18, 750.0, 10.4, 10.5, 8.8, 0.0, 0.0, 11.6, 17.0, 36.1, 25.8, 28.3, 13.3, 17.4, 10.8, 36.5, 12.9, 27.7, 16.0, 9.3
515, Joe Harris , DET, 32, 16, 4, 12, 170.0, 10.4, 9.9, 12.6, 23.8, 25.4, 1.5, 2.3, 7.5, 9.6, 9.0, 11.4, 7.3, 13.6, 8.7, 16.7, 22.4, 5.5, 10.0
516, Robert Covington , PHI, 33, 29, 20, 9, 488.0, 10.4, 10.3, 11.2, 15.6, 17.6, 11.1, 11.1, 26.5, 19.8, 21.5, 9.6, 7.7, 36.8, 32.7, 11.5, 26.2, 10.2, 11.0
517, Kobe Brown , LAC, 24, 34, 25, 9, 285.0, 10.2, 10.0, 12.0, 16.4, 20.1, 1.0, 1.6, 12.3, 20.8, 18.1, 12.1, 8.6, 17.1, 10.7, 11.1, 30.6, 2.9, 9.4
518, Maxwell Lewis , LAL, 21, 23, 11, 12, 76.0, 10.2, 7.0, 10.1, 10.0, 6.5, 0.0, 0.0, 8.3, 3.5, 4.3, 10.3, 18.9, 25.0, 0.0, 14.3, 12.5, 4.0, 5.6
519, Maxi Kleber , DAL, 32, 27, 14, 13, 589.0, 10.1, 8.7, 10.1, 10.6, 13.4, 7.8, 9.3, 19.8, 19.5, 19.6, 15.3, 12.9, 11.7, 38.0, 7.5, 24.9, 11.9, 8.8
520, Dean Wade , CLE, 27, 54, 36, 18, 1108.0, 10.1, 10.3, 11.6, 24.8, 23.2, 5.1, 5.0, 15.0, 22.3, 20.6, 6.9, 6.7, 21.5, 21.0, 2.5, 23.9, 8.2, 11.3
521, Leaky Black , CHA, 24, 22, 1, 21, 218.0, 10.1, 9.6, 9.8, 14.3, 10.3, 13.0, 15.7, 18.2, 20.3, 19.8, 18.9, 8.3, 20.8, 23.1, 22.7, 20.0, 14.7, 10.6
522, Pat Connaughton , MIL, 31, 59, 38, 21, 1280.0, 10.0, 10.4, 10.9, 18.4, 17.8, 5.2, 5.5, 15.4, 17.6, 17.1, 16.1, 10.9, 16.8, 13.0, 6.5, 13.8, 7.9, 10.4
523, R.J. Hampton , WAS, 23, 8, 3, 5, 76.0, 9.8, 6.0, 10.1, 4.8, 13.3, 3.1, 4.4, 14.3, 6.5, 7.9, 20.0, 15.8, 0.0, 0.0, 11.1, 30.8, 3.3, 5.3
524, Justin Holiday , DEN, 34, 40, 25, 15, 587.0, 9.8, 10.9, 11.5, 25.2, 23.3, 1.6, 1.6, 5.0, 11.1, 9.6, 13.2, 6.0, 24.5, 7.1, 0.0, 20.7, 3.2, 11.1
525, John Konchar , MEM, 27, 49, 16, 33, 981.0, 9.7, 9.7, 10.0, 11.2, 13.0, 5.7, 5.1, 28.6, 23.9, 25.1, 17.9, 11.3, 25.0, 30.9, 6.6, 16.9, 9.1, 9.3
526, Garrison Mathews , ATL, 27, 48, 22, 26, 628.0, 9.6, 9.9, 10.6, 25.4, 21.4, 6.1, 6.6, 10.7, 12.1, 11.7, 5.8, 8.2, 12.9, 8.9, 5.2, 30.3, 16.4, 11.3
527, Darius Bazley , PHI, 23, 3, 0, 3, 10.0, 9.5, 0.0, 6.7, 0.0, 0.0, 0.0, 0.0, 0.0, 25.0, 20.0, 28.6, 33.3, 0.0, 0.0, 100, 0.0, 0.0, 0.0
528, Andre Jackson Jr. , MIL, 22, 48, 30, 18, 504.0, 9.5, 10.4, 9.7, 9.9, 9.9, 4.1, 4.5, 35.0, 17.4, 21.5, 16.1, 14.9, 20.9, 8.0, 4.8, 32.9, 5.5, 9.3
529, Dariq Whitehead , BKN, 19, 2, 1, 1, 24.0, 9.4, 4.5, 10.0, 0.0, 16.7, 8.3, 14.3, 0.0, 28.6, 19.0, 20.0, 0.0, 0.0, 50.0, 14.3, 0.0, 12.5, 4.9
530, Justin Minaya , POR, 24, 21, 1, 20, 162.0, 9.4, 5.8, 9.8, 12.1, 16.4, 5.5, 7.6, 18.9, 11.5, 14.1, 12.9, 9.4, 20.0, 41.7, 9.1, 18.6, 9.4, 6.4
531, Mitchell Robinson , NYK, 25, 21, 12, 9, 613.0, 9.3, 11.3, 8.6, 0.0, 0.0, 6.1, 12.2, 60.2, 25.5, 36.4, 5.1, 12.4, 33.7, 71.1, 15.7, 20.2, 14.4, 9.0
532, Jermaine Samuels Jr. , HOU, 25, 11, 6, 5, 53.0, 9.2, 16.0, 11.3, 0.0, 6.1, 12.5, 9.1, 18.2, 24.3, 22.9, 8.0, 0.0, 16.7, 20.0, 25.0, 16.7, 17.6, 14.6
533, Tosan Evbuomwan , DET, 23, 6, 0, 6, 90.0, 9.2, 10.1, 11.0, 10.3, 11.3, 0.0, 0.0, 38.1, 15.4, 21.9, 12.5, 3.4, 10.0, 12.5, 11.1, 18.2, 13.6, 9.3
534, Dwight Powell , DAL, 32, 52, 30, 22, 748.0, 9.0, 10.2, 7.0, 0.4, 0.3, 19.6, 21.6, 51.6, 21.0, 28.6, 19.0, 14.5, 20.2, 42.2, 18.3, 33.3, 27.1, 10.5
535, Jordan Walsh , BOS, 20, 4, 4, 0, 33.0, 9.0, 3.2, 7.9, 0.0, 10.3, 0.0, 0.0, 16.7, 29.0, 25.6, 10.5, 20.0, 28.6, 33.3, 0.0, 35.7, 0.0, 2.5
536, Nicolas Batum , PHI, 35, 43, 26, 17, 1053.0, 8.4, 8.8, 8.9, 19.1, 16.8, 3.0, 3.4, 21.6, 16.8, 18.0, 15.7, 10.8, 17.7, 20.7, 0.0, 19.5, 5.3, 8.8
537, Mouhamed Gueye , ATL, 21, 2, 2, 0, 4.0, 8.3, 0.0, 16.7, 0.0, 33.3, 0.0, 0.0, 0.0, 0.0, 0.0, 0.0, 0.0, 50.0, 0.0, 0.0, 50.0, 0.0, 0.0
537, Otto Porter Jr. , UTA, 30, 15, 6, 9, 174.0, 8.3, 9.2, 10.0, 18.6, 17.7, 4.1, 3.3, 15.0, 18.4, 17.6, 7.7, 3.9, 14.3, 25.0, 13.3, 27.1, 2.8, 9.2
539, Ibou Badji , POR, 21, 18, 5, 13, 203.0, 7.9, 8.3, 5.4, 0.0, 0.0, 6.6, 9.7, 43.2, 22.8, 28.1, 17.3, 19.2, 9.1, 62.5, 12.0, 42.0, 14.1, 7.2
540, Vit Krejci , ATL, 23, 4, 2, 2, 50.0, 7.7, 4.5, 8.6, 12.5, 16.2, 0.0, 0.0, 5.9, 7.4, 6.8, 27.6, 6.3, 37.5, 20.0, 7.1, 15.4, 6.7, 5.3
541, Taj Gibson , DET, 38, 16, 7, 9, 165.0, 7.7, 5.1, 7.6, 0.0, 5.0, 4.3, 3.8, 43.5, 14.5, 19.0, 14.5, 12.8, 9.1, 54.5, 5.9, 39.4, 5.2, 4.5
542, Ryan Arcidiacono , NYK, 29, 20, 15, 5, 45.0, 7.4, 0.0, 8.0, 0.0, 15.0, 0.0, 0.0, 0.0, 21.6, 17.8, 22.2, 11.8, 20.0, 0.0, 0.0, 35.7, 22.2, 0.0
543, Nathan Mensah , CHA, 25, 25, 3, 22, 307.0, 6.8, 5.5, 5.2, 0.0, 0.0, 8.9, 9.4, 50.0, 19.4, 26.6, 7.6, 14.4, 14.3, 50.0, 5.3, 47.4, 16.7, 5.5
544, Micah Potter , UTA, 25, 2, 1, 1, 7.0, 6.3, 0.0, 9.1, 0.0, 14.3, 0.0, 0.0, 0.0, 100, 80.0, 0.0, 0.0, 0.0, 0.0, 0.0, 0.0, 0.0, 0.0
545, Jericho Sims , NYK, 25, 37, 23, 14, 511.0, 6.1, 9.5, 5.6, 0.0, 0.0, 9.4, 11.4, 35.7, 23.4, 27.0, 9.3, 8.6, 10.6, 41.5, 3.2, 22.1, 11.5, 8.3
546, Marques Bolden , CHA, 25, 4, 2, 2, 16.0, 5.3, 0.0, 3.6, 0.0, 0.0, 0.0, 0.0, 0.0, 23.1, 23.1, 0.0, 25.0, 0.0, 0.0, 0.0, 40.0, 14.3, 0.0
547, P.J. Tucker , LAC, 38, 19, 7, 12, 295.0, 5.1, 3.8, 5.4, 7.9, 10.3, 2.9, 2.4, 30.0, 16.2, 19.7, 7.5, 7.3, 16.7, 12.9, 2.9, 29.2, 7.9, 4.1
548, Danny Green , PHI, 36, 2, 1, 1, 18.0, 4.3, 0.0, 5.7, 0.0, 7.7, 0.0, 0.0, 0.0, 15.4, 12.5, 7.7, 0.0, 50.0, 0.0, 0.0, 12.5, 0.0, 0.0
549, Usman Garuba , GSW, 22, 3, 2, 1, 8.0, 4.2, 0.0, 7.1, 0.0, 0.0, 0.0, 0.0, 33.3, 0.0, 16.7, 33.3, 0.0, 100, 0.0, 33.3, 50.0, 0.0, 0.0
550, Javonte Smart , PHI, 24, 1, 1, 0, 1.0, 0.0, 0.0, 0.0, 0.0, 0.0, 0.0, 0.0, 0.0, 0.0, 0.0, 0.0, 0.0, 0.0, 0.0, 0.0, 0.0, 0.0, 0.0
550, Justin Jackson , MIN, 28, 2, 2, 0, 1.0, 0.0, 0.0, 0.0, 0.0, 0.0, 0.0, 0.0, 0.0, 0.0, 0.0, 0.0, 0.0, 0.0, 0.0, 0.0, 0.0, 0.0, 0.0
550, Malcolm Cazalon , DET, 22, 1, 0, 1, 3.0, 0.0, 0.0, 0.0, 0.0, 0.0, 0.0, 0.0, 0.0, 0.0, 0.0, 0.0, 0.0, 0.0, 0.0, 0.0, 0.0, 0.0, 0.0
550, Pat Spencer , GSW, 27, 2, 0, 2, 3.0, 0.0, 0.0, 0.0, 0.0, 0.0, 0.0, 0.0, 0.0, 0.0, 0.0, 100, 0.0, 0.0, 0.0, 0.0, 0.0, 0.0, 0.0
550, Ron Harper Jr. , TOR, 23, 1, 1, 0, 4.0, 0.0, 0.0, 0.0, 0.0, 0.0, 0.0, 0.0, 0.0, 0.0, 0.0, 33.3, 0.0, 0.0, 0.0, 0.0, 33.3, 0.0, 0.0